step,type,amount,nameOrig,oldbalanceOrg,newbalanceOrig,nameDest,oldbalanceDest,newbalanceDest,isFraud,isFlaggedFraud
1,CASH_IN,628719.07,C2022689531,2726760.74,3355479.81,C1359044626,1484768.73,16518.36,0,0
1,PAYMENT,2645.88,C1957282992,94.0,0.0,M140428850,0.0,0.0,0,0
1,CASH_OUT,422125.99,C742568993,0.0,0.0,C716083600,2218454.85,2444985.19,0,0
1,PAYMENT,4489.66,C388623360,601273.0,596783.34,M1744032146,0.0,0.0,0,0
1,TRANSFER,92236.11,C2016142571,59627.3,0.0,C1749186397,272537.66,86070.17,0,0
1,PAYMENT,3065.84,C435626542,1812825.01,1809759.18,M1064456966,0.0,0.0,0,0
2,PAYMENT,3021.67,C1385352906,10215.0,7193.33,M332998175,0.0,0.0,0,0
2,PAYMENT,979.03,C1291832417,0.0,0.0,M1131673199,0.0,0.0,0,0
3,CASH_OUT,93427.95,C547305607,620.0,0.0,C1538745405,270110.78,139849.81,0,0
5,PAYMENT,612.19,C508397424,30365.0,29752.81,M1532728609,0.0,0.0,0,0
6,CASH_OUT,26768.5,C682812632,26768.5,0.0,C256417920,101976.0,128744.5,1,0
6,TRANSFER,53627.09,C1621729085,289.0,0.0,C490766432,0.0,53627.09,0,0
6,CASH_OUT,228693.31,C1958403865,30003.0,0.0,C1592415783,17515.23,246208.54,0,0
6,CASH_OUT,100729.18,C1479645341,0.0,0.0,C146305349,204669.46,305398.63,0,0
6,CASH_OUT,385123.59,C1892771928,98830.87,0.0,C1334973394,607328.0,982743.75,0,0
7,PAYMENT,4996.41,C2069232771,29699.68,24703.27,M907409625,0.0,0.0,0,0
7,PAYMENT,7788.88,C424305981,58336.69,50547.82,M1510145189,0.0,0.0,0,0
7,PAYMENT,9910.63,C649499852,0.0,0.0,M863737126,0.0,0.0,0,0
7,CASH_IN,305777.01,C4077253,705826.48,1011603.49,C1935506329,420974.64,0.0,0,0
7,CASH_OUT,253932.77,C354892520,0.0,0.0,C2059996587,322941.28,1216696.84,0,0
7,PAYMENT,6487.33,C1335222870,15535.0,9047.67,M1221878786,0.0,0.0,0,0
7,DEBIT,1578.71,C1608801515,128307.0,126728.29,C1731824557,11962.0,0.0,0,0
7,PAYMENT,893.48,C96036537,3038.0,2144.52,M1615613068,0.0,0.0,0,0
7,PAYMENT,7854.56,C2135351637,0.0,0.0,M913816048,0.0,0.0,0,0
7,PAYMENT,17965.74,C1030937389,0.0,0.0,M363019648,0.0,0.0,0,0
8,PAYMENT,1895.98,C621801124,72984.0,71088.02,M1514730113,0.0,0.0,0,0
8,PAYMENT,23123.11,C1002355975,58515.52,35392.4,M773658611,0.0,0.0,0,0
8,PAYMENT,16588.78,C1843858914,21913.0,5324.22,M1044906440,0.0,0.0,0,0
8,CASH_OUT,187128.21,C537570913,28384.0,0.0,C1744423762,0.0,24081.92,0,0
8,PAYMENT,9579.41,C87782784,224156.0,214576.59,M510211704,0.0,0.0,0,0
8,CASH_OUT,302067.04,C45228556,0.0,0.0,C1300519073,1059148.24,807759.84,0,0
8,CASH_IN,74857.01,C1755551217,4227022.46,4301879.47,C309167705,543192.86,102587.94,0,0
8,PAYMENT,3637.73,C1869412309,159903.94,156266.21,M330590464,0.0,0.0,0,0
8,PAYMENT,14203.72,C1008261936,0.0,0.0,M455255932,0.0,0.0,0,0
8,CASH_OUT,257616.11,C1343100398,0.0,0.0,C257999182,8453776.67,14960679.69,0,0
8,PAYMENT,23555.96,C293715624,184391.1,160835.14,M1262407347,0.0,0.0,0,0
8,CASH_IN,288377.14,C1914564647,38562.0,326939.14,C2075521461,43268.0,0.0,0,0
8,TRANSFER,2078426.24,C1142810111,472304.49,0.0,C1247600089,5149860.15,6965916.76,0,0
8,CASH_OUT,382451.68,C71096332,550.0,0.0,C1971344738,0.0,653994.87,0,0
8,CASH_OUT,141742.77,C1235373758,191.0,0.0,C1689840534,3406.8,113153.73,0,0
8,CASH_IN,360890.03,C994093246,1957146.7,2318036.73,C900425684,995501.07,1165471.56,0,0
8,CASH_IN,97098.81,C1265530353,13045941.81,13143040.62,C2137848242,1137739.32,3939899.41,0,0
8,CASH_OUT,120448.38,C1339883288,25843.0,0.0,C1875507388,10290.0,0.0,0,0
8,PAYMENT,1538.69,C1879882047,0.0,0.0,M414173666,0.0,0.0,0,0
8,PAYMENT,977.27,C1521760857,13530.0,12552.73,M546810539,0.0,0.0,0,0
8,CASH_OUT,193425.39,C1992616176,92945.74,0.0,C562195832,869111.0,1238112.15,0,0
8,PAYMENT,5943.96,C255492432,627402.49,621458.53,M47525741,0.0,0.0,0,0
8,PAYMENT,7219.37,C380306849,0.0,0.0,M979565177,0.0,0.0,0,0
8,CASH_IN,261009.06,C1430096317,7175.0,268184.06,C280226418,0.0,0.0,0,0
8,CASH_IN,177397.37,C1779927120,4361798.3,4539195.67,C1983025922,181954.89,55701.65,0,0
8,PAYMENT,8329.78,C669692276,1635368.72,1627038.95,M1918879588,0.0,0.0,0,0
8,CASH_IN,69368.89,C1990507267,49395.0,118763.89,C851772371,798828.98,729460.09,0,0
8,CASH_OUT,67836.83,C405629654,0.0,0.0,C1896985362,402350.5,470187.33,0,0
8,PAYMENT,6725.51,C359546318,574.0,0.0,M1736640040,0.0,0.0,0,0
8,TRANSFER,589109.42,C468430240,35639.0,0.0,C220766773,16463.02,148770.89,0,0
8,PAYMENT,1259.79,C948771892,270381.79,269122.0,M795696383,0.0,0.0,0,0
8,CASH_OUT,77824.74,C1755228778,0.0,0.0,C1659797072,544868.45,0.0,0,0
8,CASH_OUT,142345.12,C388295157,0.0,0.0,C1684776894,411370.62,553715.73,0,0
8,TRANSFER,2068058.62,C619477687,349596.1,0.0,C780003722,165570.98,2233629.6,0,0
8,PAYMENT,5087.25,C1942380497,41759.0,36671.75,M413141393,0.0,0.0,0,0
8,CASH_OUT,65725.59,C1112101951,1629699.03,1563973.44,C126129101,117128.0,286118.45,0,0
8,PAYMENT,3906.63,C1162858921,735984.94,732078.32,M486172197,0.0,0.0,0,0
8,PAYMENT,16805.56,C1062515409,44526.57,27721.0,M275114572,0.0,0.0,0,0
9,TRANSFER,113007.6,C1830416122,0.0,0.0,C1514834483,177511.76,550806.69,0,0
9,CASH_OUT,33035.18,C953922549,0.0,0.0,C1652098016,151078.0,0.0,0,0
9,CASH_OUT,317708.71,C1014967984,0.0,0.0,C812672147,7700507.66,9226064.61,0,0
9,PAYMENT,18711.05,C316847447,59847.0,41135.95,M1508460994,0.0,0.0,0,0
9,TRANSFER,1855970.05,C1857877908,107035.25,0.0,C749013731,7518464.29,9374434.33,0,0
9,TRANSFER,309322.29,C708774644,0.0,0.0,C290945720,455892.27,765214.56,0,0
9,CASH_OUT,29970.7,C817553672,83915.0,53944.3,C681101640,113090.28,143060.98,0,0
9,CASH_OUT,75652.04,C2041199368,21478.0,0.0,C875815960,0.0,75652.04,0,0
9,PAYMENT,4346.51,C252233609,183366.31,179019.8,M1890261033,0.0,0.0,0,0
9,PAYMENT,29597.08,C1880287241,0.0,0.0,M1316037855,0.0,0.0,0,0
9,CASH_OUT,113542.81,C1921563879,995560.81,882018.0,C881679971,9002.24,213362.59,0,0
9,CASH_OUT,80757.32,C1411553285,0.0,0.0,C1022896347,126717.26,171908.47,0,0
9,PAYMENT,20650.05,C360993821,0.0,0.0,M1347878433,0.0,0.0,0,0
9,CASH_IN,350841.35,C60800151,10579588.98,10930430.33,C365212068,4355358.55,4639019.26,0,0
9,CASH_OUT,171207.65,C1303921462,11529.0,0.0,C1767735686,3723963.73,3879159.97,0,0
9,CASH_OUT,114240.94,C661456824,0.0,0.0,C1428539340,1582004.13,1574879.17,0,0
9,CASH_OUT,338732.75,C1655010092,0.0,0.0,C417662216,351982.04,732979.35,0,0
9,CASH_IN,24460.43,C443744163,618768.61,643229.04,C1349897882,31208.0,981925.84,0,0
9,CASH_OUT,127117.43,C809210705,149881.64,22764.22,C147647618,4427995.63,6435391.63,0,0
9,TRANSFER,2343080.2,C517921103,0.0,0.0,C1325038895,3407889.29,6294231.57,0,0
9,CASH_OUT,368719.63,C2098262024,42.0,0.0,C1803715841,200753.27,0.0,0,0
9,CASH_OUT,221655.11,C79874105,54808.0,0.0,C560829524,222268.28,676702.36,0,0
9,DEBIT,8160.72,C1537287881,26097.0,17936.28,C1233472915,72474.65,176700.27,0,0
9,CASH_IN,271402.31,C1709412656,5772412.61,6043814.92,C1825174365,7221864.59,9037713.25,0,0
9,PAYMENT,4684.4,C237044472,12369.0,7684.6,M903996332,0.0,0.0,0,0
9,CASH_IN,292583.85,C108256964,258712.19,551296.05,C439078113,4267316.32,5327928.14,0,0
9,CASH_OUT,295354.96,C894800672,26791.0,0.0,C1284792861,574788.25,751505.6,0,0
9,CASH_IN,3945.6,C1590811661,7731999.67,7735945.27,C2109641245,16694.0,0.0,0,0
9,CASH_OUT,211795.16,C257252943,516758.07,304962.91,C1873099533,917836.03,1201774.06,0,0
9,CASH_OUT,724495.45,C1691526128,0.0,0.0,C1742517297,1975870.95,3137191.15,0,0
9,CASH_OUT,76164.4,C1573473598,0.0,0.0,C634685008,281626.19,357790.6,0,0
9,CASH_IN,164559.72,C911571608,5511459.39,5676019.11,C1469466000,293164.48,0.0,0,0
9,CASH_OUT,93872.91,C237200256,83135.0,0.0,C1187026769,0.0,93872.91,0,0
9,CASH_OUT,162169.9,C244798969,11315.0,0.0,C1848586606,107805.0,12739.45,0,0
9,CASH_OUT,252613.21,C1770910185,50088.0,0.0,C1989511207,0.0,81201.8,0,0
9,TRANSFER,2694402.67,C522147727,0.0,0.0,C815264031,3126233.65,9051539.23,0,0
9,PAYMENT,17259.85,C1925863791,171351.41,154091.56,M1911165753,0.0,0.0,0,0
9,CASH_OUT,60955.13,C422489528,0.0,0.0,C1711566460,152544.33,402846.29,0,0
9,CASH_OUT,97116.69,C276104529,0.0,0.0,C985934102,10017045.08,10649537.45,0,0
9,CASH_IN,87344.03,C106588852,8623430.88,8710774.91,C1117822937,731135.53,702846.26,0,0
9,CASH_IN,93470.21,C1618971033,13976.0,107446.21,C268655949,49752.0,0.0,0,0
9,PAYMENT,15519.92,C1142826686,0.0,0.0,M552825377,0.0,0.0,0,0
9,CASH_OUT,244348.95,C821735702,20277.0,0.0,C1700603554,201313.0,785008.53,0,0
9,CASH_OUT,136851.06,C838077541,0.0,0.0,C853932876,734418.05,1495504.61,0,0
10,TRANSFER,100087.33,C1144985505,368640.52,268553.19,C1101411123,408185.04,508272.37,0,0
10,CASH_IN,226087.17,C1618650129,1343425.6,1569512.76,C985004233,1500458.84,1274371.67,0,0
10,CASH_OUT,432902.07,C554657674,143231.0,0.0,C1041778507,0.0,541072.61,0,0
10,CASH_OUT,84968.82,C1000287699,53409.0,0.0,C1698322543,68387.26,0.0,0,0
10,CASH_OUT,125542.2,C1538815232,0.0,0.0,C75629578,1749814.85,1828873.99,0,0
10,PAYMENT,48.34,C387324441,99251.08,99202.74,M1381893419,0.0,0.0,0,0
10,PAYMENT,4213.13,C45770627,21048.0,16834.87,M144270544,0.0,0.0,0,0
10,PAYMENT,21626.85,C307197924,10818.78,0.0,M1450753007,0.0,0.0,0,0
10,PAYMENT,32038.23,C1907325627,290043.71,258005.48,M1788124164,0.0,0.0,0,0
10,PAYMENT,36111.73,C2042521824,0.0,0.0,M1589092834,0.0,0.0,0,0
10,CASH_OUT,387152.19,C1445102001,382984.0,0.0,C2116873183,8352311.61,8665213.82,0,0
10,CASH_OUT,112216.39,C1442595313,0.0,0.0,C935168091,413153.39,498644.14,0,0
10,CASH_IN,19898.68,C1590582881,742.0,20640.68,C1860564101,0.0,0.0,0,0
10,PAYMENT,2015.13,C1371210633,0.0,0.0,M259213242,0.0,0.0,0,0
10,CASH_OUT,569141.64,C1802955041,22588.0,0.0,C2119233209,0.0,3270540.29,0,0
10,PAYMENT,14352.06,C1766189998,1699805.32,1685453.25,M1825501170,0.0,0.0,0,0
10,CASH_OUT,25780.85,C1793011390,0.0,0.0,C761050956,1603362.73,1629143.58,0,0
10,CASH_IN,105941.05,C1334865272,30606.0,136547.05,C1542907328,0.0,0.0,0,0
10,PAYMENT,15043.95,C711422663,0.0,0.0,M98011422,0.0,0.0,0,0
10,CASH_OUT,133969.48,C1090255406,0.0,0.0,C14437475,991639.02,1125608.5,0,0
10,CASH_OUT,149830.36,C1198560331,0.0,0.0,C335151605,475399.99,642798.41,0,0
10,CASH_OUT,77085.32,C1139299330,0.0,0.0,C2032075009,664394.59,741479.92,0,0
10,CASH_OUT,54226.05,C393813532,0.0,0.0,C298492445,5241770.84,5295996.89,0,0
10,CASH_OUT,147609.51,C15806116,161.0,0.0,C1773193745,58143.76,205753.27,0,0
10,CASH_IN,353599.71,C1399696313,20665.0,374264.71,C1872129696,424072.79,70473.08,0,0
10,TRANSFER,1961359.83,C1106604604,445548.56,0.0,C339254743,4093242.37,6162537.75,0,0
10,CASH_OUT,328982.16,C1420115749,1012.0,0.0,C1460346967,165780.2,815312.3,0,0
10,PAYMENT,25729.25,C1023555900,0.0,0.0,M1043109277,0.0,0.0,0,0
10,CASH_OUT,487673.8,C1203154726,49552.0,0.0,C320227914,439281.48,2361754.39,0,0
10,CASH_OUT,254921.68,C1437764170,312694.96,57773.28,C178284655,7347570.19,8890416.3,0,0
10,PAYMENT,5971.15,C395372649,52939.0,46967.85,M659782797,0.0,0.0,0,0
10,TRANSFER,1227420.21,C193318944,0.0,0.0,C1416283760,1280847.36,2508267.57,0,0
10,TRANSFER,823454.41,C1802783592,567.0,0.0,C4083263,571.0,189954.97,0,0
10,PAYMENT,883.18,C240539602,0.0,0.0,M1681974863,0.0,0.0,0,0
10,TRANSFER,997920.33,C728821920,582157.9,0.0,C1943218658,1847119.22,2565714.84,0,0
10,CASH_OUT,116416.56,C898551518,0.0,0.0,C807931439,239752.4,786350.58,0,0
10,CASH_OUT,290404.92,C2079225165,918.0,0.0,C1646118461,0.0,107617.94,0,0
10,PAYMENT,8990.18,C45349449,525529.19,516539.01,M1808364394,0.0,0.0,0,0
10,PAYMENT,11103.26,C1221371562,790175.76,779072.5,M1693112412,0.0,0.0,0,0
10,CASH_OUT,70172.97,C636489282,0.0,0.0,C2072347016,140158.67,210331.64,0,0
10,CASH_IN,112301.61,C915992702,31427664.68,31539966.29,C601779292,491279.27,1058984.09,0,0
10,CASH_OUT,51250.17,C2127576798,50459.0,0.0,C1413651097,337791.4,604960.87,0,0
10,CASH_OUT,403381.08,C499676366,47266.0,0.0,C548005035,75424.82,0.0,0,0
10,CASH_OUT,5723.21,C478816771,62799.0,57075.79,C2102549317,2851534.14,3854695.74,0,0
10,CASH_IN,174925.13,C977854140,263100.0,438025.13,C297484187,714035.98,799102.87,0,0
10,PAYMENT,24600.99,C2143358064,42722.17,18121.18,M44628384,0.0,0.0,0,0
10,PAYMENT,26962.21,C1055861043,806342.44,779380.23,M362618844,0.0,0.0,0,0
10,CASH_OUT,291511.51,C2033662625,14352.65,0.0,C339099861,613341.3,905136.36,0,0
10,PAYMENT,35918.75,C1002599871,0.0,0.0,M7155536,0.0,0.0,0,0
10,CASH_OUT,35615.39,C1809137360,1083.0,0.0,C902862816,87089.0,0.0,0,0
10,PAYMENT,1617.94,C1838665846,216742.26,215124.33,M1721007367,0.0,0.0,0,0
10,CASH_OUT,112426.24,C1551450078,49133.0,0.0,C2024085573,838540.65,950966.88,0,0
10,TRANSFER,325717.9,C466591345,0.0,0.0,C1390358265,841912.89,2417149.49,0,0
10,PAYMENT,568.34,C1648815428,222132.68,221564.35,M1043496570,0.0,0.0,0,0
10,CASH_IN,339584.83,C1887572080,394.0,339978.83,C469716915,0.0,0.0,0,0
10,PAYMENT,2359.39,C1520878374,63912.0,61552.61,M827736053,0.0,0.0,0,0
10,CASH_OUT,221161.69,C1894025021,91190.0,0.0,C91706887,1115519.74,1336681.43,0,0
10,PAYMENT,2445.14,C1300420953,0.0,0.0,M51805079,0.0,0.0,0,0
10,CASH_OUT,398591.2,C300208970,2858191.18,2459599.98,C536421137,4168824.53,4337272.39,0,0
10,PAYMENT,24121.88,C1987495861,0.0,0.0,M567899694,0.0,0.0,0,0
10,CASH_IN,78797.09,C1376971111,34102.0,112899.09,C1347751105,96012.17,0.0,0,0
10,CASH_OUT,186657.38,C1070887576,28325.0,0.0,C1335902501,0.0,186657.38,0,0
10,CASH_OUT,590648.89,C184943515,31817.0,0.0,C241332149,39921.0,1088041.3,0,0
10,CASH_IN,79775.64,C1603544967,24667.0,104442.64,C1867188213,0.0,0.0,0,0
10,CASH_IN,193593.49,C834145728,2722024.39,2915617.88,C1838584624,12429554.35,11913293.28,0,0
10,PAYMENT,12877.26,C1766244950,1505.0,0.0,M834448441,0.0,0.0,0,0
10,TRANSFER,15412.65,C152381747,0.0,0.0,C2099688336,289554.37,258416.78,0,0
10,CASH_IN,125701.14,C1390956000,245.0,125946.14,C1117694242,8572.69,0.0,0,0
11,CASH_IN,179359.4,C662599946,108.0,179467.4,C2013020089,290.0,0.0,0,0
11,PAYMENT,10037.82,C249868641,23218.0,13180.18,M187514442,0.0,0.0,0,0
11,PAYMENT,22197.76,C1746544039,5559.0,0.0,M2118229333,0.0,0.0,0,0
11,PAYMENT,10436.61,C538883566,0.0,0.0,M486275684,0.0,0.0,0,0
11,CASH_OUT,29495.94,C554788237,78222.0,48726.06,C1166619213,15088.0,44583.94,0,0
11,CASH_OUT,127856.29,C1421890159,542775.8,414919.51,C164068556,14906916.25,15139292.82,0,0
11,CASH_IN,442732.9,C1300350964,0.0,442732.9,C562238675,147456.83,265756.2,0,0
11,CASH_IN,43337.62,C209152655,881489.1,924826.72,C956986674,2638653.22,2595315.6,0,0
11,PAYMENT,6905.0,C72520291,353366.0,346461.0,M1283041301,0.0,0.0,0,0
11,CASH_OUT,86542.0,C909299049,0.0,0.0,C2057479937,114765.54,120972.72,0,0
11,CASH_IN,77358.92,C1581315634,504046.96,581405.88,C495398308,2631446.09,2689350.78,0,0
11,PAYMENT,17635.96,C668324225,0.0,0.0,M1360108869,0.0,0.0,0,0
11,PAYMENT,10617.96,C118060277,518023.67,507405.71,M600077784,0.0,0.0,0,0
11,CASH_OUT,18347.92,C142621746,22554.0,4206.08,C1369248292,1232245.11,1250593.03,0,0
11,TRANSFER,1973734.58,C1760157843,2085055.41,111320.82,C1039162432,10627121.67,12864576.82,0,0
11,CASH_OUT,114133.55,C573469722,0.0,0.0,C611855891,672448.74,786582.29,0,0
11,PAYMENT,16276.84,C841723512,0.0,0.0,M1056543837,0.0,0.0,0,0
11,PAYMENT,7688.42,C1324787655,111532.0,103843.58,M384213575,0.0,0.0,0,0
11,PAYMENT,15688.28,C788475369,267998.0,252309.72,M95141521,0.0,0.0,0,0
11,PAYMENT,6077.18,C1600787642,742772.98,736695.8,M1890241600,0.0,0.0,0,0
11,CASH_OUT,41143.27,C1710203369,40589.0,0.0,C1607054435,948806.08,989949.35,0,0
11,CASH_OUT,171680.7,C1447143494,0.0,0.0,C669244570,781925.05,953605.75,0,0
11,CASH_IN,127257.33,C661992383,2388561.97,2515819.3,C148954081,354132.03,226874.7,0,0
11,CASH_OUT,282945.93,C974921011,0.0,0.0,C23587508,1565083.61,1848029.53,0,0
11,TRANSFER,921449.64,C1593341187,0.0,0.0,C743528393,4703275.25,5624724.9,0,0
11,TRANSFER,512628.73,C1981647512,0.0,0.0,C357971780,848604.22,2260631.56,0,0
11,CASH_OUT,169917.76,C2006951809,0.0,0.0,C506386263,4005604.56,4895747.21,0,0
11,PAYMENT,35537.79,C1674937499,21356.0,0.0,M847636543,0.0,0.0,0,0
11,CASH_OUT,106164.49,C1107074344,5091.0,0.0,C714763296,415698.31,942539.46,0,0
11,PAYMENT,16305.81,C883793887,15386.0,0.0,M1359881139,0.0,0.0,0,0
11,CASH_OUT,338454.71,C206729342,33215.93,0.0,C541553064,444512.12,2704702.16,0,0
11,CASH_OUT,264042.28,C1478673195,0.0,0.0,C1653390476,428338.15,692380.42,0,0
11,CASH_OUT,162428.53,C1316172362,1079.0,0.0,C1248946803,194849.22,399131.62,0,0
11,CASH_IN,141684.9,C935975647,1015066.74,1156751.64,C1305121958,217663.59,718976.33,0,0
11,PAYMENT,36769.49,C735286577,361535.73,324766.25,M1744741454,0.0,0.0,0,0
11,CASH_OUT,210797.87,C895247865,157365.74,0.0,C1350789239,9460720.59,9671518.46,0,0
11,CASH_OUT,66744.5,C677257904,24641.0,0.0,C823256582,236314.64,303059.14,0,0
11,CASH_OUT,368313.64,C412866518,307474.99,0.0,C2100990049,405204.17,773517.82,0,0
11,CASH_IN,61690.45,C1463971785,4086920.1,4148610.54,C542837562,984449.37,922758.92,0,0
11,CASH_OUT,302498.98,C1759661499,14469.0,0.0,C140656682,415620.76,547088.89,0,0
11,CASH_IN,152423.35,C1451345774,3439363.13,3591786.48,C1383605612,29560254.29,29559946.87,0,0
11,CASH_OUT,127498.07,C115239639,0.0,0.0,C8419048,272447.54,399945.61,0,0
11,CASH_OUT,109591.9,C27577833,0.0,0.0,C1088896353,1627279.75,2259080.73,0,0
11,CASH_IN,343490.75,C1777461386,10231.0,353721.75,C729616090,397644.07,0.0,0,0
11,CASH_OUT,126445.62,C1851727671,562832.15,436386.53,C2094260442,82647.15,209092.77,0,0
11,CASH_OUT,518350.11,C1746077889,1065.0,0.0,C1979392543,0.0,518350.11,0,0
11,CASH_OUT,313418.28,C2021456831,313418.28,0.0,C157591472,688164.64,1029922.17,1,0
11,CASH_OUT,212976.31,C1522090305,0.0,0.0,C1587438164,403471.57,616447.87,0,0
11,CASH_OUT,83895.29,C924492784,311.0,0.0,C2076967826,52289.76,136185.04,0,0
11,CASH_IN,33405.96,C682455701,22427762.67,22461168.63,C1022269511,5340648.54,5307242.58,0,0
11,PAYMENT,1333.29,C1177959273,0.0,0.0,M150572545,0.0,0.0,0,0
11,CASH_IN,499793.65,C879242404,155538.0,655331.65,C1876457892,0.0,0.0,0,0
11,TRANSFER,159788.54,C649075105,0.0,0.0,C431146929,445048.33,277165.82,0,0
11,PAYMENT,3219.26,C1990511987,14837.0,11617.74,M943251915,0.0,0.0,0,0
11,CASH_OUT,138106.54,C111827853,133279.39,0.0,C955097010,4286979.98,4629394.63,0,0
11,PAYMENT,10381.57,C1445639769,319216.28,308834.71,M482188712,0.0,0.0,0,0
11,PAYMENT,1563.17,C1303725630,489.0,0.0,M1683689426,0.0,0.0,0,0
12,PAYMENT,7236.29,C933320590,282754.21,275517.92,M1234725390,0.0,0.0,0,0
12,PAYMENT,9241.76,C1595819189,0.0,0.0,M579866189,0.0,0.0,0,0
12,TRANSFER,859260.2,C1455521354,3187.0,0.0,C1398454805,0.0,859260.2,0,0
12,PAYMENT,1405.42,C457021929,413064.26,411658.84,M939878034,0.0,0.0,0,0
12,CASH_IN,230998.52,C1222566281,33231.0,264229.52,C397558782,469314.58,120242.64,0,0
12,CASH_IN,49051.32,C1901754559,10524.0,59575.32,C1577420620,10508207.9,10459156.58,0,0
12,CASH_OUT,181625.47,C1768440059,33.0,0.0,C844194994,109489.55,291115.02,0,0
12,CASH_OUT,256240.12,C1100403686,0.0,0.0,C1067360446,3023638.8,3279878.92,0,0
12,PAYMENT,287.12,C1170683721,211.0,0.0,M2032518340,0.0,0.0,0,0
12,PAYMENT,29128.4,C1886990585,777478.25,748349.85,M1478691298,0.0,0.0,0,0
12,CASH_OUT,28672.43,C804827756,0.0,0.0,C97395100,122763.61,234765.61,0,0
12,CASH_IN,74108.96,C2024776145,0.0,74108.96,C115939475,1012333.54,938224.58,0,0
12,CASH_IN,116831.83,C450114757,1083385.27,1200217.1,C1599334040,1595919.77,1479087.94,0,0
12,CASH_OUT,129307.68,C326963436,0.0,0.0,C977013978,831440.72,960748.4,0,0
12,CASH_OUT,255356.97,C408268460,254089.0,0.0,C229707080,189689.46,445046.43,0,0
12,PAYMENT,4336.52,C141294017,0.0,0.0,M2124366186,0.0,0.0,0,0
12,CASH_OUT,369492.79,C1114550511,0.0,0.0,C1317601054,374101.76,743594.55,0,0
12,PAYMENT,3004.81,C1770860877,0.0,0.0,M600505767,0.0,0.0,0,0
12,CASH_OUT,16342.53,C1048498440,0.0,0.0,C1720185395,141475.66,157818.19,0,0
12,CASH_IN,228340.2,C1008976518,4155360.97,4383701.17,C1045256432,539282.46,310942.26,0,0
12,PAYMENT,12013.06,C1416573919,592100.35,580087.29,M1298222390,0.0,0.0,0,0
12,PAYMENT,3823.83,C1887657930,119066.0,115242.17,M75449755,0.0,0.0,0,0
12,PAYMENT,1379.91,C461216365,51690.0,50310.09,M1179034445,0.0,0.0,0,0
12,CASH_IN,494892.35,C1945000079,84.0,494976.35,C710796707,0.0,0.0,0,0
12,PAYMENT,20529.75,C233265781,127998.0,107468.25,M833598025,0.0,0.0,0,0
12,PAYMENT,3919.41,C1853687084,654.0,0.0,M1934779380,0.0,0.0,0,0
12,CASH_IN,159553.03,C1184831335,6288318.53,6447871.56,C556281798,6410838.08,6068110.75,0,0
12,CASH_OUT,481706.39,C1234720924,10190.0,0.0,C886730769,0.0,904955.4,0,0
12,PAYMENT,8128.12,C693803353,21095.0,12966.88,M517829968,0.0,0.0,0,0
12,CASH_OUT,220813.08,C1780831438,0.0,0.0,C1228780618,344889.17,639429.96,0,0
12,TRANSFER,1234714.38,C498298921,0.0,0.0,C787033725,9055370.37,11952836.25,0,0
12,PAYMENT,4486.27,C935652985,0.0,0.0,M481475233,0.0,0.0,0,0
12,PAYMENT,3101.22,C1891056925,269692.94,266591.72,M2037157436,0.0,0.0,0,0
12,PAYMENT,3238.01,C863944014,30078.26,26840.25,M1046330748,0.0,0.0,0,0
12,PAYMENT,5973.78,C1886014335,0.0,0.0,M1625971208,0.0,0.0,0,0
12,CASH_OUT,70769.83,C1672840629,0.0,0.0,C447934822,1754378.1,1877809.9,0,0
12,CASH_OUT,283891.17,C1961603862,0.0,0.0,C314882858,1404590.09,1688481.26,0,0
12,TRANSFER,156754.88,C10486797,75072.0,0.0,C646729818,189944.17,916667.57,0,0
12,CASH_OUT,20093.75,C583729234,0.0,0.0,C993777150,9654232.42,9533281.0,0,0
12,CASH_OUT,84014.95,C956415679,0.0,0.0,C617337339,23642480.47,23550237.2,0,0
12,CASH_IN,102478.72,C1428121599,1067968.92,1170447.64,C1203852392,1111237.98,1296923.28,0,0
12,CASH_IN,276198.26,C44266801,14743256.55,15019454.82,C218598269,3220040.61,2591606.73,0,0
12,CASH_OUT,24954.79,C1090018022,0.0,0.0,C921505633,153027.0,257193.79,0,0
12,CASH_IN,246944.9,C565807819,5422485.8,5669430.7,C26482360,558253.68,908875.11,0,0
12,PAYMENT,13936.91,C791766144,11211.0,0.0,M1999779264,0.0,0.0,0,0
12,PAYMENT,35448.41,C1025280125,0.0,0.0,M542428072,0.0,0.0,0,0
12,CASH_OUT,747237.72,C962021644,5018.0,0.0,C1961901969,0.0,747237.72,0,0
12,PAYMENT,14287.78,C1550237360,225697.35,211409.58,M889973013,0.0,0.0,0,0
12,CASH_IN,67313.46,C1056982258,63607.0,130920.46,C2047161613,610090.47,0.0,0,0
12,CASH_OUT,56602.96,C1804409275,185050.0,128447.04,C1652173069,136648.13,193251.08,0,0
12,PAYMENT,426.89,C510233536,153719.15,153292.26,M842348012,0.0,0.0,0,0
12,PAYMENT,20721.72,C394073539,10680.0,0.0,M1791005704,0.0,0.0,0,0
12,CASH_IN,24960.03,C231590709,64612.51,89572.55,C1427401775,0.0,0.0,0,0
12,CASH_IN,254324.58,C563696368,4859.0,259183.58,C186524069,225090.76,0.0,0,0
12,CASH_OUT,115602.26,C1665343735,0.0,0.0,C205863299,1203882.62,1319484.88,0,0
12,CASH_OUT,154813.4,C1070271931,22524.74,0.0,C2020519226,1057815.4,1693214.19,0,0
12,CASH_OUT,530222.3,C784255573,35770.0,0.0,C1085604482,0.0,786249.52,0,0
12,CASH_IN,541322.28,C674434072,340484.6,881806.88,C1872250241,1338.0,0.0,0,0
12,CASH_OUT,138831.66,C263410402,0.0,0.0,C985359594,1754932.03,1746217.94,0,0
12,CASH_OUT,223796.16,C1706863308,55778.0,0.0,C664919655,50203.24,168651.45,0,0
12,CASH_IN,262314.2,C878390401,502525.9,764840.1,C756882222,385314.79,417740.51,0,0
12,PAYMENT,12399.24,C1577539428,0.0,0.0,M1396255214,0.0,0.0,0,0
12,PAYMENT,23337.65,C468886633,1962285.21,1938947.55,M1836915534,0.0,0.0,0,0
12,TRANSFER,1351729.04,C121827078,3014.0,0.0,C793850902,132367.86,2085005.61,0,0
12,CASH_IN,128685.85,C1233079172,3649898.43,3778584.28,C1987967165,146956.86,18271.0,0,0
12,CASH_OUT,25027.85,C2091335256,0.0,0.0,C810334748,572766.12,597793.97,0,0
12,TRANSFER,45242.54,C1199596025,0.0,0.0,C1088997819,1017972.21,1005600.31,0,0
12,CASH_OUT,165198.87,C1325223917,167341.0,2142.13,C2107039064,641770.33,745308.78,0,0
12,CASH_OUT,260031.21,C1219371508,20200.0,0.0,C589457618,0.0,425303.09,0,0
12,DEBIT,39416.85,C406132223,53299.0,13882.15,C1560436920,166699.48,460859.73,0,0
12,PAYMENT,13903.99,C1763552781,0.0,0.0,M10652035,0.0,0.0,0,0
12,CASH_OUT,708848.6,C1264791354,239717.45,0.0,C1528060496,18580.0,298184.88,0,0
12,CASH_IN,588374.87,C564786801,14407.0,602781.87,C915791536,921149.47,332774.59,0,0
12,CASH_OUT,101376.02,C1078658648,0.0,0.0,C49191134,2142733.5,2074868.67,0,0
13,CASH_IN,406734.61,C1702193509,18973.0,425707.61,C158269361,0.0,0.0,0,0
13,PAYMENT,19556.44,C692735886,30396.0,10839.56,M870140318,0.0,0.0,0,0
13,CASH_IN,70487.84,C50902071,0.0,70487.84,C66698974,0.0,0.0,0,0
13,PAYMENT,9952.23,C334745950,0.0,0.0,M227873134,0.0,0.0,0,0
13,PAYMENT,5608.72,C1524832336,0.0,0.0,M116468145,0.0,0.0,0,0
13,CASH_IN,239767.15,C2088484726,51686.0,291453.15,C258739874,1116828.82,1137839.61,0,0
13,CASH_OUT,184513.12,C2113046627,11937.0,0.0,C1211312974,0.0,184513.12,0,0
13,CASH_OUT,269426.29,C713927512,0.0,0.0,C1459595964,545221.17,671617.49,0,0
13,PAYMENT,12034.2,C1775893136,0.0,0.0,M1714485643,0.0,0.0,0,0
13,CASH_OUT,135639.67,C461391150,90827.96,0.0,C1212949123,153184.54,606556.15,0,0
13,PAYMENT,6102.45,C1065031022,0.0,0.0,M460068235,0.0,0.0,0,0
13,PAYMENT,30725.1,C224802042,452563.0,421837.9,M459897846,0.0,0.0,0,0
13,PAYMENT,8647.17,C893817197,0.0,0.0,M1291049776,0.0,0.0,0,0
13,CASH_OUT,563684.86,C1085361237,11665.0,0.0,C1825653987,0.0,2130347.37,0,0
13,PAYMENT,1320.82,C670140598,0.0,0.0,M688247823,0.0,0.0,0,0
13,CASH_OUT,297052.85,C1250478502,543086.0,246033.15,C1714454937,384197.75,681250.59,0,0
13,CASH_IN,142115.93,C1407343553,4059507.14,4201623.07,C1877764981,4738408.11,5079294.91,0,0
13,CASH_IN,377259.35,C984339757,8265944.58,8643203.94,C1769233874,1022761.94,645502.59,0,0
13,CASH_IN,276904.81,C897077037,9327782.34,9604687.15,C1621840836,7268507.73,8215304.53,0,0
13,TRANSFER,15839.35,C2051805405,429543.0,413703.65,C784701460,471606.66,487446.02,0,0
13,CASH_IN,474244.62,C860853440,3471142.93,3945387.55,C126129101,7504609.62,7030365.0,0,0
13,CASH_OUT,20312.45,C546996867,250980.27,230667.82,C94538263,310488.81,529815.41,0,0
13,CASH_OUT,238118.47,C1193434418,0.0,0.0,C562687950,323135.5,561253.96,0,0
13,TRANSFER,127211.46,C842859803,0.0,0.0,C864176555,2080273.03,2207484.49,0,0
13,PAYMENT,4819.66,C553249167,0.0,0.0,M794934836,0.0,0.0,0,0
13,CASH_OUT,89213.32,C767947301,0.0,0.0,C267063122,2097755.75,2186969.08,0,0
13,PAYMENT,26679.93,C1152833731,105361.0,78681.07,M2020373106,0.0,0.0,0,0
13,CASH_OUT,144997.83,C2035708500,148056.43,3058.6,C1054868486,2177683.46,2686963.69,0,0
13,CASH_OUT,555510.94,C1635492010,7457.0,0.0,C407285824,0.0,555510.94,0,0
13,PAYMENT,22251.16,C1044670458,0.0,0.0,M792205471,0.0,0.0,0,0
13,CASH_IN,339215.3,C1089616013,1294735.01,1633950.31,C1874849270,344041.6,4826.3,0,0
13,PAYMENT,21796.33,C342482252,201.0,0.0,M1426868003,0.0,0.0,0,0
13,CASH_OUT,99903.75,C1952565643,49844.0,0.0,C95431915,410434.04,510337.79,0,0
13,PAYMENT,9751.07,C439731289,637.0,0.0,M1126666484,0.0,0.0,0,0
13,CASH_OUT,226084.38,C688514796,61431.0,0.0,C895240346,0.0,226084.38,0,0
13,PAYMENT,14665.1,C1663622233,0.0,0.0,M1866037614,0.0,0.0,0,0
13,PAYMENT,13510.29,C95834790,0.0,0.0,M1817131940,0.0,0.0,0,0
13,CASH_IN,86541.87,C2052837762,7729473.11,7816014.98,C333557684,200179.03,113637.16,0,0
13,PAYMENT,12122.36,C114948735,0.0,0.0,M909614254,0.0,0.0,0,0
13,CASH_OUT,131919.04,C1988964146,0.0,0.0,C530010244,150813.95,282732.98,0,0
13,CASH_OUT,291694.49,C1698972746,0.0,0.0,C1438689128,2523971.92,2815666.41,0,0
13,CASH_OUT,131832.57,C1704899197,0.0,0.0,C244873304,1229990.43,1361823.01,0,0
13,CASH_IN,158018.86,C582033461,6544952.37,6702971.23,C958066125,491156.91,333138.05,0,0
13,PAYMENT,8642.34,C1394714496,392218.99,383576.64,M1247292136,0.0,0.0,0,0
13,PAYMENT,25799.07,C487201639,0.0,0.0,M341155861,0.0,0.0,0,0
13,CASH_OUT,78503.05,C1719387015,21928.0,0.0,C1010735206,0.0,78503.05,0,0
13,CASH_OUT,289013.07,C92081093,77074.82,0.0,C737412944,804225.81,1073224.94,0,0
13,CASH_IN,15271.06,C603489820,21488.0,36759.06,C1480093219,0.0,0.0,0,0
13,CASH_IN,119073.42,C1304046092,1227745.65,1346819.08,C241888581,352918.21,136092.97,0,0
13,PAYMENT,36860.69,C356528205,972.0,0.0,M961792202,0.0,0.0,0,0
13,CASH_OUT,392448.68,C631431649,12492.0,0.0,C1352683722,60235.52,452684.2,0,0
13,CASH_IN,270684.02,C647498631,10644.0,281328.02,C797090495,56626.0,135477.81,0,0
13,CASH_OUT,485065.79,C1579569999,45365.0,0.0,C1343697255,855196.33,1340262.13,0,0
13,CASH_IN,131427.59,C141133199,4157.0,135584.59,C818262871,3150.0,0.0,0,0
13,CASH_IN,51003.25,C36659914,9702493.2,9753496.45,C344610846,6277669.67,6226666.42,0,0
13,PAYMENT,8079.18,C894408495,19106.66,11027.48,M778886200,0.0,0.0,0,0
13,PAYMENT,2711.85,C847559809,533611.97,530900.11,M1691482805,0.0,0.0,0,0
13,PAYMENT,9590.46,C1919773743,0.0,0.0,M774989048,0.0,0.0,0,0
13,CASH_IN,305513.31,C1895846378,571330.56,876843.87,C1235294062,1240324.22,1317527.89,0,0
13,CASH_IN,186026.61,C1858304782,1942249.6,2128276.21,C442617206,2288877.95,2102851.34,0,0
13,PAYMENT,13508.09,C1382582869,369669.41,356161.31,M135427919,0.0,0.0,0,0
13,CASH_IN,542460.31,C1445861041,356237.86,898698.17,C483874933,0.0,90743.96,0,0
13,PAYMENT,1827.27,C563097683,50026.0,48198.73,M1108187526,0.0,0.0,0,0
13,TRANSFER,128869.02,C1481416112,84934.1,0.0,C1361126187,0.0,128869.02,0,0
13,TRANSFER,138986.15,C1053317856,10663.0,0.0,C1545485892,5191787.73,5330773.88,0,0
14,CASH_OUT,141295.9,C545509668,0.0,0.0,C1143399820,2927134.91,4415642.23,0,0
14,CASH_IN,130825.36,C381003,36259.0,167084.36,C883529859,1488.0,0.0,0,0
14,CASH_IN,582125.5,C936879643,3837473.38,4419598.87,C1283946940,5025742.04,4602383.5,0,0
14,CASH_IN,68920.29,C1649124830,5114165.79,5183086.09,C740066666,2751568.61,2810451.5,0,0
14,TRANSFER,1125282.36,C361732446,52409.0,0.0,C1601071362,522188.61,1647470.97,0,0
14,CASH_IN,95113.38,C2043002102,633.0,95746.38,C1185983425,2184214.66,2089101.28,0,0
14,CASH_IN,152323.75,C742017113,9297155.95,9449479.71,C660981056,1717359.79,1565036.04,0,0
14,PAYMENT,7891.11,C202804637,0.0,0.0,M51035830,0.0,0.0,0,0
14,PAYMENT,11474.56,C1489765202,0.0,0.0,M910317777,0.0,0.0,0,0
14,PAYMENT,1039.94,C456675484,84455.0,83415.06,M734380002,0.0,0.0,0,0
14,TRANSFER,347712.25,C2045615538,0.0,0.0,C1498878963,1413678.02,1761390.28,0,0
14,CASH_OUT,8390.85,C436854372,38085.18,29694.33,C1778490393,397504.17,405895.03,0,0
14,PAYMENT,5003.52,C1419336383,1426.0,0.0,M505063897,0.0,0.0,0,0
14,CASH_OUT,246998.15,C1718878509,19250.0,0.0,C1631878151,457633.0,730601.31,0,0
14,TRANSFER,252187.29,C899681206,54839.0,0.0,C692065433,0.0,559718.3,0,0
14,CASH_OUT,45239.89,C2079588745,0.0,0.0,C268773810,1667646.29,1466254.15,0,0
14,DEBIT,8079.42,C1514646710,79481.0,71401.58,C984281928,16910.55,24989.97,0,0
14,CASH_IN,18850.92,C792283610,6054773.82,6073624.73,C174510101,844054.22,779763.08,0,0
14,CASH_IN,107796.23,C1632906122,11167875.79,11275672.02,C873941629,466670.69,381059.09,0,0
14,CASH_OUT,47148.9,C670056072,0.0,0.0,C1996526533,1371487.87,1571151.82,0,0
14,PAYMENT,6353.05,C131333190,38872.93,32519.88,M354217032,0.0,0.0,0,0
14,CASH_OUT,88410.08,C1757281541,113.0,0.0,C2037466969,82320.95,694182.18,0,0
14,CASH_IN,344341.06,C1157786079,19484.0,363825.06,C595226033,90658.0,0.0,0,0
14,PAYMENT,3963.98,C2076281862,83158.0,79194.02,M2034215165,0.0,0.0,0,0
14,CASH_IN,159605.47,C223290405,3839187.26,3998792.73,C221425640,2020307.42,1999517.28,0,0
14,CASH_OUT,157951.43,C1565526055,0.0,0.0,C1870646445,221605.05,164935.36,0,0
14,CASH_IN,162399.97,C1693314007,0.0,162399.97,C1653390476,1063713.42,616603.83,0,0
14,TRANSFER,655837.3,C2141746076,5054.0,0.0,C1239826343,62396.76,1217422.44,0,0
14,PAYMENT,11690.2,C617836519,115869.52,104179.32,M1230242180,0.0,0.0,0,0
14,CASH_OUT,32655.09,C1907438375,63133.0,30477.91,C495071437,2463061.76,1614878.28,0,0
14,CASH_OUT,105725.88,C1821181814,21792.0,0.0,C2113079286,375.0,842844.84,0,0
14,CASH_OUT,561676.77,C271463684,80522.0,0.0,C859964315,654777.15,1216453.92,0,0
14,CASH_OUT,345287.49,C55595351,0.0,0.0,C2119285300,570395.05,912819.98,0,0
14,CASH_OUT,245711.4,C261578158,0.0,0.0,C1776751094,951564.77,1636731.75,0,0
14,CASH_IN,203384.9,C2010807020,45359.0,248743.9,C968642420,3625.0,0.0,0,0
14,PAYMENT,18523.8,C1689158948,10375.0,0.0,M933033125,0.0,0.0,0,0
14,PAYMENT,18083.31,C691697565,134139.99,116056.68,M1536504036,0.0,0.0,0,0
14,CASH_IN,359350.4,C1942411176,546591.86,905942.26,C2061837084,1958622.62,2102047.98,0,0
14,PAYMENT,6315.57,C1562141024,0.0,0.0,M1987089234,0.0,0.0,0,0
14,PAYMENT,2011.96,C1876220412,178023.93,176011.97,M1547995873,0.0,0.0,0,0
14,CASH_IN,228732.52,C810700295,10445.0,239177.52,C17898432,0.0,0.0,0,0
14,CASH_IN,62609.52,C2097897099,18815.0,81424.52,C794358930,3635972.25,4123182.51,0,0
14,TRANSFER,678370.16,C1371894031,21103.0,0.0,C1857207307,506317.2,910110.34,0,0
14,CASH_IN,333442.72,C1181555875,6486621.02,6820063.74,C882629398,630248.02,296805.3,0,0
14,TRANSFER,872779.62,C742610968,3087.0,0.0,C629294752,0.0,872779.62,0,0
14,PAYMENT,2879.07,C1956523516,0.0,0.0,M1026934164,0.0,0.0,0,0
14,CASH_OUT,333020.91,C1516800820,0.0,0.0,C1395959888,4592519.96,4773665.09,0,0
14,PAYMENT,5104.71,C450902515,5348.0,243.29,M1996299450,0.0,0.0,0,0
14,CASH_OUT,171292.77,C192294557,0.0,0.0,C1391039094,204792.2,376084.97,0,0
14,CASH_OUT,175776.58,C544545343,392200.0,216423.42,C1571443299,699843.92,632249.98,0,0
14,CASH_OUT,200940.91,C1054522846,0.0,0.0,C1725523273,3019832.28,3791914.96,0,0
14,CASH_OUT,182789.89,C1762220294,79266.0,0.0,C1754065504,91646.37,67729.35,0,0
14,CASH_IN,271262.42,C1292676141,133372.39,404634.81,C81095635,2400333.68,2429654.65,0,0
14,CASH_IN,160619.79,C250543364,2150853.36,2311473.15,C1274289795,1189390.76,1139125.59,0,0
14,CASH_OUT,28237.83,C1621888038,177.0,0.0,C156202168,31181.0,0.0,0,0
14,PAYMENT,706.25,C1951208094,188459.0,187752.75,M1815385993,0.0,0.0,0,0
14,PAYMENT,9034.78,C1832781117,449990.23,440955.46,M1414316018,0.0,0.0,0,0
14,CASH_IN,195852.7,C502903167,4932335.73,5128188.43,C502647399,2085884.18,1838880.46,0,0
14,CASH_IN,243814.14,C861138970,4055851.15,4299665.3,C231329259,571026.73,997330.71,0,0
14,CASH_OUT,585293.55,C1362291195,106727.0,0.0,C914153968,0.0,429169.2,0,0
14,CASH_IN,322919.38,C666660140,160686.0,483605.38,C392060481,736390.73,428005.23,0,0
14,CASH_OUT,76346.34,C1322381081,4879.0,0.0,C2129858796,278196.55,697434.51,0,0
14,TRANSFER,65488.05,C236875489,65488.05,0.0,C528705657,0.0,0.0,1,0
14,CASH_IN,75082.62,C2077872375,11134.0,86216.62,C1867264358,458828.45,383745.83,0,0
14,CASH_OUT,250437.88,C516181268,0.0,0.0,C1679122482,432331.61,738000.51,0,0
15,PAYMENT,10267.3,C1292590215,14954.0,4686.7,M1984077578,0.0,0.0,0,0
15,CASH_OUT,11852.05,C1350445833,0.0,0.0,C412070205,20437.0,0.0,0,0
15,CASH_OUT,154686.76,C832972619,0.0,0.0,C2106576923,486912.12,672584.94,0,0
15,CASH_IN,130614.94,C1277114927,2977498.82,3108113.76,C1754722089,15196273.55,15065658.61,0,0
15,CASH_OUT,221325.75,C2023903528,964416.11,743090.36,C2007434174,463549.17,684874.93,0,0
15,PAYMENT,19562.88,C1617582456,20999.0,1436.12,M910329940,0.0,0.0,0,0
15,PAYMENT,5170.55,C653182982,0.0,0.0,M6767014,0.0,0.0,0,0
15,CASH_OUT,183962.14,C973217992,0.0,0.0,C2116873183,12463662.23,14138376.51,0,0
15,CASH_OUT,228024.99,C945382160,64211.0,0.0,C1360879560,0.0,228024.99,0,0
15,CASH_IN,65212.56,C46060961,5519.0,70731.56,C897693538,414389.77,349177.21,0,0
15,CASH_OUT,247935.75,C25243326,14450.0,0.0,C884656820,197943.46,112552.21,0,0
15,CASH_IN,200115.15,C602458160,5459132.17,5659247.31,C358039298,1199472.69,999357.55,0,0
15,TRANSFER,653023.64,C866665439,2011.0,0.0,C1012419017,234487.52,789396.74,0,0
15,CASH_OUT,95511.98,C1130821394,0.0,0.0,C1671585276,223372.9,318884.88,0,0
15,PAYMENT,8581.34,C1048151186,0.0,0.0,M1181391099,0.0,0.0,0,0
15,PAYMENT,5871.69,C44403854,781.0,0.0,M768122067,0.0,0.0,0,0
15,CASH_OUT,129703.8,C1185433013,0.0,0.0,C378946166,540622.94,707517.76,0,0
15,PAYMENT,6744.58,C365259327,0.0,0.0,M38742902,0.0,0.0,0,0
15,CASH_OUT,38558.11,C1081983173,0.0,0.0,C1033404095,1413664.68,1530868.2,0,0
15,TRANSFER,649982.37,C2136605881,56815.0,0.0,C1357670903,653335.35,650890.82,0,0
15,CASH_OUT,108064.51,C371186271,0.0,0.0,C1333217812,247859.42,355923.93,0,0
15,CASH_IN,56167.75,C894199028,21958.0,78125.75,C681953354,3065041.05,2954022.74,0,0
15,PAYMENT,29004.9,C24514332,0.0,0.0,M206058339,0.0,0.0,0,0
15,CASH_IN,127713.38,C1500063914,5752207.65,5879921.03,C417710568,343052.8,215339.42,0,0
15,CASH_IN,106777.54,C1573872341,9171067.92,9277845.46,C1739843484,3692742.88,3934652.91,0,0
15,CASH_OUT,259500.14,C1097268752,0.0,0.0,C1767273119,3179686.77,3439186.92,0,0
15,CASH_OUT,391537.0,C1136866713,15681.0,0.0,C1991894342,0.0,634774.5,0,0
15,CASH_OUT,157531.65,C2002834465,241431.71,83900.06,C367508966,695501.48,853033.13,0,0
15,PAYMENT,11379.12,C1431476819,20180.0,8800.88,M1358649519,0.0,0.0,0,0
15,CASH_OUT,46677.56,C678090832,0.0,0.0,C2041857577,151601.27,111844.58,0,0
15,CASH_IN,71654.45,C657699815,19027384.13,19099038.58,C744019664,1580529.55,1508875.1,0,0
15,CASH_OUT,15123.85,C1673510195,0.0,0.0,C1799657969,8195353.69,8210477.54,0,0
15,CASH_OUT,36202.05,C1719935646,110380.0,74177.95,C1769135151,0.0,36202.05,0,0
15,PAYMENT,21041.47,C931596675,0.0,0.0,M1317910138,0.0,0.0,0,0
15,CASH_IN,28932.77,C1982205456,19383654.22,19412586.98,C730469230,829869.03,800936.26,0,0
15,CASH_OUT,11741.66,C1684876456,17674.0,5932.34,C1178822881,80568.0,426045.45,0,0
15,CASH_IN,85634.06,C2093615533,1446836.36,1532470.42,C143741284,1122192.89,1036558.83,0,0
15,CASH_IN,28871.59,C1562579321,3373003.54,3401875.13,C1796282957,139251.72,110380.13,0,0
15,PAYMENT,25572.74,C37381899,561727.55,536154.81,M1874120277,0.0,0.0,0,0
15,CASH_OUT,62991.98,C201240274,10782.0,0.0,C1826973666,946279.62,1009271.6,0,0
15,PAYMENT,12239.42,C934848840,0.0,0.0,M1532702275,0.0,0.0,0,0
15,PAYMENT,27027.33,C1542440329,0.0,0.0,M1089257431,0.0,0.0,0,0
15,TRANSFER,571160.64,C1573070983,14129.0,0.0,C6078806,123987.01,620181.56,0,0
15,PAYMENT,4700.07,C1758705812,333.0,0.0,M268458642,0.0,0.0,0,0
15,CASH_OUT,505695.36,C1192325822,0.0,0.0,C728885526,853779.03,1359474.39,0,0
15,CASH_IN,131553.89,C1500507983,4006639.38,4138193.27,C656129551,11981985.5,11850431.61,0,0
15,PAYMENT,10288.17,C1760367371,0.0,0.0,M1815363287,0.0,0.0,0,0
15,PAYMENT,17053.62,C2115111889,25052.0,7998.38,M229191913,0.0,0.0,0,0
15,TRANSFER,113683.95,C1713433483,20414.0,0.0,C1326285041,16339.12,130023.06,0,0
15,CASH_OUT,49920.67,C1794441034,0.0,0.0,C638342484,812773.97,862694.64,0,0
15,CASH_OUT,241903.82,C679406019,0.0,0.0,C1372356244,1303136.18,1545040.01,0,0
15,CASH_IN,157680.77,C1509614006,450053.0,607733.77,C1183295363,0.0,0.0,0,0
15,CASH_IN,392579.31,C1865690871,168.0,392747.31,C284320179,175069.48,0.0,0,0
15,PAYMENT,10177.35,C1562190008,216063.75,205886.4,M537845694,0.0,0.0,0,0
15,CASH_OUT,270314.27,C1550599112,548.0,0.0,C88150981,0.0,270314.27,0,0
15,CASH_OUT,358422.82,C901998629,0.0,0.0,C1701368336,3260215.58,3618638.4,0,0
15,PAYMENT,4570.24,C1625758800,0.0,0.0,M2088384940,0.0,0.0,0,0
15,PAYMENT,1522.34,C1213366466,117092.97,115570.62,M2111920409,0.0,0.0,0,0
15,PAYMENT,8830.95,C811531538,223330.78,214499.82,M1981291317,0.0,0.0,0,0
15,PAYMENT,8437.95,C288809089,404960.78,396522.83,M458988786,0.0,0.0,0,0
16,CASH_IN,164810.5,C2088272335,22416.0,187226.5,C1727405057,4849.41,0.0,0,0
16,CASH_IN,70187.49,C379736142,22821946.72,22892134.21,C1306163970,130680.85,60493.36,0,0
16,CASH_IN,152694.95,C740465074,1421133.37,1573828.32,C379682685,254205.42,101510.47,0,0
16,TRANSFER,910228.77,C191847414,0.0,0.0,C226068948,13298675.96,14208904.73,0,0
16,CASH_OUT,260345.33,C1191920598,129759.0,0.0,C1979601784,769648.18,1029993.51,0,0
16,CASH_OUT,340483.44,C70212305,7015.0,0.0,C1023086589,425313.79,765797.23,0,0
16,CASH_OUT,35802.34,C92200322,23582.0,0.0,C97291531,5878.69,41681.03,0,0
16,CASH_IN,237107.06,C534710383,1397089.26,1634196.32,C507233296,2745962.93,2508855.87,0,0
16,CASH_IN,204187.28,C1255997141,11332.0,215519.28,C1454354787,860786.98,656599.7,0,0
16,PAYMENT,3398.7,C304847413,653.0,0.0,M1531522390,0.0,0.0,0,0
16,CASH_OUT,169224.91,C1568708602,875575.0,706350.09,C518334273,3599452.27,3768677.18,0,0
16,CASH_IN,186789.79,C826412026,11142133.27,11328923.06,C227125819,445043.15,329548.41,0,0
16,CASH_OUT,163881.12,C917305399,21205.0,0.0,C1433627902,3470567.29,3840215.8,0,0
16,PAYMENT,15778.62,C306406552,624.0,0.0,M1492379574,0.0,0.0,0,0
16,PAYMENT,15049.29,C2057097386,72550.75,57501.45,M2018933909,0.0,0.0,0,0
16,PAYMENT,7504.49,C363750370,104352.0,96847.51,M362490029,0.0,0.0,0,0
16,PAYMENT,37435.47,C1464224389,77316.08,39880.61,M17874948,0.0,0.0,0,0
16,PAYMENT,4509.19,C668332131,141299.84,136790.65,M135761799,0.0,0.0,0,0
16,PAYMENT,9305.25,C1187978770,0.0,0.0,M686657520,0.0,0.0,0,0
16,CASH_IN,217488.5,C33176576,642254.42,859742.92,C1564988655,584053.73,432960.05,0,0
16,PAYMENT,11108.85,C515171155,148.0,0.0,M1024306483,0.0,0.0,0,0
16,CASH_OUT,265442.21,C2021450524,96953.24,0.0,C1150224259,652389.71,696693.92,0,0
16,CASH_IN,72605.56,C1662760217,1731249.9,1803855.46,C1914235847,1054844.1,756080.6,0,0
16,CASH_IN,355866.7,C471575273,1048850.34,1404717.05,C682153618,1041423.81,607895.77,0,0
16,CASH_IN,407003.41,C1005583272,12442556.96,12849560.36,C1938841087,3349109.82,3241261.78,0,0
16,CASH_IN,77689.93,C821332344,4607459.82,4685149.75,C352025003,96908.1,0.0,0,0
16,CASH_OUT,160400.37,C1564717697,180.0,0.0,C781691807,656.0,0.0,0,0
16,CASH_OUT,241505.37,C141225634,0.0,0.0,C283366524,412096.91,923117.59,0,0
16,PAYMENT,7700.14,C728802102,25702.4,18002.27,M440589937,0.0,0.0,0,0
16,TRANSFER,263445.42,C1740655677,21320.0,0.0,C1957974104,36689.54,227945.82,0,0
16,PAYMENT,38926.51,C117167757,13611.0,0.0,M1040770768,0.0,0.0,0,0
16,CASH_IN,97143.21,C305400779,10618.0,107761.21,C76005115,2262165.35,2165022.14,0,0
16,CASH_OUT,19186.43,C1468882001,0.0,0.0,C1261329785,1585489.53,1808488.32,0,0
16,TRANSFER,534744.64,C974665434,463628.0,0.0,C1446746608,0.0,670036.81,0,0
16,CASH_IN,155551.22,C1962082971,21337.0,176888.22,C1658285720,10530.0,172677.98,0,0
16,CASH_OUT,9299.08,C790638452,0.0,0.0,C1310685539,1772114.16,1817011.46,0,0
16,CASH_IN,131692.79,C1068595933,51744.0,183436.79,C1126731950,146012.17,14319.38,0,0
16,PAYMENT,9491.91,C309881350,0.0,0.0,M537953879,0.0,0.0,0,0
16,CASH_OUT,40217.24,C883223915,0.0,0.0,C761664271,7882036.57,7922253.81,0,0
16,CASH_IN,11070.71,C1237870482,399842.0,410912.71,C1551066746,531048.56,833910.5,0,0
16,PAYMENT,11203.14,C393315179,0.0,0.0,M228291330,0.0,0.0,0,0
16,CASH_OUT,84412.0,C903811809,0.0,0.0,C841126926,1211377.62,1295789.63,0,0
16,CASH_OUT,123423.12,C1199633029,0.0,0.0,C1308625658,1040867.97,1164291.1,0,0
16,CASH_OUT,249454.8,C668273164,65034.0,0.0,C718985478,8548243.35,9148312.43,0,0
16,PAYMENT,14956.33,C1108261041,65241.99,50285.67,M574660449,0.0,0.0,0,0
16,PAYMENT,37391.94,C1111739383,223568.76,186176.83,M1941030155,0.0,0.0,0,0
16,PAYMENT,3221.47,C2068281132,40856.0,37634.53,M807106462,0.0,0.0,0,0
16,CASH_OUT,97668.25,C511239053,0.0,0.0,C590624787,475840.15,573508.39,0,0
16,PAYMENT,11968.94,C156911007,30542.0,18573.06,M1556810732,0.0,0.0,0,0
16,PAYMENT,18213.63,C649406254,423028.74,404815.11,M121503728,0.0,0.0,0,0
16,CASH_OUT,49344.02,C1854027603,1764.0,0.0,C1136543445,0.0,77132.66,0,0
16,PAYMENT,15314.35,C1573426601,0.0,0.0,M132813412,0.0,0.0,0,0
16,PAYMENT,4427.4,C1093964234,360818.88,356391.48,M1102888433,0.0,0.0,0,0
16,TRANSFER,241087.83,C1545893591,144.0,0.0,C943020138,710015.33,881142.45,0,0
16,PAYMENT,6366.03,C437657502,0.0,0.0,M1558890355,0.0,0.0,0,0
16,PAYMENT,16613.57,C1690144929,539.0,0.0,M1716163782,0.0,0.0,0,0
16,TRANSFER,645218.76,C526185328,72183.0,0.0,C81068754,4382320.6,5027539.36,0,0
16,TRANSFER,1326363.89,C1562445038,0.0,0.0,C1035275258,2541985.97,3868349.86,0,0
16,CASH_OUT,136310.91,C384388665,0.0,0.0,C2062734349,252070.28,388381.2,0,0
16,PAYMENT,28291.45,C1345973368,0.0,0.0,M625886419,0.0,0.0,0,0
16,TRANSFER,1411155.9,C888575046,0.0,0.0,C869429589,2023750.83,3625717.57,0,0
16,CASH_OUT,20267.7,C1714864353,0.0,0.0,C1902340975,23173.06,43440.75,0,0
16,CASH_OUT,5991.58,C251968770,0.0,0.0,C1392780635,2218448.1,2224439.69,0,0
16,CASH_IN,291731.69,C869107229,11006578.27,11298309.96,C1209549380,2409695.58,1798310.92,0,0
16,PAYMENT,20712.81,C730982496,5001.0,0.0,M332443209,0.0,0.0,0,0
16,CASH_OUT,289891.68,C802294979,0.0,0.0,C98928776,333559.14,623450.81,0,0
16,TRANSFER,136101.48,C729567882,0.0,0.0,C230816700,4627706.12,4763807.6,0,0
16,PAYMENT,4412.8,C155053553,86071.01,81658.21,M1923692870,0.0,0.0,0,0
16,CASH_IN,55461.4,C1771677501,14359623.62,14415085.02,C1368114983,3997360.46,3941899.06,0,0
16,PAYMENT,4971.9,C1763737529,33124.0,28152.1,M1466129172,0.0,0.0,0,0
16,CASH_OUT,165813.4,C994068588,404883.48,239070.07,C1793232773,520324.08,686137.48,0,0
16,CASH_OUT,238077.2,C167257253,299018.09,60940.9,C1550210515,0.0,292659.33,0,0
17,TRANSFER,2188742.13,C382833829,0.0,0.0,C2097141675,3081146.89,5269889.01,0,0
17,PAYMENT,27159.83,C2137574776,0.0,0.0,M1485855361,0.0,0.0,0,0
17,TRANSFER,1559481.14,C883586942,38295.0,0.0,C44752166,254092.68,1471808.08,0,0
17,CASH_OUT,96226.48,C450289087,0.0,0.0,C1953280605,1123307.8,1219534.28,0,0
17,CASH_IN,22822.92,C1771257584,53148.96,75971.88,C1232088827,3039159.11,3016336.19,0,0
17,CASH_IN,37302.63,C1510543210,230291.32,267593.95,C2029377261,736508.38,629504.98,0,0
17,PAYMENT,9107.41,C105116671,64659.0,55551.59,M561812843,0.0,0.0,0,0
17,CASH_OUT,51476.92,C2076126467,74949.0,23472.08,C1821531206,484027.04,554976.63,0,0
17,PAYMENT,22846.77,C1781982663,280056.75,257209.98,M1805299396,0.0,0.0,0,0
17,CASH_OUT,239584.42,C1388363900,0.0,0.0,C629600976,1089018.8,1328603.22,0,0
17,CASH_IN,432279.3,C1472578292,19821.0,452100.3,C1813178763,0.0,0.0,0,0
17,CASH_IN,32542.34,C1288289276,8234352.07,8266894.41,C1896938687,238332.07,205789.73,0,0
17,CASH_IN,15908.34,C297249050,3814149.51,3830057.86,C19570553,385599.56,657393.94,0,0
17,CASH_IN,155083.63,C1510568735,24302120.08,24457203.7,C414244036,1277834.46,1122750.84,0,0
17,CASH_OUT,49992.2,C434382891,5054.0,0.0,C851752544,6606.5,56598.71,0,0
17,CASH_IN,187551.43,C1349919576,576183.73,763735.16,C864016033,1474014.28,1634067.02,0,0
17,CASH_IN,152079.3,C1155943651,6701358.82,6853438.13,C868288978,1596039.3,1443960.0,0,0
17,TRANSFER,421021.28,C1322417149,0.0,0.0,C1088828165,1117209.39,1538230.66,0,0
17,CASH_OUT,21803.34,C1519631009,0.0,0.0,C143061900,604900.32,626703.66,0,0
17,TRANSFER,1726058.23,C1437500776,69381.05,0.0,C1368402073,1156303.02,2882361.25,0,0
17,CASH_OUT,142640.13,C1764043329,131591.0,0.0,C314882858,2631517.3,2774157.43,0,0
17,PAYMENT,8539.53,C875796151,0.0,0.0,M84598375,0.0,0.0,0,0
17,PAYMENT,20732.06,C555154518,0.0,0.0,M430839108,0.0,0.0,0,0
17,CASH_OUT,173889.73,C25187308,765.0,0.0,C1418075261,0.0,0.0,0,0
17,CASH_IN,81134.03,C351870061,16438578.93,16519712.95,C1531863511,209877.61,128743.58,0,0
17,PAYMENT,5137.4,C326337774,0.0,0.0,M1653932901,0.0,0.0,0,0
17,PAYMENT,14906.67,C309151811,394.0,0.0,M1203100278,0.0,0.0,0,0
17,PAYMENT,2111.61,C714988216,425747.56,423635.94,M1695501205,0.0,0.0,0,0
17,CASH_OUT,304477.47,C776090922,46441.0,0.0,C201180866,62328.0,623602.92,0,0
17,PAYMENT,12114.24,C1259392839,0.0,0.0,M711928959,0.0,0.0,0,0
17,CASH_OUT,39119.45,C761096446,70656.0,31536.55,C1919331419,886413.7,930937.14,0,0
17,CASH_OUT,12136.87,C884444259,0.0,0.0,C593478030,485581.35,497718.21,0,0
17,PAYMENT,8885.87,C939430566,0.0,0.0,M2076257108,0.0,0.0,0,0
17,CASH_IN,250940.67,C333989099,109482.18,360422.85,C268397625,535010.11,490399.85,0,0
17,CASH_IN,142475.82,C1239901237,14437.0,156912.82,C1399181053,290216.07,197256.36,0,0
17,PAYMENT,7366.55,C388697348,0.0,0.0,M578938256,0.0,0.0,0,0
17,TRANSFER,191113.06,C285123352,202139.0,11025.94,C449932291,3646588.53,3837701.6,0,0
17,TRANSFER,705651.18,C537075892,0.0,0.0,C1143688311,1057301.12,1762952.31,0,0
17,CASH_IN,233972.33,C947209027,249.0,234221.33,C2028481558,203656.97,0.0,0,0
17,CASH_IN,65062.61,C44132371,286249.71,351312.32,C612998678,98979.8,33917.19,0,0
17,CASH_OUT,23636.5,C924409803,0.0,0.0,C13726579,147869.86,303188.23,0,0
17,PAYMENT,32085.13,C2021813356,36.0,0.0,M600008556,0.0,0.0,0,0
17,PAYMENT,15784.08,C1545557027,0.0,0.0,M838343350,0.0,0.0,0,0
17,CASH_OUT,115532.64,C934337892,0.0,0.0,C537562802,681516.31,952694.97,0,0
17,PAYMENT,7694.55,C449440994,348184.0,340489.45,M87396640,0.0,0.0,0,0
17,CASH_IN,52449.09,C1272245022,1071753.15,1124202.24,C411479313,1818986.04,1766536.95,0,0
17,CASH_OUT,281405.41,C377146770,0.0,0.0,C1972003794,2269235.73,4685435.11,0,0
17,CASH_OUT,245851.72,C1425375452,0.0,0.0,C51189923,3132018.07,3629939.07,0,0
17,CASH_OUT,100061.54,C1443830246,0.0,0.0,C1913537202,494394.58,810247.01,0,0
17,CASH_OUT,128790.08,C1549903349,20596.0,0.0,C421163163,321463.46,450253.54,0,0
17,CASH_OUT,284794.68,C1985795976,0.0,0.0,C1377667801,551453.21,836247.89,0,0
17,CASH_OUT,409631.41,C1460801671,432225.62,22594.21,C122390008,661504.82,1071136.23,0,0
17,CASH_OUT,207992.69,C1717205010,11595.0,0.0,C2119224061,2406412.41,2614405.1,0,0
17,PAYMENT,10491.16,C110532507,0.0,0.0,M1865751965,0.0,0.0,0,0
17,CASH_OUT,52590.14,C1392236962,110107.0,57516.86,C614982037,0.0,52590.14,0,0
17,CASH_IN,499086.96,C1443835404,1433973.16,1933060.12,C45771882,835932.09,136225.76,0,0
17,CASH_IN,14675.77,C1092565086,20315435.16,20330110.93,C358116559,159382.27,628196.3,0,0
17,PAYMENT,35982.46,C190918485,0.0,0.0,M217430850,0.0,0.0,0,0
17,TRANSFER,121681.11,C422087881,11058.0,0.0,C725645581,130303.5,251984.61,0,0
17,PAYMENT,23183.65,C584294665,26267.0,3083.35,M1021052570,0.0,0.0,0,0
17,PAYMENT,1329.49,C742664040,198965.0,197635.51,M1142203415,0.0,0.0,0,0
17,CASH_IN,245758.87,C1023232820,4321113.01,4566871.88,C1560501002,310791.82,65032.95,0,0
17,PAYMENT,5234.7,C1618623017,403128.4,397893.7,M381938134,0.0,0.0,0,0
18,PAYMENT,28341.09,C843852585,0.0,0.0,M216128171,0.0,0.0,0,0
18,CASH_IN,26677.51,C1648074146,220984.73,247662.24,C1694304811,940533.92,876014.7,0,0
18,CASH_OUT,229216.64,C723791644,0.0,0.0,C433418204,632092.43,861309.07,0,0
18,TRANSFER,413989.98,C383008921,1194477.35,780487.37,C1918148887,661283.0,1075272.98,0,0
18,TRANSFER,225656.58,C260948783,0.0,0.0,C1118445659,2787596.62,3013253.19,0,0
18,PAYMENT,5572.52,C510229854,41097.0,35524.48,M595737477,0.0,0.0,0,0
18,CASH_OUT,158749.28,C922452446,575349.0,416599.72,C1053297930,162243.8,320993.08,0,0
18,CASH_IN,81334.11,C822268541,51656.0,132990.11,C1562946595,1907047.91,1825713.81,0,0
18,PAYMENT,9069.96,C2010787683,31470.0,22400.04,M102585597,0.0,0.0,0,0
18,TRANSFER,242229.5,C1040959356,0.0,0.0,C241443971,425862.75,668092.25,0,0
18,PAYMENT,11296.63,C939239330,1567211.16,1555914.53,M132364922,0.0,0.0,0,0
18,CASH_OUT,222661.89,C167073172,0.0,0.0,C256251782,390299.73,612961.62,0,0
18,CASH_OUT,318194.83,C6216974,0.0,0.0,C1852106229,347651.7,665846.53,0,0
18,CASH_OUT,696.51,C516325479,0.0,0.0,C500242946,545950.32,319210.93,0,0
18,PAYMENT,10403.87,C235711946,332970.47,322566.6,M909810397,0.0,0.0,0,0
18,CASH_OUT,2003.35,C1278152082,1064.0,0.0,C671237629,10885.53,12888.88,0,0
18,TRANSFER,274337.99,C152027657,0.0,0.0,C1308026520,511895.29,786233.28,0,0
18,CASH_IN,205659.46,C1910512030,10632750.17,10838409.63,C1588307315,1404682.7,1362566.0,0,0
18,CASH_OUT,114251.37,C530168947,961.0,0.0,C1811985094,675125.98,789377.35,0,0
18,DEBIT,6424.34,C304210287,152660.0,146235.66,C1967520727,1341459.1,1347883.44,0,0
18,CASH_IN,46672.9,C1283294106,4609581.73,4656254.63,C406228357,932047.78,1095060.98,0,0
18,PAYMENT,15481.21,C204794654,14811.0,0.0,M845961715,0.0,0.0,0,0
18,CASH_IN,76784.04,C2082104218,121145.0,197929.04,C632323940,65924.64,0.0,0,0
18,CASH_OUT,49028.52,C1697290553,22045.0,0.0,C580797036,279890.42,390595.98,0,0
18,CASH_OUT,369663.9,C1352900698,0.0,0.0,C115164639,8288937.25,8458154.81,0,0
18,PAYMENT,2125.14,C2082696698,0.0,0.0,M1825813472,0.0,0.0,0,0
18,TRANSFER,385621.69,C1188895834,723.0,0.0,C1654784251,4290996.07,4592736.94,0,0
18,CASH_IN,185149.89,C1108372032,10370.0,195519.89,C2051373996,0.0,0.0,0,0
18,PAYMENT,6223.34,C121886553,44938.5,38715.16,M727980178,0.0,0.0,0,0
18,TRANSFER,60771.39,C1579299339,80781.85,20010.46,C772406271,8504399.74,8641245.61,0,0
18,CASH_IN,217047.88,C268988566,4595.0,221642.88,C542888545,4055797.1,3756144.94,0,0
18,CASH_OUT,279778.94,C1407733656,51451.0,0.0,C191462571,160893.57,440672.51,0,0
18,CASH_IN,73772.22,C629578492,1795758.09,1869530.31,C1759639142,151865.29,97637.05,0,0
18,CASH_OUT,174529.5,C739823768,75130.67,0.0,C1685426186,118586.98,413308.79,0,0
18,CASH_IN,119298.78,C945174864,9675957.74,9795256.52,C1838939213,399674.67,274306.87,0,0
18,CASH_OUT,96063.8,C1659934858,25600.06,0.0,C1249550418,230554.18,113304.78,0,0
18,CASH_OUT,97378.95,C1158377571,0.0,0.0,C834304043,1807542.82,1904921.78,0,0
18,CASH_OUT,1435.42,C1341429184,0.0,0.0,C260090537,3461724.28,3463159.7,0,0
18,CASH_IN,66991.54,C1625800190,51497.0,118488.54,C386426623,0.0,0.0,0,0
18,CASH_OUT,268193.14,C350180235,11185.0,0.0,C998067267,237600.66,505793.8,0,0
18,CASH_OUT,192400.97,C2104317477,0.0,0.0,C891299120,966940.33,1159341.3,0,0
18,PAYMENT,14348.37,C692109643,14988.0,639.63,M1618232737,0.0,0.0,0,0
18,PAYMENT,16091.6,C449043682,3489.65,0.0,M666074438,0.0,0.0,0,0
18,TRANSFER,999027.39,C1879638957,201274.65,0.0,C1899357328,4343717.46,5146809.55,0,0
18,CASH_IN,83868.59,C224765205,6419213.17,6503081.76,C260663093,244510.67,160642.08,0,0
18,CASH_IN,199880.44,C1552181093,20869.0,220749.44,C770113399,174795.62,173140.48,0,0
18,PAYMENT,1747.55,C858286697,160645.43,158897.88,M1239498317,0.0,0.0,0,0
18,CASH_IN,161199.98,C1934743077,1258960.21,1420160.19,C241877044,2289335.5,2198522.41,0,0
18,PAYMENT,5419.11,C293324017,14742.0,9322.89,M1655964265,0.0,0.0,0,0
18,PAYMENT,10736.15,C536239395,20605.0,9868.85,M1144761199,0.0,0.0,0,0
18,CASH_OUT,6690.6,C18651592,21768.0,15077.4,C1163484153,50043.96,150418.79,0,0
18,TRANSFER,179533.06,C1529895160,100077.0,0.0,C713770722,8872.99,188406.04,0,0
18,CASH_OUT,201017.97,C1020468821,38553.74,0.0,C886874200,710657.81,1020987.01,0,0
18,CASH_OUT,151915.49,C1517917733,0.0,0.0,C1780663200,1310393.83,1462309.32,0,0
18,CASH_IN,56156.51,C731265975,5216830.94,5272987.45,C803933143,1340707.97,1215239.74,0,0
18,CASH_IN,463326.94,C1726514138,21313.0,484639.94,C1749677978,210982.54,0.0,0,0
18,CASH_OUT,174659.68,C2143102936,13234.0,0.0,C470644341,1699117.19,1873776.87,0,0
18,CASH_IN,188600.3,C347615624,20467380.21,20655980.52,C435761090,309290.29,120689.99,0,0
18,PAYMENT,4401.98,C1244482648,0.0,0.0,M809558932,0.0,0.0,0,0
18,CASH_IN,13912.99,C2049297370,35890.0,49802.99,C1478307984,348496.72,431343.7,0,0
18,CASH_OUT,174037.47,C1727869540,0.0,0.0,C2063532362,2719277.44,2806402.1,0,0
19,CASH_OUT,177559.36,C608252326,0.0,0.0,C1455346847,885633.94,1063193.31,0,0
19,CASH_IN,262336.24,C708182428,229919.13,492255.38,C11047846,644786.83,382450.58,0,0
19,CASH_IN,199954.55,C804121892,6914837.57,7114792.13,C471388375,1464374.15,1264419.59,0,0
19,CASH_OUT,246020.09,C542256806,19808.0,0.0,C142910769,530072.11,776092.2,0,0
19,PAYMENT,2743.82,C499221984,0.0,0.0,M1960215209,0.0,0.0,0,0
19,CASH_OUT,137256.13,C888644450,32103.0,0.0,C112283037,21152.84,158408.98,0,0
19,CASH_OUT,14014.22,C918802423,11138.0,0.0,C4692721,143516.02,157530.24,0,0
19,CASH_OUT,295993.7,C1117862024,3112.0,0.0,C1482074470,263606.76,559600.46,0,0
19,CASH_OUT,51787.21,C107226215,0.0,0.0,C1040786626,201113.73,582247.24,0,0
19,CASH_IN,118202.63,C462810474,2186289.45,2304492.09,C277058199,213976.09,95773.45,0,0
19,CASH_OUT,196214.31,C95023031,0.0,0.0,C182618833,602623.59,798837.91,0,0
19,CASH_IN,49146.36,C1129186890,5491471.91,5540618.27,C663123151,541327.57,492181.21,0,0
19,PAYMENT,11686.4,C22171554,190862.28,179175.87,M673967109,0.0,0.0,0,0
19,CASH_IN,64458.93,C938577101,7941925.9,8006384.84,C995612459,220406.28,155947.35,0,0
19,CASH_OUT,228700.54,C1829439009,251689.0,22988.46,C1600172289,2733275.46,2961976.0,0,0
19,PAYMENT,28108.33,C1128915170,0.0,0.0,M550340058,0.0,0.0,0,0
19,CASH_IN,275600.25,C1569017110,753.0,276353.25,C1778566431,458344.8,182744.55,0,0
19,CASH_IN,254181.21,C54512922,8655482.55,8909663.76,C1419584725,273702.17,19520.96,0,0
19,PAYMENT,5401.43,C350908499,0.0,0.0,M1296263758,0.0,0.0,0,0
19,CASH_IN,294897.54,C1878465971,20837.0,315734.54,C1881241706,779590.73,484693.19,0,0
19,CASH_IN,52059.59,C352922613,579815.84,631875.43,C1152436388,235305.07,183245.48,0,0
19,CASH_OUT,358441.92,C2031255900,277.0,0.0,C29117237,661127.76,1019569.68,0,0
19,PAYMENT,14847.55,C2078637918,0.0,0.0,M1726383534,0.0,0.0,0,0
19,PAYMENT,6096.36,C1810402993,18922.66,12826.3,M513382402,0.0,0.0,0,0
19,CASH_IN,327250.23,C79944149,374649.52,701899.74,C1239152373,1020263.51,693013.28,0,0
19,PAYMENT,14796.87,C1355198326,99491.0,84694.13,M140529197,0.0,0.0,0,0
19,CASH_OUT,23173.17,C1578806795,0.0,0.0,C156789559,320037.33,681847.29,0,0
19,PAYMENT,10444.96,C1565942455,0.0,0.0,M688780941,0.0,0.0,0,0
19,CASH_OUT,116314.1,C987736248,0.0,0.0,C1737418467,189430.98,372549.25,0,0
19,PAYMENT,13735.86,C642124670,149187.0,135451.14,M928025688,0.0,0.0,0,0
19,CASH_IN,13964.83,C1744254269,61325.0,75289.83,C943180694,0.0,231635.61,0,0
19,CASH_IN,7733.13,C213986613,499109.0,506842.13,C1569934562,521441.62,513708.49,0,0
19,CASH_IN,34621.34,C268083910,3053537.4,3088158.74,C1193046101,288458.79,183205.74,0,0
19,TRANSFER,447334.41,C1889543194,24663.0,0.0,C991692093,78150.0,370807.97,0,0
19,CASH_OUT,78346.77,C1543637803,695679.45,617332.68,C1912595328,0.0,179475.05,0,0
19,PAYMENT,14723.27,C740578358,36942.56,22219.28,M46985114,0.0,0.0,0,0
19,PAYMENT,3345.02,C321124132,217144.34,213799.32,M2141943009,0.0,0.0,0,0
19,CASH_IN,87634.82,C831840935,27445360.24,27532995.06,C2114117778,405014.14,506791.2,0,0
19,CASH_OUT,101427.65,C214044259,0.0,0.0,C1626774027,769867.16,889433.09,0,0
19,CASH_OUT,89247.43,C655888597,39715.0,0.0,C2099240617,1554831.8,1644079.24,0,0
19,CASH_OUT,215908.47,C1400973280,11195.0,0.0,C2142642980,109435.24,893322.36,0,0
19,CASH_OUT,223459.07,C2017288364,0.0,0.0,C1201057368,7734906.76,7958365.82,0,0
19,CASH_OUT,179300.33,C774033175,29720.0,0.0,C2145344424,0.0,179300.33,0,0
19,DEBIT,1836.05,C731228684,0.0,0.0,C98291226,57787.41,59623.47,0,0
19,CASH_OUT,108675.76,C123860151,246857.97,138182.21,C90639349,165736.17,145342.89,0,0
19,PAYMENT,7752.3,C242364678,0.0,0.0,M113552812,0.0,0.0,0,0
19,DEBIT,1633.23,C1796305557,62062.0,60428.77,C1349646572,171836.69,173469.91,0,0
19,PAYMENT,1537.92,C328243104,0.0,0.0,M305894744,0.0,0.0,0,0
19,CASH_OUT,63549.36,C1756507209,0.0,0.0,C479608039,2581906.04,2645455.41,0,0
19,CASH_OUT,52517.63,C944968872,54373.0,1855.37,C1727461253,209015.36,246641.91,0,0
19,CASH_IN,87344.85,C137663147,3522801.59,3610146.43,C974115570,3608515.23,3975064.19,0,0
19,CASH_OUT,242903.78,C1164337359,69568.0,0.0,C348156274,0.0,756146.01,0,0
19,CASH_OUT,277381.99,C389373065,0.0,0.0,C1063630262,967772.18,1289608.08,0,0
19,CASH_OUT,116346.22,C1118618904,355176.0,238829.78,C536627938,572832.62,1300470.83,0,0
19,CASH_OUT,115336.63,C1676655618,0.0,0.0,C2037429693,273196.81,1532707.98,0,0
19,CASH_OUT,91463.59,C1822800944,94688.0,3224.41,C1142318514,64134.9,155598.49,0,0
19,PAYMENT,11859.47,C727269630,277215.25,265355.78,M1340577119,0.0,0.0,0,0
19,CASH_OUT,309990.28,C371815991,107247.37,0.0,C802618567,690904.85,1508980.92,0,0
19,PAYMENT,2479.18,C386213494,0.0,0.0,M585517004,0.0,0.0,0,0
19,PAYMENT,5833.98,C1506816557,10012.0,4178.02,M1429502554,0.0,0.0,0,0
19,CASH_OUT,64978.07,C2135238189,0.0,0.0,C273797218,1526594.97,1837745.24,0,0
19,CASH_OUT,295434.3,C286261028,0.0,0.0,C1186510998,393960.97,664195.86,0,0
19,PAYMENT,11091.24,C1369426492,0.0,0.0,M1963412959,0.0,0.0,0,0
19,CASH_OUT,63749.86,C1903646212,0.0,0.0,C764276466,840110.0,903859.86,0,0
19,CASH_IN,120285.54,C975109032,51020.0,171305.54,C1658658415,93226.64,0.0,0,0
19,CASH_OUT,65410.35,C1637740922,0.0,0.0,C1813410811,1597879.99,1663290.34,0,0
19,CASH_OUT,83362.42,C282561242,0.0,0.0,C47846378,95000.34,300172.13,0,0
19,TRANSFER,322760.43,C619866895,66441.71,0.0,C483720453,2105277.76,2703326.42,0,0
19,TRANSFER,176470.64,C1636527285,0.0,0.0,C601635869,1053682.87,1230153.51,0,0
19,TRANSFER,991201.59,C1464548954,0.0,0.0,C340476329,1162874.87,2411234.77,0,0
19,CASH_OUT,200192.61,C1692217040,0.0,0.0,C672521592,816043.28,1016235.89,0,0
19,CASH_OUT,429924.01,C1849806516,0.0,0.0,C221425640,2429259.85,2859183.86,0,0
19,CASH_IN,120805.81,C1111518859,12133315.09,12254120.9,C943450002,508390.33,700577.88,0,0
19,CASH_IN,275119.86,C558431921,400195.0,675314.86,C841759677,8049.6,0.0,0,0
19,CASH_OUT,124784.21,C380869988,0.0,0.0,C184266398,323203.58,732349.44,0,0
19,PAYMENT,4429.68,C280871730,10813.0,6383.32,M1025292468,0.0,0.0,0,0
19,CASH_OUT,37431.76,C1498606548,104111.0,66679.24,C682153618,476075.95,818566.39,0,0
19,CASH_OUT,106302.9,C83115215,0.0,0.0,C2009863924,453099.92,835366.61,0,0
19,CASH_OUT,438477.56,C22192044,11113.0,0.0,C324916403,189015.4,627492.95,0,0
19,CASH_OUT,89697.34,C173371489,131772.0,42074.66,C1391371643,1201348.35,1594610.35,0,0
19,PAYMENT,14462.19,C1634116626,154784.0,140321.81,M271276300,0.0,0.0,0,0
19,CASH_OUT,370154.89,C448849363,0.0,0.0,C660729662,1974169.61,2344324.5,0,0
20,CASH_IN,181572.05,C716781860,20754.0,202326.05,C2145942068,0.0,0.0,0,0
20,CASH_IN,78951.81,C1792149696,322.0,79273.81,C72241768,3705658.26,3626706.45,0,0
20,CASH_OUT,228790.7,C998109929,107470.0,0.0,C1306601392,367314.0,482575.9,0,0
20,CASH_OUT,137765.66,C1422724957,1122.0,0.0,C1174935745,5068667.56,5206433.21,0,0
20,TRANSFER,74689.79,C1693220469,0.0,0.0,C416774658,888447.94,963137.73,0,0
20,CASH_IN,185697.7,C1748852096,30888.0,216585.7,C1955588117,0.0,0.0,0,0
20,CASH_IN,157521.49,C2098995533,5260844.13,5418365.62,C1728710051,301954.91,202397.32,0,0
20,CASH_IN,245267.31,C329141730,2358551.48,2603818.79,C1564159386,1571266.34,1720683.32,0,0
20,PAYMENT,69.24,C655379197,15905.0,15835.76,M392230017,0.0,0.0,0,0
20,TRANSFER,1285007.51,C1155606104,0.0,0.0,C1617331600,1809025.78,3384805.34,0,0
20,PAYMENT,5786.98,C1613225853,0.0,0.0,M1967696800,0.0,0.0,0,0
20,CASH_IN,6812.38,C1963536019,22345.0,29157.38,C349342528,30117.42,23305.03,0,0
20,PAYMENT,13960.85,C1825161961,0.0,0.0,M1366286993,0.0,0.0,0,0
20,PAYMENT,7296.5,C823965518,0.0,0.0,M1138303609,0.0,0.0,0,0
20,CASH_OUT,73244.03,C723259515,52709.0,0.0,C2130447033,104478.07,343725.55,0,0
20,PAYMENT,8660.37,C211480824,0.0,0.0,M920442889,0.0,0.0,0,0
20,CASH_OUT,116323.18,C207139202,180954.0,64630.82,C1063760935,0.0,116323.18,0,0
20,PAYMENT,8089.78,C1975975159,84.0,0.0,M843446863,0.0,0.0,0,0
20,CASH_OUT,116728.06,C1084111997,20393.0,0.0,C1754833720,97936.32,214664.37,0,0
20,PAYMENT,19709.97,C333504581,535446.62,515736.65,M403573229,0.0,0.0,0,0
20,PAYMENT,29813.79,C1569813877,9472.51,0.0,M400371560,0.0,0.0,0,0
20,CASH_IN,82334.49,C1494841297,25164.0,107498.49,C1776402488,1576.81,0.0,0,0
20,CASH_OUT,72912.63,C1068148853,88388.37,15475.74,C1515499443,616812.24,838805.71,0,0
20,CASH_IN,144088.5,C550514388,22191.0,166279.5,C1244130433,343278.99,199190.49,0,0
20,TRANSFER,215952.65,C126504166,17286.0,0.0,C1757688999,445432.96,661385.61,0,0
20,CASH_OUT,41269.96,C357709593,0.0,0.0,C1888151451,926176.31,1128798.09,0,0
20,CASH_OUT,39945.19,C624705023,11248.0,0.0,C1737657209,201384.3,241329.49,0,0
20,CASH_IN,210384.73,C132909623,1207163.19,1417547.92,C1551671297,1658805.52,1448420.78,0,0
20,TRANSFER,178207.54,C1943973662,900.0,0.0,C201959668,290857.38,882200.98,0,0
20,CASH_OUT,267536.58,C35019044,24296.78,0.0,C2002219734,318116.9,930993.53,0,0
20,CASH_IN,382395.88,C981041363,12090096.97,12472492.86,C372374036,8640408.61,8258012.73,0,0
20,CASH_OUT,90193.47,C1024150733,0.0,0.0,C87528200,377581.54,598071.77,0,0
20,CASH_OUT,298767.18,C574185523,3635.0,0.0,C2138508873,11833824.3,12132591.48,0,0
20,CASH_OUT,347523.14,C910937403,36785.0,0.0,C1476757237,0.0,347523.14,0,0
20,CASH_OUT,738.27,C1919305075,12221.0,11482.73,C1459968793,0.0,738.27,0,0
20,CASH_IN,266465.09,C923027172,6912814.09,7179279.18,C660903992,627510.19,361045.09,0,0
20,CASH_OUT,67343.63,C1495006624,0.0,0.0,C412279000,109289.71,0.0,0,0
20,PAYMENT,10658.91,C2127163401,0.0,0.0,M1406198263,0.0,0.0,0,0
20,PAYMENT,845.89,C1264625158,159739.31,158893.42,M179526416,0.0,0.0,0,0
20,CASH_OUT,141345.53,C754915084,0.0,0.0,C2104539672,637735.74,779081.27,0,0
20,CASH_OUT,43563.27,C1782651552,49968.0,6404.73,C1290609197,0.0,0.0,0,0
20,CASH_IN,13159.63,C870134789,7191.0,20350.63,C636731339,0.0,0.0,0,0
20,PAYMENT,11697.55,C1287287393,0.0,0.0,M1522651288,0.0,0.0,0,0
20,CASH_IN,188973.53,C873770934,109789.0,298762.53,C1612761773,2291603.53,2102630.0,0,0
20,CASH_OUT,104528.35,C1986676794,19950.0,0.0,C1301667335,1993774.27,2098302.61,0,0
20,CASH_OUT,95814.18,C2003866871,1045.0,0.0,C1374581617,51688.0,0.0,0,0
20,TRANSFER,448025.06,C1976637754,448025.06,0.0,C4020115,0.0,0.0,1,0
20,TRANSFER,94482.35,C414311391,0.0,0.0,C701942093,863365.22,957847.57,0,0
20,PAYMENT,10069.48,C1702483324,0.0,0.0,M1343056498,0.0,0.0,0,0
20,CASH_OUT,76677.71,C1632022252,52861.0,0.0,C209694025,453414.75,530092.46,0,0
20,CASH_OUT,40511.43,C64823022,152516.0,112004.57,C329325511,235464.88,275976.31,0,0
20,CASH_OUT,266323.53,C1719993641,14569.0,0.0,C252835471,146785.81,413109.34,0,0
20,CASH_IN,95368.81,C766327798,33209.0,128577.81,C2111602555,116819.01,21450.2,0,0
20,CASH_OUT,47916.16,C1217446193,252476.91,204560.75,C2055300077,2098076.9,2145993.06,0,0
20,CASH_IN,122256.88,C231342927,226926.15,349183.03,C1787312635,0.0,0.0,0,0
20,PAYMENT,22124.75,C2075875969,111529.37,89404.62,M1390078248,0.0,0.0,0,0
20,PAYMENT,12050.26,C332205053,0.0,0.0,M1533532327,0.0,0.0,0,0
20,PAYMENT,1762.72,C1169627582,0.0,0.0,M1987577007,0.0,0.0,0,0
20,TRANSFER,789302.01,C144534996,6781.67,0.0,C583331228,1163838.07,1953140.08,0,0
20,CASH_OUT,113632.58,C700366655,0.0,0.0,C1240024476,7797596.87,7911229.45,0,0
20,CASH_OUT,341105.4,C165562642,0.0,0.0,C932707776,1075271.01,1416376.41,0,0
20,PAYMENT,4329.84,C1485964265,144585.56,140255.73,M656986627,0.0,0.0,0,0
21,CASH_OUT,152125.72,C462090592,0.0,0.0,C1925171480,234572.72,386698.45,0,0
21,CASH_OUT,24775.77,C369578868,0.0,0.0,C1836026066,344558.1,369333.87,0,0
21,PAYMENT,7439.16,C286032256,0.0,0.0,M1689122750,0.0,0.0,0,0
21,CASH_OUT,65308.55,C126151152,172582.0,107273.45,C242520397,1814096.49,1879405.04,0,0
21,PAYMENT,1215.59,C255769929,0.0,0.0,M314226328,0.0,0.0,0,0
21,PAYMENT,10787.87,C1807755623,379635.7,368847.82,M336626179,0.0,0.0,0,0
21,PAYMENT,2838.05,C202816609,5764.79,2926.74,M1981911356,0.0,0.0,0,0
21,PAYMENT,14408.61,C1844727179,504.0,0.0,M381976255,0.0,0.0,0,0
21,PAYMENT,5349.44,C1345141849,60375.0,55025.56,M73924595,0.0,0.0,0,0
21,TRANSFER,94114.69,C1982792487,30957.0,0.0,C69221303,66406.09,160520.78,0,0
21,CASH_OUT,251692.49,C729168386,0.0,0.0,C1288391434,433252.33,684944.83,0,0
21,CASH_OUT,55580.44,C629965456,0.0,0.0,C1017542292,730147.18,785727.62,0,0
21,CASH_OUT,225688.61,C155972157,103411.0,0.0,C560037532,0.0,225688.61,0,0
21,PAYMENT,11961.1,C238595708,30401.0,18439.9,M2030289412,0.0,0.0,0,0
21,PAYMENT,11234.26,C481225684,0.0,0.0,M164631277,0.0,0.0,0,0
21,TRANSFER,327098.75,C1053143915,0.0,0.0,C340284091,1150605.64,1477704.39,0,0
21,CASH_OUT,78414.36,C1348404439,0.0,0.0,C216869358,236874.36,315288.72,0,0
21,TRANSFER,1788776.2,C254316811,0.0,0.0,C1317367242,14013606.01,15802382.21,0,0
21,CASH_OUT,175527.25,C1218147,0.0,0.0,C896998642,635962.24,811489.49,0,0
21,PAYMENT,4441.28,C1980255266,20399.0,15957.72,M1617501532,0.0,0.0,0,0
21,CASH_IN,356928.36,C2102620345,21653108.26,22010036.62,C551729055,17114065.8,16757137.44,0,0
21,PAYMENT,9984.59,C1999347605,50559.0,40574.41,M1902090862,0.0,0.0,0,0
21,PAYMENT,12133.93,C748930429,239816.0,227682.07,M732316759,0.0,0.0,0,0
21,CASH_OUT,230512.11,C1337778455,21082.0,0.0,C445078338,237435.76,467947.87,0,0
21,PAYMENT,12331.23,C665351028,0.0,0.0,M1971068059,0.0,0.0,0,0
21,PAYMENT,12283.43,C527764711,104061.0,91777.57,M934106383,0.0,0.0,0,0
21,PAYMENT,3706.27,C1850040915,50372.0,46665.73,M2135709434,0.0,0.0,0,0
21,TRANSFER,2082592.91,C971443336,0.0,0.0,C497842538,2450830.08,4533422.99,0,0
21,CASH_OUT,31381.44,C1802343294,15011.0,0.0,C1683144899,1187808.58,1219190.02,0,0
21,PAYMENT,656.07,C536812860,10785.0,10128.93,M1372620603,0.0,0.0,0,0
21,CASH_OUT,58118.86,C1833650850,724.0,0.0,C1300467328,772367.35,830486.21,0,0
21,CASH_OUT,247334.8,C2072139562,38827.97,0.0,C679605292,314958.9,562293.7,0,0
21,CASH_OUT,271258.53,C202046562,93499.0,0.0,C54576544,651580.76,922839.3,0,0
21,CASH_OUT,231886.58,C1979313051,0.0,0.0,C1932505292,4157360.16,4389246.74,0,0
22,TRANSFER,724566.7,C1798568003,0.0,0.0,C2094115255,935858.04,1660424.74,0,0
22,CASH_IN,47077.45,C1365720388,10230528.88,10277606.33,C1659114421,208939.99,266738.19,0,0
22,PAYMENT,18811.51,C36548165,300.0,0.0,M1667640261,0.0,0.0,0,0
22,PAYMENT,23435.53,C81404265,31160.44,7724.9,M794857100,0.0,0.0,0,0
22,PAYMENT,8494.18,C621288166,97648.0,89153.82,M2004806823,0.0,0.0,0,0
22,PAYMENT,17369.47,C1322298955,170182.0,152812.53,M1181174283,0.0,0.0,0,0
22,PAYMENT,6472.66,C2076434007,61305.0,54832.34,M1967918071,0.0,0.0,0,0
22,CASH_OUT,42032.84,C1745724795,0.0,0.0,C234092234,322988.41,365021.25,0,0
22,PAYMENT,5325.38,C1970407895,8.0,0.0,M1916695047,0.0,0.0,0,0
22,PAYMENT,10512.87,C1376773010,30778.0,20265.13,M542271528,0.0,0.0,0,0
22,PAYMENT,12670.93,C1504131586,162.0,0.0,M745953020,0.0,0.0,0,0
22,PAYMENT,14139.91,C1400559780,515889.0,501749.09,M1541306933,0.0,0.0,0,0
22,PAYMENT,26589.5,C318383062,31259.0,4669.5,M1423536295,0.0,0.0,0,0
22,DEBIT,7467.93,C1546738226,37861.0,30393.07,C1854448921,8687.7,16155.64,0,0
22,CASH_OUT,37311.79,C951827322,0.0,0.0,C1279688013,284833.25,364766.79,0,0
22,CASH_OUT,131707.03,C313665367,9709.0,0.0,C2033049104,154676.25,286383.29,0,0
22,CASH_IN,208028.0,C933754409,6091319.42,6299347.42,C904075137,4218609.15,4010581.14,0,0
22,CASH_OUT,34503.42,C1782501781,0.0,0.0,C533442136,3323329.34,3357832.76,0,0
22,PAYMENT,14270.76,C1172396344,11163.0,0.0,M190383948,0.0,0.0,0,0
22,CASH_OUT,223889.71,C439660226,86617.07,0.0,C1341257842,616425.09,840314.8,0,0
22,PAYMENT,11640.41,C1165719599,0.0,0.0,M759210111,0.0,0.0,0,0
22,PAYMENT,24194.42,C35998734,10312.0,0.0,M1524672002,0.0,0.0,0,0
22,PAYMENT,15130.08,C514461984,421.0,0.0,M1447949804,0.0,0.0,0,0
22,PAYMENT,3552.46,C407079068,5546.0,1993.54,M1075915371,0.0,0.0,0,0
22,CASH_OUT,44528.51,C1561852461,7146.2,0.0,C1745949663,802526.35,847054.87,0,0
22,PAYMENT,13741.76,C803619294,91538.56,77796.8,M132809295,0.0,0.0,0,0
23,PAYMENT,8778.1,C1060877739,16867.0,8088.9,M372378791,0.0,0.0,0,0
23,CASH_IN,267722.5,C1937469523,4851567.34,5119289.84,C43275017,417662.35,149939.85,0,0
23,PAYMENT,11676.65,C1262822714,2821.0,0.0,M1226743736,0.0,0.0,0,0
23,PAYMENT,22911.81,C1283245622,20764.0,0.0,M860239907,0.0,0.0,0,0
23,PAYMENT,6738.07,C965940197,0.0,0.0,M388806412,0.0,0.0,0,0
23,PAYMENT,16568.38,C1850609149,0.0,0.0,M674213801,0.0,0.0,0,0
23,PAYMENT,5913.51,C1525534399,105769.0,99855.49,M978698853,0.0,0.0,0,0
23,PAYMENT,6641.96,C1385812415,21112.0,14470.04,M1928402157,0.0,0.0,0,0
23,PAYMENT,33150.38,C1068680595,0.0,0.0,M1424223924,0.0,0.0,0,0
23,CASH_IN,28462.05,C1422493093,2671079.51,2699541.56,C1137058485,297749.52,269287.47,0,0
24,PAYMENT,1322.25,C170217954,10336.0,9013.75,M475655863,0.0,0.0,0,0
25,CASH_IN,102195.17,C1987799522,2939395.55,3041590.72,C1643797612,281408.97,179213.8,0,0
25,CASH_IN,30006.32,C870177268,1326272.26,1356278.58,C273922919,107824.0,77817.69,0,0
25,PAYMENT,9867.13,C213402383,70558.0,60690.87,M599757645,0.0,0.0,0,0
31,CASH_OUT,378204.02,C1309442409,378204.02,0.0,C1009459055,0.0,378204.02,1,0
33,PAYMENT,24915.1,C1547070538,0.0,0.0,M1156221246,0.0,0.0,0,0
33,PAYMENT,2172.8,C639704925,3580.38,1407.57,M2090672935,0.0,0.0,0,0
33,PAYMENT,11490.78,C60069175,400879.0,389388.22,M955458055,0.0,0.0,0,0
33,CASH_IN,209663.25,C712834645,2973733.76,3183397.02,C2072591095,810537.36,600874.11,0,0
33,PAYMENT,14136.29,C897671650,30724.0,16587.71,M199616986,0.0,0.0,0,0
33,CASH_OUT,78167.36,C1723092960,186877.0,108709.64,C1283887381,45666.29,123833.66,0,0
33,TRANSFER,2215290.78,C1333247724,321023.0,0.0,C1799632022,8030.0,1948909.12,0,0
33,PAYMENT,19831.3,C1076725116,0.0,0.0,M1927067927,0.0,0.0,0,0
33,CASH_IN,115883.39,C1900106506,1909.0,117792.39,C797637078,345038.06,229154.67,0,0
33,PAYMENT,10813.74,C33914368,284.0,0.0,M2062821746,0.0,0.0,0,0
33,PAYMENT,33792.26,C2089174775,0.0,0.0,M1808186916,0.0,0.0,0,0
33,CASH_OUT,339377.71,C2110968647,0.0,0.0,C1693430687,1068717.76,1408095.47,0,0
33,CASH_IN,87090.18,C1933937814,14636823.18,14723913.36,C368580540,2729229.08,2642138.89,0,0
33,CASH_OUT,3904.42,C1842383566,0.0,0.0,C320661599,788291.11,792195.53,0,0
33,CASH_IN,77366.42,C2139178992,2362263.22,2439629.65,C483940945,261616.96,184250.54,0,0
33,CASH_OUT,421405.76,C1715941246,0.0,0.0,C1268484359,761296.13,1273913.11,0,0
33,CASH_OUT,34606.63,C2016022676,0.0,0.0,C1959834166,328661.79,363268.43,0,0
33,CASH_OUT,141683.81,C593028859,0.0,0.0,C726210588,777971.75,919655.57,0,0
33,CASH_IN,74655.66,C1714162363,304207.0,378862.66,C1799632392,0.0,0.0,0,0
33,PAYMENT,15800.95,C1613619130,36053.0,20252.05,M1291016221,0.0,0.0,0,0
33,PAYMENT,3380.71,C1546400666,0.0,0.0,M1855487673,0.0,0.0,0,0
33,CASH_IN,122702.83,C566959439,12875777.31,12998480.13,C675358222,976061.58,853358.75,0,0
33,TRANSFER,987158.66,C330601720,0.0,0.0,C515920616,4012318.55,4999477.21,0,0
33,CASH_OUT,24987.28,C1551985003,0.0,0.0,C1175169826,654640.61,679627.89,0,0
33,CASH_IN,45935.01,C1898675741,6661298.19,6707233.2,C424486892,787605.8,1577593.93,0,0
33,CASH_OUT,190224.88,C959822002,82089.0,0.0,C1834080454,4291866.99,4482091.86,0,0
33,CASH_IN,127687.62,C1393260609,20498.0,148185.62,C760563749,3965107.93,5583629.59,0,0
33,PAYMENT,1761.83,C1422041729,186.0,0.0,M642598101,0.0,0.0,0,0
33,PAYMENT,47369.29,C824805999,367070.2,319700.91,M904576331,0.0,0.0,0,0
33,TRANSFER,986585.22,C1414633695,42082.0,0.0,C504021730,19878.77,868182.48,0,0
33,TRANSFER,319821.22,C876414294,0.0,0.0,C1697605301,345840.86,665662.08,0,0
33,CASH_OUT,159443.76,C1337850583,600336.0,440892.24,C1362000429,1199562.13,1359005.89,0,0
33,PAYMENT,14733.25,C1672344107,32192.0,17458.75,M1536628681,0.0,0.0,0,0
33,TRANSFER,1482201.96,C337835457,111.0,0.0,C509996363,14448.59,1496650.55,0,0
33,TRANSFER,214340.62,C1197781499,0.0,0.0,C1148564657,2798168.24,3012508.86,0,0
33,CASH_OUT,49619.14,C301257395,7990.46,0.0,C618390656,2960528.19,3160901.42,0,0
33,CASH_IN,233026.44,C1957858983,12208343.17,12441369.61,C1905531058,1006268.47,773242.03,0,0
33,PAYMENT,5834.48,C1501240810,0.0,0.0,M244721623,0.0,0.0,0,0
33,PAYMENT,4833.36,C1581678244,10569.0,5735.64,M771702103,0.0,0.0,0,0
33,PAYMENT,7861.31,C257533392,265280.24,257418.93,M552241511,0.0,0.0,0,0
33,CASH_OUT,263590.77,C576868543,357.0,0.0,C1945641997,0.0,263590.77,0,0
33,CASH_IN,175513.19,C784773375,5782589.44,5958102.62,C487776685,1818137.24,1642624.05,0,0
33,PAYMENT,962.89,C1293023988,29394.0,28431.11,M1181572619,0.0,0.0,0,0
33,CASH_IN,97916.66,C818273913,869503.79,967420.45,C472751704,1600901.84,1502985.18,0,0
33,PAYMENT,16731.22,C227659748,11689.0,0.0,M567158970,0.0,0.0,0,0
33,CASH_OUT,262332.58,C218090998,0.0,0.0,C1876210090,945728.89,1008115.06,0,0
33,CASH_IN,148976.62,C325463796,1801.0,150777.62,C1731570331,20818.0,0.0,0,0
33,PAYMENT,1225.79,C371759944,19828.0,18602.21,M1564574799,0.0,0.0,0,0
33,CASH_OUT,168930.36,C454876847,0.0,0.0,C1414691609,208737.0,2884430.42,0,0
34,CASH_OUT,234892.19,C1949719965,0.0,0.0,C70462365,1691579.2,3018493.06,0,0
34,PAYMENT,32975.68,C1460004117,384669.06,351693.38,M1714057967,0.0,0.0,0,0
34,TRANSFER,180125.25,C514830411,275848.04,95722.79,C1105051465,1603545.33,1783670.58,0,0
34,TRANSFER,1092021.68,C85067411,0.0,0.0,C70462365,1926471.38,3018493.06,0,0
34,CASH_IN,89799.46,C49814729,0.0,89799.46,C2039261941,2646136.74,2556337.27,0,0
34,PAYMENT,40817.08,C1826787030,305357.0,264539.92,M1837086014,0.0,0.0,0,0
34,CASH_OUT,222338.62,C1054486355,21391.0,0.0,C1937552507,188183.43,374875.69,0,0
34,PAYMENT,13039.97,C1150812776,172251.31,159211.34,M570229762,0.0,0.0,0,0
34,CASH_OUT,114740.15,C486950946,0.0,0.0,C1957505265,283360.21,882757.85,0,0
34,CASH_OUT,509500.61,C467479414,11850.0,0.0,C1071313510,0.0,509500.61,0,0
34,CASH_OUT,444651.5,C1472991257,0.0,0.0,C1185525558,11589467.16,12000463.66,0,0
34,CASH_OUT,198433.62,C366664173,0.0,0.0,C1916913947,946751.43,1322349.82,0,0
34,PAYMENT,9271.22,C1624302735,50011.0,40739.78,M800821063,0.0,0.0,0,0
34,PAYMENT,15258.36,C275170064,2289.37,0.0,M1440519828,0.0,0.0,0,0
34,CASH_IN,195759.82,C1871565763,13666730.14,13862489.96,C367220298,426781.93,231022.11,0,0
34,CASH_OUT,97554.97,C417177859,0.0,0.0,C72433267,344963.45,171908.58,0,0
34,CASH_OUT,380369.67,C658434477,0.0,0.0,C1143394353,804179.69,1184549.36,0,0
34,CASH_OUT,7700.29,C2108994419,693080.0,685379.71,C501726975,208371.25,0.0,0,0
34,TRANSFER,204063.37,C1140863357,593.0,0.0,C1714096953,26619.55,93790.99,0,0
34,CASH_OUT,464296.35,C1405165472,220.0,0.0,C443044974,84177.88,548474.23,0,0
34,PAYMENT,14913.69,C67188214,336160.36,321246.67,M1765175913,0.0,0.0,0,0
34,CASH_IN,77342.25,C15208897,49674.0,127016.25,C482247884,0.0,0.0,0,0
34,CASH_OUT,719037.22,C150434992,101665.0,0.0,C1537389961,164522.19,883559.42,0,0
34,CASH_OUT,5534.36,C1050624119,0.0,0.0,C1879097310,62451.42,67985.78,0,0
34,PAYMENT,36293.24,C1768683680,159.0,0.0,M1019569694,0.0,0.0,0,0
34,CASH_OUT,263506.4,C1027693213,0.0,0.0,C391520388,358682.74,622189.15,0,0
34,PAYMENT,10267.23,C322441043,0.0,0.0,M1391856017,0.0,0.0,0,0
34,CASH_OUT,215717.52,C1804917258,0.0,0.0,C818321094,13057891.82,13273609.33,0,0
34,CASH_OUT,142094.76,C1107914916,0.0,0.0,C61633830,3544487.26,3875232.24,0,0
34,PAYMENT,4484.46,C1090155866,97924.48,93440.02,M1878019698,0.0,0.0,0,0
34,CASH_IN,121302.34,C1310487509,21182023.18,21303325.53,C1920297459,1995392.06,1874089.72,0,0
34,CASH_IN,169907.53,C1962337321,4533910.98,4703818.51,C1031619409,1029467.6,859560.07,0,0
34,CASH_IN,614556.0,C557416720,4386612.89,5001168.89,C1108093045,1508758.6,894202.6,0,0
34,CASH_OUT,143731.29,C1851674796,0.0,0.0,C127385698,3837244.22,3980975.5,0,0
34,CASH_OUT,175340.58,C219375164,69910.0,0.0,C2032253012,142043.99,348366.22,0,0
34,CASH_OUT,174432.69,C1781127490,0.0,0.0,C1793056361,1735939.3,1910371.99,0,0
34,CASH_OUT,111945.64,C1110769553,0.0,0.0,C802800115,2491988.91,2603934.55,0,0
34,CASH_OUT,139037.46,C352632305,144.0,0.0,C1791707644,0.0,364669.08,0,0
34,CASH_IN,50682.67,C2054682670,18860.0,69542.67,C268015485,4801911.35,4751228.68,0,0
34,CASH_OUT,625031.17,C949290387,0.0,0.0,C114012090,1615161.86,2240193.03,0,0
34,CASH_OUT,68838.48,C1314957783,60604.0,0.0,C1723415008,85425.6,154264.07,0,0
34,CASH_OUT,37822.85,C1050031814,247723.0,209900.15,C1339011178,0.0,37822.85,0,0
34,PAYMENT,21660.68,C1006969356,0.0,0.0,M1070343847,0.0,0.0,0,0
34,PAYMENT,6366.8,C1066666527,0.0,0.0,M1502292947,0.0,0.0,0,0
34,CASH_IN,58654.85,C83677970,3264211.25,3322866.11,C62166268,104884.31,46229.45,0,0
34,DEBIT,2377.95,C612280094,4424.0,2046.05,C388137400,467262.71,400605.02,0,0
34,CASH_IN,176609.79,C1695937966,458.0,177067.79,C609850967,434501.24,257891.45,0,0
34,TRANSFER,355312.94,C1212732224,4480.0,0.0,C282213046,2188559.48,2543872.42,0,0
34,CASH_IN,17106.95,C1302947311,3887757.44,3904864.38,C555121084,109284.71,92177.76,0,0
35,CASH_IN,266169.6,C316099929,4120977.68,4387147.28,C1817855182,806780.14,540610.54,0,0
35,CASH_OUT,601393.62,C1409686170,0.0,0.0,C1894575391,13116838.17,13718231.79,0,0
35,PAYMENT,27871.18,C1119646152,260006.69,232135.5,M474868357,0.0,0.0,0,0
35,PAYMENT,2432.96,C719908734,0.0,0.0,M1014964335,0.0,0.0,0,0
35,CASH_IN,233833.53,C2040047444,15104.0,248937.53,C84020364,0.0,0.0,0,0
35,PAYMENT,3956.16,C5860633,32869.9,28913.74,M2076614866,0.0,0.0,0,0
35,CASH_OUT,454573.84,C1049313476,340.0,0.0,C734076060,4182820.98,4637394.82,0,0
35,CASH_IN,51193.67,C1131065869,2980178.32,3031371.99,C1400219164,1375792.88,1324599.21,0,0
35,CASH_OUT,23601.54,C964203045,3006.0,0.0,C1218493381,1049186.87,1121033.04,0,0
35,CASH_IN,96849.26,C919768706,2105289.34,2202138.6,C320737482,1037811.96,993698.11,0,0
35,CASH_IN,146105.94,C1340339535,99286.0,245391.94,C8419048,1079624.54,933518.6,0,0
35,CASH_IN,15481.05,C226307155,1543457.01,1558938.06,C602676993,645767.88,630286.84,0,0
35,CASH_OUT,225739.72,C1183259912,10876.0,0.0,C290127149,0.0,225739.72,0,0
35,CASH_OUT,151351.59,C1232003489,219256.48,67904.89,C1875583711,948725.93,1831244.81,0,0
35,CASH_OUT,439204.23,C1859941478,277043.0,0.0,C735271443,0.0,439204.23,0,0
35,CASH_OUT,17815.04,C120716577,0.0,0.0,C1631597817,983223.15,1001038.19,0,0
35,CASH_OUT,240128.29,C1040312337,0.0,0.0,C1952801297,306726.14,546854.43,0,0
35,PAYMENT,2182.13,C2114781253,31613.0,29430.87,M819255615,0.0,0.0,0,0
35,PAYMENT,39858.9,C1868158907,239881.22,200022.32,M480299882,0.0,0.0,0,0
35,CASH_OUT,51072.65,C454709525,0.0,0.0,C1900673854,109244.21,160316.86,0,0
35,PAYMENT,15655.18,C623452692,0.0,0.0,M1865422041,0.0,0.0,0,0
35,CASH_OUT,502439.71,C2051857306,0.0,0.0,C1220025796,1134389.44,1636829.14,0,0
35,PAYMENT,19684.98,C1483379925,280831.32,261146.34,M1832408315,0.0,0.0,0,0
35,CASH_IN,208726.25,C1976620044,137.0,208863.25,C695271521,0.0,0.0,0,0
35,TRANSFER,1031634.7,C1640146745,54966.0,0.0,C829639080,608229.37,1639864.07,0,0
35,PAYMENT,19621.45,C127024446,9995.0,0.0,M296066400,0.0,0.0,0,0
35,PAYMENT,4690.71,C1064363230,0.0,0.0,M1016169644,0.0,0.0,0,0
35,PAYMENT,2572.95,C921110281,21108.0,18535.05,M1853880513,0.0,0.0,0,0
35,CASH_IN,302184.27,C934668449,4167555.97,4469740.24,C1263514906,4150780.33,3848596.06,0,0
35,CASH_OUT,182947.1,C1766437341,81943.0,0.0,C1451395635,0.0,182947.1,0,0
35,PAYMENT,9800.6,C1598427942,11172.0,1371.4,M2036182988,0.0,0.0,0,0
35,PAYMENT,1000.31,C896237794,0.0,0.0,M416326999,0.0,0.0,0,0
35,CASH_OUT,221111.91,C1473525597,1307.0,0.0,C611581099,59009.32,280121.24,0,0
35,CASH_OUT,187126.24,C584098874,26378.0,0.0,C689483405,75836.09,262962.33,0,0
35,PAYMENT,239.38,C1512136218,414952.29,414712.91,M530848931,0.0,0.0,0,0
35,PAYMENT,8829.76,C538593274,0.0,0.0,M414938241,0.0,0.0,0,0
36,CASH_OUT,509814.58,C1369391328,2228.0,0.0,C583702647,0.0,509814.58,0,0
36,PAYMENT,11856.33,C1291285194,0.0,0.0,M1691297260,0.0,0.0,0,0
36,CASH_IN,439209.43,C324182694,3996510.51,4435719.94,C1609526636,534746.08,95536.66,0,0
36,CASH_IN,19425.63,C2049488767,5815153.31,5834578.93,C181046866,561688.9,542263.27,0,0
36,CASH_OUT,139429.87,C2013771290,215922.0,76492.13,C1395121175,0.0,139429.87,0,0
36,CASH_IN,145290.15,C1027981950,136959.0,282249.15,C229726969,500036.5,354746.35,0,0
36,PAYMENT,4252.39,C2142030391,47794.0,43541.61,M1758334394,0.0,0.0,0,0
36,CASH_OUT,109645.11,C481677238,0.0,0.0,C1699468864,648676.98,994687.67,0,0
36,PAYMENT,28471.38,C952945104,10081.0,0.0,M200791966,0.0,0.0,0,0
36,CASH_OUT,279281.29,C462309403,163217.0,0.0,C914780932,19305.33,298586.62,0,0
36,CASH_OUT,499125.56,C1931947073,155960.0,0.0,C1753369058,14527.07,513652.63,0,0
36,CASH_OUT,308443.22,C1492501308,106077.0,0.0,C1852870231,0.0,308443.22,0,0
36,CASH_OUT,40520.63,C1378118248,0.0,0.0,C790127009,3096108.55,3002297.15,0,0
36,CASH_OUT,59190.54,C890085381,30880.0,0.0,C1515083986,0.0,59190.54,0,0
36,CASH_OUT,233409.24,C699103843,128.0,0.0,C1902027015,3823186.9,4056596.14,0,0
36,PAYMENT,6058.62,C1759465401,0.0,0.0,M1145746969,0.0,0.0,0,0
36,CASH_OUT,425495.75,C2001796247,11292.0,0.0,C440453962,0.0,285744.13,0,0
36,CASH_OUT,68286.73,C1361035003,111392.98,43106.26,C796663693,1439412.41,1507699.14,0,0
36,PAYMENT,2351.2,C259952331,646980.82,644629.61,M551077286,0.0,0.0,0,0
36,CASH_OUT,284524.83,C741086349,25640.0,0.0,C1996057023,845762.62,1130287.45,0,0
36,CASH_IN,134312.8,C454603421,2398318.46,2532631.25,C381354855,332532.54,198219.75,0,0
36,CASH_IN,5789.63,C1668070212,30335.0,36124.63,C1665080854,399016.47,393226.84,0,0
36,CASH_IN,211209.42,C496566,318620.17,529829.59,C450985737,963892.7,752683.28,0,0
36,TRANSFER,408240.76,C1047806704,27381.0,0.0,C722914837,544794.16,953034.91,0,0
36,CASH_IN,270588.47,C2016858860,27218316.42,27488904.89,C831147856,472564.41,201975.94,0,0
36,PAYMENT,38462.44,C439105385,240345.02,201882.58,M798340657,0.0,0.0,0,0
36,PAYMENT,10465.36,C1093742213,0.0,0.0,M1176579191,0.0,0.0,0,0
36,PAYMENT,16590.63,C211451703,0.0,0.0,M170302232,0.0,0.0,0,0
36,CASH_OUT,8882.87,C1823145989,21649.0,12766.13,C1422962266,0.0,8882.87,0,0
36,PAYMENT,28282.89,C2005639391,51745.0,23462.11,M1173158617,0.0,0.0,0,0
36,CASH_OUT,28984.68,C1651966098,67911.04,38926.36,C1477931782,2139290.12,1872335.73,0,0
36,CASH_OUT,48032.71,C49710153,0.0,0.0,C1414482641,130739.73,178772.43,0,0
36,PAYMENT,66495.42,C1225458800,2794.0,0.0,M1047689268,0.0,0.0,0,0
36,CASH_OUT,190979.51,C170037975,9743.0,0.0,C1030386925,926358.8,1117338.31,0,0
36,PAYMENT,6752.65,C660645268,99216.6,92463.94,M66050572,0.0,0.0,0,0
36,CASH_OUT,143671.64,C737675707,6259.0,0.0,C787785033,96480.12,240151.76,0,0
36,PAYMENT,2569.57,C1576037838,336867.8,334298.23,M1919170001,0.0,0.0,0,0
36,PAYMENT,6165.51,C773924213,889555.83,883390.32,M1603227456,0.0,0.0,0,0
36,PAYMENT,5149.65,C1761304314,691252.44,686102.79,M840532826,0.0,0.0,0,0
36,CASH_OUT,176492.51,C26108812,0.0,0.0,C1345228910,4020443.23,4196935.74,0,0
36,PAYMENT,2699.12,C1015161067,1154320.96,1151621.85,M1702964070,0.0,0.0,0,0
36,CASH_IN,197273.24,C988402955,201.0,197474.24,C325418292,2813226.51,4024088.58,0,0
36,CASH_OUT,325348.68,C1732505445,0.0,0.0,C1472597158,2273740.16,2599088.84,0,0
36,CASH_OUT,202004.16,C522477779,0.0,0.0,C1151880738,514633.98,716638.14,0,0
36,PAYMENT,19436.74,C1372470754,620.0,0.0,M1139406113,0.0,0.0,0,0
36,PAYMENT,24710.92,C1060691748,0.0,0.0,M693048129,0.0,0.0,0,0
36,PAYMENT,8992.32,C1420508653,0.0,0.0,M664174842,0.0,0.0,0,0
36,CASH_OUT,430840.34,C1135089964,336448.65,0.0,C1655763338,689944.07,1120784.4,0,0
36,CASH_OUT,188454.75,C676985888,52944.0,0.0,C119799905,0.0,188454.75,0,0
36,PAYMENT,37900.07,C2016562398,0.0,0.0,M1528902683,0.0,0.0,0,0
36,CASH_IN,3521.1,C75682343,12332.0,15853.1,C388757959,306590.5,303069.39,0,0
36,CASH_OUT,216454.33,C2138063452,125229.0,0.0,C1586791050,0.0,216454.33,0,0
36,CASH_OUT,269989.48,C508948017,0.0,0.0,C486533719,605638.41,875627.89,0,0
36,TRANSFER,1183895.88,C1243025147,92303.0,0.0,C884649249,0.0,1271207.95,0,0
36,CASH_OUT,160000.07,C35843578,0.0,0.0,C1367535639,5884421.32,6044421.38,0,0
36,CASH_OUT,9253.7,C699275825,0.0,0.0,C1589302187,157089.26,166342.95,0,0
36,CASH_OUT,876038.94,C1732604259,358729.0,0.0,C1180600529,3186435.8,3897342.11,0,0
36,CASH_OUT,287726.85,C534978803,11035.0,0.0,C1020977182,227592.07,515318.91,0,0
36,TRANSFER,2028574.72,C951474316,200609.0,0.0,C858382869,1470319.82,3498894.54,0,0
36,CASH_IN,139883.55,C968332078,11451.0,151334.55,C251532357,227962.58,88079.03,0,0
36,CASH_OUT,197823.76,C1090985515,20683.0,0.0,C1412572692,542632.33,740456.09,0,0
36,CASH_IN,110764.94,C1404146868,19743180.66,19853945.6,C1101040221,461344.82,350579.89,0,0
37,CASH_OUT,259623.03,C181990308,60714.0,0.0,C887761954,1508777.2,1768400.24,0,0
37,CASH_IN,136941.11,C2063762466,20962.0,157903.11,C369431135,0.0,61537.98,0,0
37,CASH_OUT,366712.64,C1492355403,121.0,0.0,C574962266,0.0,366712.64,0,0
37,CASH_OUT,386727.13,C1710667192,0.0,0.0,C750862638,3687580.77,4074307.9,0,0
37,CASH_OUT,17495.32,C1809195170,25277.0,7781.68,C344143599,988125.47,1005620.78,0,0
37,CASH_OUT,6394.42,C140975016,0.0,0.0,C768985209,207615.04,214009.46,0,0
37,PAYMENT,2173.0,C1604806753,38220.3,36047.29,M1240163171,0.0,0.0,0,0
37,PAYMENT,6791.32,C327588610,25019.45,18228.13,M394547088,0.0,0.0,0,0
37,CASH_OUT,183378.65,C771851196,0.0,0.0,C1994013307,1134985.48,1318364.14,0,0
37,CASH_OUT,63252.71,C2055503741,0.0,0.0,C1921651287,1734942.38,1798195.1,0,0
37,PAYMENT,9408.33,C1412173147,0.0,0.0,M1507462236,0.0,0.0,0,0
37,CASH_OUT,355109.48,C414598932,92578.0,0.0,C59480907,66994.71,422104.2,0,0
37,CASH_IN,162827.37,C1149640411,21340.0,184167.37,C1503324581,4439527.76,4276700.4,0,0
37,PAYMENT,7668.61,C606898635,452843.11,445174.49,M276227484,0.0,0.0,0,0
37,CASH_IN,139950.68,C139098705,1668813.13,1808763.81,C1381609700,1465121.86,1325171.18,0,0
37,CASH_OUT,258595.79,C445428848,7089.0,0.0,C255246845,2694560.23,2953156.01,0,0
37,PAYMENT,18470.71,C978783374,73026.05,54555.34,M2060522841,0.0,0.0,0,0
37,DEBIT,1704.01,C1684909742,22462.0,20757.99,C1741957724,763725.68,765429.69,0,0
37,CASH_OUT,159118.43,C587357420,0.0,0.0,C108169368,1372039.35,1531157.78,0,0
37,CASH_IN,158655.04,C158255345,104398.0,263053.04,C981031473,0.0,0.0,0,0
37,PAYMENT,7368.72,C1012643688,0.0,0.0,M289138607,0.0,0.0,0,0
37,PAYMENT,7577.89,C848341454,0.0,0.0,M1345227543,0.0,0.0,0,0
37,CASH_OUT,25981.92,C1472049307,0.0,0.0,C642542160,2987448.39,3013430.31,0,0
37,PAYMENT,6192.65,C1792860766,0.0,0.0,M1634912084,0.0,0.0,0,0
37,PAYMENT,52528.12,C1782017902,102398.0,49869.88,M201909417,0.0,0.0,0,0
37,CASH_OUT,177189.61,C650919973,0.0,0.0,C1117063507,324462.02,501651.63,0,0
37,PAYMENT,3634.25,C339808071,0.0,0.0,M1190981660,0.0,0.0,0,0
37,CASH_OUT,273505.96,C782837236,0.0,0.0,C2094369943,322109.43,561486.88,0,0
37,PAYMENT,17511.62,C926394236,106133.49,88621.87,M915163075,0.0,0.0,0,0
37,PAYMENT,24573.88,C551874366,0.0,0.0,M1472029002,0.0,0.0,0,0
37,CASH_OUT,184278.81,C1520010133,0.0,0.0,C1316168429,1696581.8,1880860.61,0,0
37,PAYMENT,6152.39,C532822263,0.0,0.0,M908017955,0.0,0.0,0,0
37,TRANSFER,1187446.38,C5827672,0.0,0.0,C1255382953,2245938.96,3433385.34,0,0
37,PAYMENT,5981.1,C1506901740,90576.0,84594.9,M617837611,0.0,0.0,0,0
37,CASH_OUT,85564.54,C1248439876,146810.0,61245.46,C68129671,248989.09,334553.63,0,0
37,CASH_IN,330507.74,C1037575831,4078164.49,4408672.23,C1837057885,1981275.25,1650767.51,0,0
37,PAYMENT,20864.67,C1025287991,430370.0,409505.33,M705642385,0.0,0.0,0,0
37,TRANSFER,1098738.85,C488704730,52.0,0.0,C920447385,35463.86,1134202.71,0,0
37,CASH_OUT,136335.46,C666478533,0.0,0.0,C2095611317,4419726.72,4518576.6,0,0
37,CASH_IN,104622.27,C260175288,14570044.27,14674666.55,C697932964,1001650.69,897028.41,0,0
37,CASH_OUT,35216.95,C490087898,100081.0,64864.05,C2061652186,25468.41,60685.35,0,0
37,PAYMENT,6747.52,C1391507942,241513.0,234765.48,M423282943,0.0,0.0,0,0
37,CASH_OUT,90439.5,C1254085014,0.0,0.0,C1794607688,8982735.27,9073174.77,0,0
37,CASH_OUT,128693.56,C664247961,0.0,0.0,C2095667553,157732.27,286425.83,0,0
37,CASH_OUT,354054.33,C68224467,11534.0,0.0,C1363784160,27423.21,381477.53,0,0
37,CASH_OUT,35575.3,C727762183,0.0,0.0,C96817606,511776.09,547351.38,0,0
37,CASH_OUT,208742.54,C922910884,11279.0,0.0,C840259757,314804.49,523547.03,0,0
37,TRANSFER,1097115.2,C322952239,15573.0,0.0,C1539556581,3050900.73,4148015.94,0,0
37,CASH_IN,360410.65,C1703325034,4636321.52,4996732.17,C215096440,926940.55,566529.9,0,0
37,PAYMENT,12525.3,C1918721039,10123.0,0.0,M1180101536,0.0,0.0,0,0
37,CASH_IN,244786.43,C1412775588,17729772.82,17974559.25,C934959714,962834.04,718047.61,0,0
37,PAYMENT,4669.67,C443319974,0.0,0.0,M989758563,0.0,0.0,0,0
37,CASH_IN,44408.25,C1733856647,6982379.95,7026788.2,C99354359,825672.45,781264.2,0,0
37,CASH_OUT,105046.01,C2039795085,238590.28,133544.27,C854944008,235107.78,340153.79,0,0
38,CASH_OUT,22847.94,C1505322979,5102.0,0.0,C1883852875,118234.98,141082.92,0,0
38,CASH_OUT,430869.34,C1850946893,80077.25,0.0,C1100495370,487526.79,1219111.56,0,0
38,CASH_OUT,356.48,C436419897,45474.0,45117.52,C549193644,0.0,356.48,0,0
38,PAYMENT,14541.95,C311040446,0.0,0.0,M1109350319,0.0,0.0,0,0
38,PAYMENT,2303.66,C754029720,0.0,0.0,M1751383839,0.0,0.0,0,0
38,CASH_OUT,281920.81,C1139429197,59831.0,0.0,C781150764,112895.56,375997.38,0,0
38,PAYMENT,7418.87,C1721310294,0.0,0.0,M1206745952,0.0,0.0,0,0
38,PAYMENT,1407.46,C1253431906,0.0,0.0,M553496892,0.0,0.0,0,0
38,PAYMENT,5710.39,C2064645826,11105.0,5394.61,M1001641643,0.0,0.0,0,0
38,CASH_OUT,18418.95,C1259787197,28383.0,9964.05,C222506215,15641.37,34060.32,0,0
38,CASH_OUT,14539.36,C878274814,0.0,0.0,C874724661,133628.14,148167.5,0,0
38,CASH_OUT,585466.62,C731560973,153020.0,0.0,C314413129,6231807.5,6817274.12,0,0
38,CASH_IN,185542.98,C298108275,10536442.23,10721985.21,C1997050573,1285754.3,1100211.31,0,0
38,CASH_OUT,79536.14,C539402726,0.0,0.0,C811694767,3047906.99,3127443.12,0,0
38,PAYMENT,1862.71,C1826276646,0.0,0.0,M1861920546,0.0,0.0,0,0
38,TRANSFER,692433.92,C2041159372,0.0,0.0,C1978876252,1897213.43,2589647.35,0,0
38,CASH_IN,37733.98,C418446109,4715143.73,4752877.71,C570634540,117505.81,79771.83,0,0
38,CASH_OUT,13074.33,C1937367208,0.0,0.0,C962412536,3810062.13,3823136.46,0,0
38,CASH_OUT,72970.32,C746989075,0.0,0.0,C1315580654,813160.96,886131.29,0,0
38,TRANSFER,424387.12,C1297286939,0.0,0.0,C666222090,424524.24,848911.36,0,0
38,TRANSFER,164264.67,C311087237,0.0,0.0,C179239461,1395635.25,1559899.91,0,0
38,TRANSFER,757778.37,C923862287,236005.39,0.0,C519848959,1280054.9,2037833.27,0,0
38,CASH_OUT,248036.01,C302928639,5.0,0.0,C157627543,3065000.58,3313036.59,0,0
38,PAYMENT,455.57,C1514823009,0.0,0.0,M968695985,0.0,0.0,0,0
38,PAYMENT,8253.21,C1139085380,431.0,0.0,M1988180723,0.0,0.0,0,0
38,PAYMENT,10506.24,C2088757338,5279.0,0.0,M181225281,0.0,0.0,0,0
38,CASH_IN,135917.91,C1740347633,15705837.44,15841755.35,C1403646239,1028144.96,892227.06,0,0
38,PAYMENT,8849.66,C870856891,0.0,0.0,M1287332931,0.0,0.0,0,0
38,CASH_OUT,149364.31,C1915778662,22240.0,0.0,C389887305,0.0,149364.31,0,0
38,CASH_OUT,112840.95,C1605637593,0.0,0.0,C1342938160,182371.48,295212.43,0,0
38,CASH_OUT,161673.26,C1645215310,0.0,0.0,C411298731,386497.75,725157.69,0,0
38,CASH_OUT,300086.76,C2120014160,0.0,0.0,C454449973,1287801.59,1587888.35,0,0
38,PAYMENT,6174.15,C592316549,148.0,0.0,M570157010,0.0,0.0,0,0
38,PAYMENT,11125.74,C2115415033,19865.0,8739.26,M416198924,0.0,0.0,0,0
38,PAYMENT,10357.86,C317644078,0.0,0.0,M567767831,0.0,0.0,0,0
38,CASH_IN,123263.47,C1331719104,1238002.85,1361266.32,C1709983447,285723.3,12774.88,0,0
38,CASH_OUT,208911.37,C1796115735,19889.0,0.0,C124947437,332957.95,541869.32,0,0
38,CASH_IN,156217.83,C1487437827,1155946.17,1312164.0,C131127028,162463.2,6245.37,0,0
38,PAYMENT,4635.1,C621144366,0.0,0.0,M1406432378,0.0,0.0,0,0
38,CASH_IN,481905.83,C1582889721,59422.0,541327.83,C2019943212,1809812.4,1327906.57,0,0
38,PAYMENT,4694.88,C397933041,65475.0,60780.12,M1435124965,0.0,0.0,0,0
38,CASH_OUT,16253.16,C1447520885,0.0,0.0,C1869400026,216734.62,232987.78,0,0
38,CASH_OUT,211787.81,C1902872371,205871.0,0.0,C807247901,4234972.43,4492005.65,0,0
39,CASH_IN,311815.03,C1719626230,371940.84,683755.87,C851296994,703734.39,391919.36,0,0
39,TRANSFER,447653.84,C2101540400,2705.0,0.0,C118340754,872983.55,1320637.38,0,0
39,TRANSFER,1133852.6,C296238365,0.0,0.0,C1321640594,4729918.7,5863771.29,0,0
39,TRANSFER,1449679.95,C425741875,0.0,0.0,C10058268,2162063.23,3611743.18,0,0
39,PAYMENT,7765.67,C1608103104,0.0,0.0,M628402589,0.0,0.0,0,0
39,PAYMENT,2318.16,C2034436952,7268.0,4949.84,M757532521,0.0,0.0,0,0
39,PAYMENT,22338.24,C777536262,20779.0,0.0,M1653478910,0.0,0.0,0,0
39,TRANSFER,729589.88,C673776428,152514.0,0.0,C306350526,468258.07,1197847.95,0,0
39,PAYMENT,1397.74,C2009788942,210816.26,209418.51,M549214411,0.0,0.0,0,0
39,CASH_IN,277109.19,C1161483287,3218656.87,3495766.07,C691302666,2669192.15,2392082.96,0,0
39,CASH_IN,68032.19,C763049697,13812522.96,13880555.15,C1582485680,141694.82,73662.63,0,0
39,CASH_OUT,566794.32,C1115581718,949.0,0.0,C2106576923,1309827.75,1876622.07,0,0
39,PAYMENT,4491.35,C2008047012,27609.0,23117.65,M975108710,0.0,0.0,0,0
39,CASH_IN,162020.46,C1073486257,536466.03,698486.49,C711922411,1853226.57,1691206.11,0,0
39,CASH_IN,41833.43,C594452604,3946804.75,3988638.18,C1635773815,225580.33,183746.89,0,0
39,CASH_IN,53012.08,C1034901001,2958167.03,3011179.11,C1535200013,820111.92,767099.84,0,0
39,CASH_IN,260767.83,C1311131686,6524612.87,6785380.7,C366817454,597918.47,337150.64,0,0
39,TRANSFER,2486.45,C866641247,0.0,0.0,C1724682123,23272.84,25759.29,0,0
39,PAYMENT,2150.66,C1071649567,6561.0,4410.34,M1783135767,0.0,0.0,0,0
39,CASH_OUT,115998.17,C1031982275,0.0,0.0,C1474904644,242447.33,75398.86,0,0
39,CASH_OUT,211582.79,C198719595,104935.0,0.0,C1702808995,940877.87,1076290.67,0,0
39,TRANSFER,842085.77,C821660236,814.0,0.0,C114118966,383104.13,1143087.85,0,0
39,CASH_IN,35009.89,C207215746,51012.0,86021.89,C419878150,114574.85,79564.96,0,0
39,CASH_IN,19948.07,C301835046,107.0,20055.07,C1675272364,2091175.86,2071227.8,0,0
39,TRANSFER,299548.4,C635938387,0.0,0.0,C574462834,1081592.13,1381140.53,0,0
39,CASH_IN,105503.5,C488152691,75548.0,181051.5,C878206965,14461.13,0.0,0,0
39,CASH_OUT,58659.39,C844182913,0.0,0.0,C25724948,951828.4,1010487.79,0,0
39,PAYMENT,9030.42,C580344009,21581.0,12550.58,M1303274985,0.0,0.0,0,0
39,CASH_OUT,59990.59,C127971888,25068.0,0.0,C1178284895,252193.05,312183.64,0,0
39,CASH_OUT,308469.09,C1309897192,259713.0,0.0,C1278761898,498224.82,977208.97,0,0
39,CASH_OUT,27235.59,C558201890,3243.0,0.0,C219625014,1479793.28,1507028.87,0,0
39,CASH_IN,74156.42,C338989784,90054.0,164210.42,C1239117852,2237090.17,2162933.76,0,0
39,CASH_OUT,158679.75,C205399300,0.0,0.0,C162153317,479946.58,638626.33,0,0
39,CASH_IN,244879.5,C2142530434,129534.0,374413.5,C905541801,0.0,0.0,0,0
39,PAYMENT,2121.91,C1394471270,0.0,0.0,M705157292,0.0,0.0,0,0
39,PAYMENT,6750.41,C288816334,8179.38,1428.97,M352890652,0.0,0.0,0,0
39,CASH_OUT,85506.4,C966409734,0.0,0.0,C2078017267,896657.84,982164.24,0,0
39,PAYMENT,18217.35,C1672102305,240378.42,222161.07,M1273095373,0.0,0.0,0,0
39,CASH_OUT,65441.36,C1893398078,14754.0,0.0,C1657138587,7543.71,72985.07,0,0
39,CASH_IN,191814.66,C1370106215,227752.46,419567.12,C746400406,499614.9,353875.4,0,0
40,PAYMENT,13863.31,C998739779,97554.33,83691.02,M541977239,0.0,0.0,0,0
40,CASH_OUT,154447.49,C30167277,15798.94,0.0,C51213504,1252690.49,1667930.51,0,0
40,CASH_IN,288094.36,C430973025,32833.0,320927.36,C146981704,2624316.5,1858616.37,0,0
40,CASH_IN,229000.13,C12683216,5147.0,234147.13,C871487562,5811326.94,5685372.06,0,0
40,CASH_IN,82925.65,C1750481590,1683888.04,1766813.68,C2040628937,1403597.42,1320671.78,0,0
40,CASH_OUT,462463.48,C697320614,12189.0,0.0,C1781467470,0.0,462463.48,0,0
40,PAYMENT,2904.93,C1906218492,15464.72,12559.79,M743586368,0.0,0.0,0,0
40,CASH_IN,94846.54,C1300373052,6149416.43,6244262.98,C1397346038,3911353.33,3816506.79,0,0
40,CASH_OUT,455387.16,C316576872,0.0,0.0,C1026434853,3515319.25,3970706.41,0,0
40,CASH_OUT,112610.99,C1654401593,0.0,0.0,C1477190619,375186.69,487797.68,0,0
40,PAYMENT,13992.32,C860296299,22630.0,8637.68,M1559761292,0.0,0.0,0,0
40,PAYMENT,457.9,C1556564513,10227.0,9769.1,M776234654,0.0,0.0,0,0
40,CASH_IN,16329.28,C965133084,8192650.06,8208979.34,C1332448134,726088.93,709759.65,0,0
40,PAYMENT,2195.6,C523036731,19189.86,16994.27,M387185128,0.0,0.0,0,0
40,PAYMENT,5863.15,C586436274,244978.0,239114.85,M1536727506,0.0,0.0,0,0
40,CASH_OUT,108456.12,C1982630223,19726.0,0.0,C1975670958,2247902.65,2356358.77,0,0
40,PAYMENT,8482.33,C623154919,0.0,0.0,M1078879363,0.0,0.0,0,0
40,CASH_OUT,135188.31,C1776132611,21682.0,0.0,C810116826,0.0,135188.31,0,0
40,CASH_IN,209978.14,C929992653,373204.33,583182.47,C121488263,4210635.58,5077115.62,0,0
40,CASH_IN,184354.27,C700423504,3427801.47,3612155.74,C963632471,2494192.49,2309838.22,0,0
40,CASH_OUT,151141.97,C345344762,114142.0,0.0,C1189615349,16130.15,167272.11,0,0
40,PAYMENT,20803.02,C1262231264,0.0,0.0,M1498076308,0.0,0.0,0,0
40,CASH_IN,341859.29,C1214496135,1215479.21,1557338.5,C1955673986,1472918.86,1131059.57,0,0
40,PAYMENT,6985.61,C928070537,0.0,0.0,M1921045781,0.0,0.0,0,0
40,CASH_OUT,27432.98,C2064135675,10845.0,0.0,C483982509,107347.88,134780.86,0,0
40,CASH_OUT,3189.58,C953090929,202101.0,198911.42,C212133812,0.0,0.0,0,0
40,PAYMENT,7606.43,C789968948,0.0,0.0,M1661582625,0.0,0.0,0,0
40,PAYMENT,20113.73,C2049550102,1018312.47,998198.75,M1591392833,0.0,0.0,0,0
40,PAYMENT,24840.97,C2137541015,24551.0,0.0,M1431181343,0.0,0.0,0,0
40,PAYMENT,11027.08,C847212475,234188.09,223161.01,M1252546303,0.0,0.0,0,0
40,TRANSFER,175759.16,C1867114532,31.0,0.0,C280151589,0.0,175759.16,0,0
40,TRANSFER,1288791.33,C1933493929,0.0,0.0,C943862043,5452517.54,6741308.87,0,0
40,PAYMENT,25509.52,C1770095015,22012.0,0.0,M153108375,0.0,0.0,0,0
40,CASH_OUT,132353.05,C1868740234,0.0,0.0,C2062903496,229945.83,362298.88,0,0
40,CASH_OUT,273587.09,C396777356,0.0,0.0,C1284307762,495961.6,769548.69,0,0
40,CASH_IN,323450.59,C473055698,3413427.93,3736878.52,C596595229,3445417.36,3121966.77,0,0
40,CASH_OUT,251816.55,C2140057996,306971.65,55155.1,C1062244425,657632.23,1039502.91,0,0
40,CASH_OUT,485267.88,C638665817,0.0,0.0,C1849253726,695766.69,1181034.57,0,0
40,PAYMENT,1917.7,C1761896037,5124.0,3206.3,M386028089,0.0,0.0,0,0
40,PAYMENT,15798.97,C1395154202,0.0,0.0,M1874945725,0.0,0.0,0,0
40,CASH_IN,222368.83,C1079525782,668.0,223036.83,C909271348,0.0,0.0,0,0
40,CASH_OUT,288130.75,C1585863849,0.0,0.0,C762089999,903317.47,1191448.21,0,0
40,CASH_OUT,173001.34,C1777538227,0.0,0.0,C453596808,635980.12,808981.46,0,0
40,CASH_OUT,349734.5,C1078898967,0.0,0.0,C757190272,10501170.21,10850904.71,0,0
40,CASH_OUT,51267.76,C1712582681,0.0,0.0,C659704333,82762.14,134029.91,0,0
40,PAYMENT,2757.69,C166527696,441498.97,438741.28,M1142318868,0.0,0.0,0,0
40,PAYMENT,8766.78,C1704451228,325866.46,317099.69,M1422889075,0.0,0.0,0,0
40,PAYMENT,12395.63,C1136516953,724.0,0.0,M880867275,0.0,0.0,0,0
40,CASH_OUT,270461.04,C1206064037,0.0,0.0,C277327645,478227.3,748688.34,0,0
40,CASH_OUT,210214.57,C281032718,18612.0,0.0,C1540448538,317651.32,527865.89,0,0
40,CASH_OUT,172267.0,C1898192949,276.0,0.0,C1279101919,314701.24,486968.24,0,0
40,PAYMENT,975.51,C465551456,0.0,0.0,M65229904,0.0,0.0,0,0
40,TRANSFER,590528.85,C322670014,569605.67,0.0,C1177365977,1902473.76,2750560.71,0,0
40,CASH_OUT,356932.41,C49919670,0.0,0.0,C1826925447,490711.2,847643.61,0,0
40,CASH_IN,253323.94,C2105951010,10507369.12,10760693.06,C166752075,748207.77,494883.82,0,0
40,CASH_IN,68051.19,C1139009582,40621.0,108672.19,C1321802524,7059243.88,6991192.69,0,0
41,PAYMENT,7479.98,C840896426,13343.19,5863.21,M1145314431,0.0,0.0,0,0
41,CASH_OUT,221254.96,C636694461,31171.0,0.0,C13892917,0.0,221254.96,0,0
41,PAYMENT,1049.84,C1235060592,0.0,0.0,M794150950,0.0,0.0,0,0
41,PAYMENT,5808.24,C516734942,0.0,0.0,M1271479388,0.0,0.0,0,0
41,CASH_OUT,87606.51,C917358835,70374.0,0.0,C1888509598,463.0,0.0,0,0
41,CASH_OUT,40669.74,C570563560,0.0,0.0,C318736618,4522900.86,4563570.6,0,0
41,PAYMENT,6533.76,C1193072769,0.0,0.0,M1220064197,0.0,0.0,0,0
41,PAYMENT,7455.36,C1412027804,0.0,0.0,M1980704046,0.0,0.0,0,0
41,PAYMENT,714.75,C210680589,0.0,0.0,M1633603573,0.0,0.0,0,0
41,TRANSFER,148148.85,C1988323867,0.0,0.0,C1552442220,189989.27,338138.11,0,0
41,CASH_IN,100368.86,C603911341,134890.0,235258.86,C1920484608,0.0,0.0,0,0
41,CASH_OUT,80652.36,C1971730297,21480.0,0.0,C58091972,4668402.3,4969158.24,0,0
41,CASH_IN,203139.15,C1360759873,440.0,203579.15,C509282150,843939.01,640799.86,0,0
41,PAYMENT,3287.45,C1312571521,0.0,0.0,M804578209,0.0,0.0,0,0
41,CASH_OUT,267293.21,C530040457,553049.21,285756.0,C344547321,1275626.69,1542919.9,0,0
41,PAYMENT,25146.62,C1488045445,0.0,0.0,M59576199,0.0,0.0,0,0
41,CASH_OUT,34229.7,C203966612,620362.0,586132.3,C122706647,520436.25,554665.95,0,0
41,CASH_IN,72152.4,C2117144333,6929.0,79081.4,C1310754556,0.0,0.0,0,0
41,TRANSFER,512848.36,C2052148829,0.0,0.0,C108034745,6756049.54,7180922.58,0,0
41,CASH_OUT,126591.47,C365595862,310581.0,183989.53,C1738331186,1893889.08,2036721.63,0,0
41,CASH_OUT,293415.19,C940424270,0.0,0.0,C707855680,1146358.27,1439773.46,0,0
41,PAYMENT,9820.44,C1190028360,0.0,0.0,M478078414,0.0,0.0,0,0
41,CASH_IN,328123.72,C1547677301,22102571.58,22430695.29,C438124589,1489925.31,1161801.59,0,0
41,CASH_IN,23392.99,C1251591899,19243913.59,19267306.58,C1139804798,1291588.62,1268195.63,0,0
41,PAYMENT,1620.47,C1594244246,47925.94,46305.47,M2017028064,0.0,0.0,0,0
41,CASH_OUT,65524.5,C1542672018,47012.0,0.0,C2035156803,44652.24,110176.74,0,0
41,CASH_IN,47569.49,C2038867478,18253860.2,18301429.69,C1087473055,3216652.26,3169082.77,0,0
41,CASH_OUT,125769.21,C2011024496,24172.0,0.0,C1616930619,573226.8,698996.01,0,0
41,PAYMENT,14682.29,C745320416,0.0,0.0,M1387181510,0.0,0.0,0,0
41,PAYMENT,1986.8,C365210941,1061.0,0.0,M1430295160,0.0,0.0,0,0
41,PAYMENT,7151.93,C1866901796,0.0,0.0,M883440036,0.0,0.0,0,0
41,CASH_OUT,65533.85,C224058493,50034.0,0.0,C1308807873,141700.02,207233.87,0,0
41,PAYMENT,12041.23,C1209333564,187.0,0.0,M1578457883,0.0,0.0,0,0
41,CASH_IN,141930.32,C1759451274,95551.0,237481.32,C1789011008,0.0,0.0,0,0
41,PAYMENT,8703.15,C623766130,15516.08,6812.93,M576613756,0.0,0.0,0,0
41,CASH_OUT,56175.05,C1576105845,14904.91,0.0,C1795995542,282253.01,338428.06,0,0
41,CASH_OUT,44562.01,C616041715,165538.0,120975.99,C400595120,0.0,44562.01,0,0
41,TRANSFER,260903.3,C748545621,602834.0,341930.7,C147651576,0.0,260903.3,0,0
41,PAYMENT,17998.97,C184382732,23418.0,5419.03,M759440722,0.0,0.0,0,0
41,CASH_OUT,205234.03,C431609420,1737.0,0.0,C761664271,9922366.22,10127600.25,0,0
41,TRANSFER,16229.83,C128950251,0.0,0.0,C603904068,5703731.15,5719960.98,0,0
41,PAYMENT,2155.48,C700270011,5577.0,3421.52,M1392492417,0.0,0.0,0,0
41,CASH_IN,303180.07,C1954964456,20536.0,323716.07,C249129077,1115935.05,812754.98,0,0
41,TRANSFER,313087.22,C2078995227,0.0,0.0,C784770419,1059616.55,1372703.77,0,0
41,PAYMENT,23245.92,C1925529122,0.0,0.0,M1654263415,0.0,0.0,0,0
41,CASH_IN,187112.76,C1895101778,413163.12,600275.88,C1328370575,900296.01,713183.25,0,0
41,CASH_IN,56382.13,C747774057,545970.96,602353.09,C796739539,2587507.94,2531125.81,0,0
41,CASH_IN,8598.59,C848833560,130.0,8728.59,C1315695944,92440.34,83841.75,0,0
41,PAYMENT,3255.54,C1630218334,0.0,0.0,M1323465917,0.0,0.0,0,0
41,CASH_OUT,159822.78,C234791458,0.0,0.0,C1384165364,210050.15,369872.93,0,0
41,PAYMENT,4593.39,C541236940,0.0,0.0,M79721303,0.0,0.0,0,0
41,PAYMENT,37820.34,C74068279,0.0,0.0,M398736032,0.0,0.0,0,0
41,PAYMENT,12174.57,C808392385,5602.0,0.0,M630389362,0.0,0.0,0,0
41,CASH_OUT,135930.46,C1438301897,0.0,0.0,C185152022,233036.12,587086.57,0,0
41,PAYMENT,12445.19,C859275193,0.0,0.0,M177264986,0.0,0.0,0,0
41,PAYMENT,4070.43,C2128881139,77374.52,73304.09,M974012314,0.0,0.0,0,0
41,CASH_OUT,139577.75,C306176004,0.0,0.0,C315117289,159053.36,35366.14,0,0
41,PAYMENT,1036.22,C1886899787,1212.0,175.78,M361308194,0.0,0.0,0,0
41,PAYMENT,8211.35,C2013295428,0.0,0.0,M1066286917,0.0,0.0,0,0
41,PAYMENT,8467.06,C1811293928,0.0,0.0,M504928627,0.0,0.0,0,0
41,CASH_OUT,47854.86,C1747267030,0.0,0.0,C2098269276,49570.31,97425.17,0,0
42,CASH_OUT,88687.83,C1886955713,19821.0,0.0,C228825613,1308632.17,1291494.54,0,0
42,CASH_OUT,59609.36,C60426273,11387.0,0.0,C1778281691,154033.43,213642.79,0,0
42,PAYMENT,2024.13,C847068860,15089.13,13065.0,M110287700,0.0,0.0,0,0
42,CASH_OUT,135423.36,C1013470747,0.0,0.0,C2058468294,146782.74,282206.1,0,0
42,CASH_OUT,16069.05,C479351581,30057.0,13987.95,C249141992,5583137.32,5599206.36,0,0
42,CASH_OUT,106336.12,C550956770,783577.39,677241.28,C860675807,776267.04,1054547.71,0,0
42,PAYMENT,3941.14,C1164479916,0.0,0.0,M185408357,0.0,0.0,0,0
42,CASH_IN,113140.53,C2100598919,12291.0,125431.53,C1525901034,0.0,0.0,0,0
42,PAYMENT,10426.24,C2045876461,289403.91,278977.67,M209387690,0.0,0.0,0,0
42,CASH_OUT,61508.05,C1485428773,0.0,0.0,C1864548849,2587049.26,2648557.31,0,0
42,CASH_OUT,95974.05,C544752920,441414.2,345440.15,C1338617796,1552157.99,1648132.04,0,0
42,PAYMENT,18321.19,C2088749509,0.0,0.0,M1315187991,0.0,0.0,0,0
42,CASH_OUT,101250.78,C854476058,15130.0,0.0,C428540589,8508873.41,8610124.19,0,0
42,CASH_OUT,250745.26,C412048230,0.0,0.0,C92348031,429470.78,680216.04,0,0
42,PAYMENT,13067.87,C1124751795,0.0,0.0,M1762143327,0.0,0.0,0,0
42,CASH_IN,255762.05,C293113687,191.0,255953.05,C1300769163,21801.0,0.0,0,0
42,CASH_IN,168382.22,C1221340894,4751171.39,4919553.6,C1512569520,248840.3,80458.08,0,0
42,CASH_OUT,339644.46,C2037733523,243.0,0.0,C647047743,29017.68,368662.14,0,0
42,CASH_OUT,414373.36,C49037493,0.0,0.0,C22305056,530917.29,945290.65,0,0
42,PAYMENT,10823.63,C702156608,0.0,0.0,M1559260974,0.0,0.0,0,0
42,TRANSFER,222445.87,C448816328,30355.0,0.0,C2041281014,9099416.83,9321862.69,0,0
42,PAYMENT,1923.78,C237450506,0.0,0.0,M1360574625,0.0,0.0,0,0
42,CASH_OUT,356708.66,C233587841,109226.0,0.0,C1951105002,0.0,356708.66,0,0
42,CASH_OUT,10599.52,C1924354067,10908.0,308.48,C2136594180,0.0,10599.52,0,0
42,CASH_OUT,227548.12,C2024777742,20657.0,0.0,C1135201151,0.0,29501.42,0,0
42,CASH_OUT,10980.24,C790159857,0.0,0.0,C386724472,1091812.29,1102792.53,0,0
42,CASH_IN,295406.56,C1594376887,307025.84,602432.4,C47074764,722087.06,426680.5,0,0
42,CASH_OUT,282643.07,C1221575857,0.0,0.0,C764295961,297481.33,580124.41,0,0
42,CASH_OUT,16044.13,C2076455729,0.0,0.0,C1860872624,9311021.81,9327065.95,0,0
42,CASH_OUT,50546.88,C1277514458,2783.0,0.0,C216616931,360659.47,411206.34,0,0
42,CASH_OUT,131183.52,C1400849963,100398.0,0.0,C820443710,0.0,237304.21,0,0
42,CASH_OUT,25708.18,C272003481,73347.92,47639.74,C1732391742,107919.73,133627.91,0,0
42,CASH_IN,54656.6,C1838781982,104025.25,158681.85,C1749446205,167302.92,112646.32,0,0
42,CASH_OUT,265447.8,C798555147,22338.0,0.0,C1448505281,506740.32,772188.12,0,0
42,CASH_IN,68491.25,C1720893462,10690471.15,10758962.4,C745616204,783918.17,715426.92,0,0
42,PAYMENT,5078.43,C396444177,0.0,0.0,M965982058,0.0,0.0,0,0
42,CASH_OUT,281658.12,C1443815384,0.0,0.0,C952219856,8811587.72,9093245.84,0,0
42,PAYMENT,2983.35,C42443703,16859.0,13875.65,M1341500152,0.0,0.0,0,0
42,CASH_OUT,318078.88,C1052242650,107.0,0.0,C1020585414,0.0,127262.4,0,0
42,PAYMENT,10997.69,C495276629,31087.0,20089.31,M966667982,0.0,0.0,0,0
42,PAYMENT,1035.73,C911531212,61.0,0.0,M797915611,0.0,0.0,0,0
42,PAYMENT,16423.05,C159121779,0.0,0.0,M590548386,0.0,0.0,0,0
42,CASH_IN,107745.83,C1401338016,25181167.91,25288913.74,C129529297,3855927.3,3748181.47,0,0
42,CASH_IN,130969.26,C1116870216,4024381.03,4155350.29,C1326156522,2614440.14,2670588.49,0,0
42,CASH_IN,178203.89,C2069924160,64315.0,242518.89,C1948355031,0.0,0.0,0,0
42,CASH_OUT,7286.33,C1244294180,80286.0,72999.67,C2094199339,0.0,7286.33,0,0
42,CASH_IN,144330.38,C1775198854,15958.0,160288.38,C2112172953,0.0,0.0,0,0
42,TRANSFER,109386.38,C161632972,137923.0,28536.62,C2095167473,59694.38,169080.76,0,0
42,TRANSFER,936344.85,C1284394234,0.0,0.0,C538273909,1086740.38,2023085.22,0,0
42,PAYMENT,1413.66,C1336929183,119211.0,117797.34,M335588121,0.0,0.0,0,0
42,PAYMENT,13817.95,C892499907,1160.52,0.0,M625291114,0.0,0.0,0,0
42,CASH_OUT,44366.84,C1817285574,0.0,0.0,C81236252,116016.32,160383.16,0,0
42,PAYMENT,8035.11,C400658556,186631.0,178595.89,M1888316662,0.0,0.0,0,0
42,PAYMENT,3569.96,C377665093,0.0,0.0,M221069543,0.0,0.0,0,0
42,CASH_OUT,340832.17,C1419811669,150434.38,0.0,C1856256614,1318279.43,1659111.6,0,0
42,CASH_OUT,214392.34,C1686171920,791.0,0.0,C95552407,588604.31,802996.64,0,0
42,TRANSFER,40685.21,C534442985,82514.0,41828.79,C1014895017,898942.85,939628.06,0,0
42,CASH_IN,61096.04,C805783269,69351.0,130447.04,C503457815,626160.47,565064.44,0,0
42,CASH_OUT,373527.69,C23186663,359277.0,0.0,C737504726,0.0,373527.69,0,0
42,CASH_OUT,303500.54,C991775992,0.0,0.0,C1987773788,1503974.15,1807474.69,0,0
42,CASH_OUT,335563.22,C1857365728,70508.0,0.0,C1608602720,1193139.67,1528702.88,0,0
42,CASH_IN,60531.33,C1194808889,17593120.14,17653651.48,C1085819801,655008.61,740532.13,0,0
42,PAYMENT,3346.21,C2028309532,2314.0,0.0,M1935978211,0.0,0.0,0,0
42,PAYMENT,18500.7,C270678861,53074.53,34573.83,M932924440,0.0,0.0,0,0
42,PAYMENT,3196.33,C828052938,32276.31,29079.98,M1474173374,0.0,0.0,0,0
42,CASH_OUT,79590.64,C118749605,0.0,0.0,C1284463082,837431.96,917022.6,0,0
42,CASH_OUT,12805.57,C618899956,20003.0,7197.43,C1283650944,183983.25,196788.82,0,0
42,CASH_IN,150324.68,C734654863,9679655.0,9829979.68,C1344851409,346473.65,196148.96,0,0
42,CASH_OUT,286912.6,C1142751431,0.0,0.0,C1665824065,805055.53,1091968.13,0,0
42,CASH_OUT,107687.43,C1837274787,0.0,0.0,C543745318,151382.41,259069.83,0,0
42,CASH_OUT,94481.68,C2086897546,0.0,0.0,C1251601692,2270377.42,2364859.1,0,0
42,CASH_IN,9164.08,C1187622860,505631.37,514795.45,C957571823,54894.08,45730.0,0,0
43,CASH_OUT,280114.98,C2090706603,30273.0,0.0,C1161837261,157684.11,437799.09,0,0
43,CASH_IN,115214.01,C943336057,99570.0,214784.01,C1182244063,11051.05,0.0,0,0
43,TRANSFER,322817.25,C837025929,0.0,0.0,C1709601193,452700.11,1100376.37,0,0
43,PAYMENT,11163.99,C59127529,35000.0,23836.01,M1696575600,0.0,0.0,0,0
43,PAYMENT,13719.02,C1689803029,0.0,0.0,M775220069,0.0,0.0,0,0
43,CASH_OUT,51050.89,C762925040,50639.0,0.0,C1594518511,390169.2,441220.09,0,0
43,PAYMENT,10146.61,C1068625201,0.0,0.0,M1017749149,0.0,0.0,0,0
43,CASH_OUT,200884.79,C1293007105,0.0,0.0,C1969546927,448435.96,649320.74,0,0
43,CASH_OUT,14767.58,C305654802,0.0,0.0,C1974225188,519850.79,295317.39,0,0
43,TRANSFER,685276.22,C937379674,0.0,0.0,C983253408,1931782.91,2617059.13,0,0
43,CASH_IN,198892.45,C960048946,4275890.14,4474782.59,C1834107582,30600770.32,30401877.86,0,0
43,CASH_IN,188414.94,C1734334862,14984.0,203398.94,C942975218,2562317.06,2062118.4,0,0
43,PAYMENT,6935.28,C1834725632,453620.61,446685.33,M1191678926,0.0,0.0,0,0
43,CASH_OUT,179478.64,C1088246155,0.0,0.0,C96222488,275733.9,191289.7,0,0
43,PAYMENT,10902.71,C557218750,0.0,0.0,M1629954450,0.0,0.0,0,0
43,PAYMENT,26086.15,C1598760944,87276.99,61190.83,M1642438601,0.0,0.0,0,0
43,PAYMENT,5677.51,C1624089368,103414.0,97736.49,M251522961,0.0,0.0,0,0
43,CASH_OUT,219368.15,C1046420812,0.0,0.0,C1403770809,2485051.52,2704419.67,0,0
43,CASH_IN,9725.42,C419912680,59960.0,69685.42,C999812600,0.0,0.0,0,0
43,CASH_IN,117216.84,C858677235,41515.0,158731.84,C1678018500,1412917.0,1295700.16,0,0
43,CASH_IN,21839.72,C1526502516,105301.52,127141.24,C1051700282,973572.87,991467.09,0,0
43,CASH_OUT,187275.95,C664294520,0.0,0.0,C1230887224,702494.25,889770.2,0,0
43,PAYMENT,3558.71,C1669297533,0.0,0.0,M440114080,0.0,0.0,0,0
43,CASH_OUT,114432.37,C1072510185,0.0,0.0,C1317067915,1223816.38,1338248.75,0,0
43,TRANSFER,1324779.15,C1525116121,0.0,0.0,C666410506,7155802.41,8480581.56,0,0
43,CASH_OUT,6839.15,C983983996,0.0,0.0,C322424197,338302.33,345141.47,0,0
43,CASH_OUT,203652.99,C1217453851,0.0,0.0,C937346432,1725824.38,1929477.37,0,0
43,PAYMENT,7390.32,C1775188010,25180.0,17789.68,M46741494,0.0,0.0,0,0
43,PAYMENT,2831.95,C707246996,633785.98,630954.03,M1105447297,0.0,0.0,0,0
43,CASH_OUT,260573.0,C2109931332,0.0,0.0,C1037036017,403191.59,663764.59,0,0
43,CASH_IN,242626.4,C684409745,7929077.7,8171704.1,C711278951,377826.69,135200.28,0,0
43,PAYMENT,16365.28,C630763781,135785.0,119419.72,M820359818,0.0,0.0,0,0
43,CASH_OUT,158510.1,C1310815005,52683.0,0.0,C2104729475,0.0,158510.1,0,0
43,TRANSFER,475437.94,C873317874,0.0,0.0,C106347918,498232.12,973670.06,0,0
43,CASH_IN,218332.42,C757692320,1667392.4,1885724.83,C1412312032,522784.76,304452.34,0,0
43,CASH_OUT,257344.77,C1795536672,314996.7,57651.92,C2116971354,0.0,257344.77,0,0
43,PAYMENT,2888.01,C1540920588,42438.21,39550.2,M103643596,0.0,0.0,0,0
43,PAYMENT,15186.66,C1235335796,16249.0,1062.34,M282583558,0.0,0.0,0,0
43,CASH_OUT,135666.23,C815167657,0.0,0.0,C1997327860,1134359.48,1284019.55,0,0
43,CASH_IN,57159.33,C365165102,30911.0,88070.33,C973380680,0.0,0.0,0,0
43,CASH_OUT,6403.17,C1831880031,85779.0,79375.83,C190718628,0.0,6403.17,0,0
43,CASH_OUT,173286.68,C2081755573,0.0,0.0,C660528547,198807.42,372094.09,0,0
43,CASH_OUT,201998.21,C1896580116,281763.0,79764.79,C1277409496,0.0,201998.21,0,0
43,CASH_OUT,41363.8,C146478563,0.0,0.0,C860589720,536224.9,577588.69,0,0
43,PAYMENT,10512.15,C2094644805,13824.14,3311.99,M1041201447,0.0,0.0,0,0
43,PAYMENT,24658.18,C487588520,17110.0,0.0,M1142385377,0.0,0.0,0,0
43,CASH_IN,285084.5,C1514594785,9964.0,295048.5,C867657114,3390339.64,3105255.14,0,0
43,PAYMENT,4238.73,C319622760,80035.0,75796.27,M815598412,0.0,0.0,0,0
43,CASH_OUT,135069.62,C141299063,103585.0,0.0,C1083558886,0.0,135069.62,0,0
43,CASH_IN,61059.71,C1121166824,2678692.43,2739752.15,C1735929857,2362504.32,2301444.6,0,0
43,PAYMENT,44511.14,C1104441751,0.0,0.0,M2048568813,0.0,0.0,0,0
43,CASH_OUT,152761.85,C996096276,10262.0,0.0,C623021973,0.0,152761.85,0,0
43,CASH_IN,28490.03,C359100155,1800727.98,1829218.01,C237467600,1034513.98,1006023.95,0,0
43,CASH_IN,251582.67,C929004749,15898442.61,16150025.28,C393469173,3172552.22,2920969.55,0,0
43,CASH_IN,92933.78,C969139103,32182.0,125115.78,C1360092022,1051236.65,958302.87,0,0
43,CASH_OUT,145241.9,C1478997393,0.0,0.0,C400640881,2371701.53,2516943.43,0,0
43,CASH_IN,496184.5,C417178845,8423437.2,8919621.7,C1977520482,661412.99,165228.49,0,0
43,PAYMENT,10341.76,C836744375,163235.93,152894.17,M1881563213,0.0,0.0,0,0
43,CASH_OUT,467892.82,C97974533,0.0,0.0,C1197170201,1500991.97,1968884.79,0,0
43,CASH_OUT,148010.93,C1356230422,0.0,0.0,C585537428,223501.39,371512.32,0,0
43,CASH_OUT,435166.65,C743185292,435166.65,0.0,C1036804658,449215.85,884382.5,1,0
43,PAYMENT,11162.57,C473098056,93062.0,81899.43,M79953522,0.0,0.0,0,0
43,CASH_OUT,7783.88,C1905659469,0.0,0.0,C490730286,3845964.14,4059366.06,0,0
43,TRANSFER,1077645.35,C1089086587,0.0,0.0,C321537872,2700462.69,4269552.59,0,0
43,PAYMENT,730.38,C1959635067,0.0,0.0,M381909970,0.0,0.0,0,0
43,TRANSFER,45779.73,C500343662,11064.0,0.0,C1109485194,0.0,45779.73,0,0
43,CASH_OUT,29710.28,C152192406,49767.0,20056.72,C1131965594,240660.32,587548.63,0,0
43,CASH_IN,86211.29,C826071828,1240830.72,1327042.01,C1349332573,2019177.6,1932966.31,0,0
43,CASH_OUT,34192.59,C1233748221,0.0,0.0,C147208411,128094.79,162287.38,0,0
43,PAYMENT,9386.2,C610009074,47435.0,38048.8,M1968863344,0.0,0.0,0,0
43,PAYMENT,5669.94,C407836402,0.0,0.0,M1340828294,0.0,0.0,0,0
43,PAYMENT,3965.97,C656354387,9057.0,5091.03,M215951198,0.0,0.0,0,0
43,CASH_OUT,263327.97,C409180113,18256.0,0.0,C418719967,2770439.54,3033767.51,0,0
43,CASH_IN,141012.48,C1764504991,156146.0,297158.48,C612337455,92269.41,0.0,0,0
43,CASH_OUT,57998.55,C691322645,0.0,0.0,C969222365,3489241.65,3547240.2,0,0
43,CASH_OUT,46821.45,C1542818325,0.0,0.0,C1327114391,1702217.5,1749038.95,0,0
43,CASH_OUT,394585.42,C1740979827,0.0,0.0,C1243066240,446882.58,841468.0,0,0
44,CASH_OUT,16999.54,C425782492,230262.0,213262.46,C1231813268,327980.64,638158.92,0,0
44,CASH_OUT,303361.75,C1169831430,0.0,0.0,C680268684,688449.13,991810.88,0,0
44,CASH_OUT,116637.79,C60195683,14532.0,0.0,C1702824487,6713.0,0.0,0,0
44,PAYMENT,5287.2,C1595617491,55477.34,50190.14,M900689010,0.0,0.0,0,0
44,TRANSFER,80140.4,C1626247282,11216.0,0.0,C1428925747,1941834.3,2021974.69,0,0
44,CASH_OUT,489641.58,C1308149045,0.0,0.0,C713338583,4150664.3,4640305.88,0,0
44,PAYMENT,14697.54,C2130330145,6037.0,0.0,M246152202,0.0,0.0,0,0
44,CASH_IN,45650.44,C1558885977,0.0,45650.44,C1211003759,2095192.32,2488077.85,0,0
44,CASH_OUT,356874.65,C1844253052,118405.0,0.0,C504475739,35225.23,392099.88,0,0
44,CASH_IN,216823.15,C1550158702,868521.61,1085344.76,C167836851,355213.36,138390.21,0,0
44,CASH_OUT,125855.17,C1554481169,32168.0,0.0,C1664968849,0.0,125855.17,0,0
44,PAYMENT,11115.07,C943928023,15887.0,4771.93,M660299890,0.0,0.0,0,0
44,TRANSFER,956944.29,C1388228453,1036.0,0.0,C1533397558,4760.12,961704.41,0,0
44,CASH_OUT,36139.36,C1550816380,51992.0,15852.64,C991901078,185650.73,221790.09,0,0
44,CASH_IN,385.04,C1020525155,2318348.7,2318733.74,C540885669,578788.38,578403.34,0,0
44,CASH_IN,58513.91,C1439197641,19650177.08,19708691.0,C1698369621,2242072.86,2183558.95,0,0
44,CASH_IN,55852.68,C147169683,10427745.95,10483598.64,C1165033603,176948.13,121095.45,0,0
44,CASH_IN,245718.99,C677891845,17956785.28,18202504.27,C506559318,4203672.06,3957953.07,0,0
44,PAYMENT,6339.25,C350289705,0.0,0.0,M180975074,0.0,0.0,0,0
44,PAYMENT,2210.21,C768941224,30579.0,28368.79,M534170764,0.0,0.0,0,0
44,CASH_OUT,135062.06,C888727999,21566.0,0.0,C456683047,548461.03,683523.08,0,0
44,CASH_IN,322571.37,C246546890,1331155.73,1653727.1,C1828754622,914858.93,592287.56,0,0
44,PAYMENT,3223.49,C1139843164,0.0,0.0,M1631982034,0.0,0.0,0,0
44,CASH_IN,106220.49,C751568333,29918.0,136138.49,C871553216,0.0,0.0,0,0
44,PAYMENT,2571.85,C1218295277,36638.32,34066.48,M1986798957,0.0,0.0,0,0
44,CASH_IN,435066.17,C1289171973,14454993.18,14890059.35,C616469663,994407.89,559341.72,0,0
44,PAYMENT,531.66,C1178480741,45872.3,45340.63,M1288373663,0.0,0.0,0,0
44,CASH_IN,218362.41,C452191992,9012720.44,9231082.85,C30516998,1812745.01,1594382.59,0,0
44,CASH_OUT,139273.53,C1337627947,144748.24,5474.72,C255579573,862289.3,1001562.83,0,0
44,TRANSFER,1209727.55,C408244258,0.0,0.0,C1857357520,4350456.41,5560183.97,0,0
44,CASH_OUT,202234.86,C949137838,0.0,0.0,C771239831,219122.18,421357.04,0,0
44,CASH_OUT,70416.3,C193257718,0.0,0.0,C784770419,1206045.52,1276461.82,0,0
44,PAYMENT,10025.53,C1959824382,0.0,0.0,M483936271,0.0,0.0,0,0
44,CASH_OUT,599615.27,C599367789,0.0,0.0,C48568642,1125423.79,1725039.06,0,0
44,CASH_IN,243694.04,C955037863,19462.0,263156.04,C2046528818,0.0,0.0,0,0
44,DEBIT,4557.36,C2053933195,85171.0,80613.64,C1296529340,161356.76,165914.13,0,0
44,PAYMENT,6929.05,C245773640,101589.58,94660.52,M277950417,0.0,0.0,0,0
44,PAYMENT,2929.21,C714083934,80787.0,77857.79,M117839290,0.0,0.0,0,0
44,CASH_OUT,42425.89,C1320070460,0.0,0.0,C201696824,240218.04,282643.92,0,0
44,PAYMENT,4815.56,C854839461,19515.0,14699.44,M689394310,0.0,0.0,0,0
44,PAYMENT,6592.18,C869130426,18263.29,11671.11,M1523384469,0.0,0.0,0,0
44,PAYMENT,16822.66,C342030112,276.8,0.0,M1167716785,0.0,0.0,0,0
44,PAYMENT,6522.94,C2112281718,602728.0,596205.06,M475760103,0.0,0.0,0,0
44,PAYMENT,13222.88,C1359069105,84257.2,71034.32,M1398585272,0.0,0.0,0,0
44,PAYMENT,5251.21,C1884031451,0.0,0.0,M246822710,0.0,0.0,0,0
44,TRANSFER,70966.75,C466159967,6907.41,0.0,C719180733,1642915.65,1713882.4,0,0
44,CASH_OUT,100313.97,C633842492,12671.0,0.0,C1716197820,41377.0,141690.97,0,0
44,TRANSFER,9519.11,C976295725,21588.0,12068.89,C422040971,142857.27,152376.38,0,0
44,CASH_OUT,164872.04,C382846322,0.0,0.0,C562561913,202526.0,667164.31,0,0
44,CASH_IN,394060.08,C1388222829,9551708.32,9945768.4,C888511040,10522580.36,10128520.28,0,0
44,CASH_OUT,77072.2,C410058383,21351.0,0.0,C829349343,80974.67,158046.87,0,0
44,PAYMENT,3533.06,C221806572,0.0,0.0,M59058820,0.0,0.0,0,0
44,CASH_IN,178859.54,C144523450,113681.0,292540.54,C1264052517,130430.5,0.0,0,0
44,TRANSFER,3105254.97,C1662970365,0.0,0.0,C823681343,4643939.51,7749194.48,0,0
44,CASH_IN,168230.37,C987125231,41034.0,209264.37,C1701424275,333636.96,165406.59,0,0
44,PAYMENT,15959.77,C2071873011,297690.82,281731.04,M1636466916,0.0,0.0,0,0
44,PAYMENT,8411.25,C304584150,82128.46,73717.22,M1898364181,0.0,0.0,0,0
44,CASH_OUT,475936.65,C1428266534,0.0,0.0,C932058860,3667594.63,4143531.28,0,0
44,CASH_IN,200637.09,C914240488,9004.0,209641.09,C1878799559,1957046.59,1756409.49,0,0
44,PAYMENT,2103.11,C1684450626,166.0,0.0,M1094293597,0.0,0.0,0,0
45,PAYMENT,13227.36,C1545605016,0.0,0.0,M716629125,0.0,0.0,0,0
45,PAYMENT,5078.86,C1088351158,186009.25,180930.38,M471657183,0.0,0.0,0,0
45,PAYMENT,19658.49,C767775790,0.0,0.0,M269340421,0.0,0.0,0,0
45,CASH_OUT,151778.53,C2027209407,84647.93,0.0,C1315112394,195876.61,347655.14,0,0
45,PAYMENT,14028.79,C1932855405,321546.58,307517.79,M1886258723,0.0,0.0,0,0
45,PAYMENT,2878.85,C1167769665,5037.0,2158.15,M881185080,0.0,0.0,0,0
45,PAYMENT,4982.34,C206414772,172535.7,167553.36,M412140328,0.0,0.0,0,0
45,CASH_OUT,47612.67,C1288068637,104536.0,56923.33,C866432224,514942.74,562555.41,0,0
45,PAYMENT,244.4,C231826402,0.0,0.0,M131187844,0.0,0.0,0,0
45,CASH_IN,22603.54,C1993544674,6469652.11,6492255.64,C715998538,246834.18,175070.79,0,0
45,CASH_OUT,67660.73,C1470879923,0.0,0.0,C597128089,1579773.48,1647434.2,0,0
45,PAYMENT,1177.11,C1950208641,125454.52,124277.41,M1207029745,0.0,0.0,0,0
45,DEBIT,127.75,C2044968249,51263.0,51135.25,C38997010,6146074.79,6146202.54,0,0
45,PAYMENT,9118.32,C552403332,22593.69,13475.38,M1169981036,0.0,0.0,0,0
45,PAYMENT,1725.48,C1692877138,0.0,0.0,M2019133982,0.0,0.0,0,0
45,PAYMENT,3523.49,C594263812,18254.11,14730.62,M1638872884,0.0,0.0,0,0
45,PAYMENT,135.43,C1210402456,29038.0,28902.57,M364327561,0.0,0.0,0,0
45,CASH_OUT,363077.97,C2003610698,0.0,0.0,C1636329286,802448.45,1165526.42,0,0
45,PAYMENT,3112.76,C1809211976,22328.0,19215.24,M323853914,0.0,0.0,0,0
45,PAYMENT,41276.88,C767972314,719053.38,677776.5,M51373429,0.0,0.0,0,0
45,CASH_OUT,73811.16,C1299078753,0.0,0.0,C1809336331,337220.59,411031.75,0,0
45,CASH_IN,108819.73,C1839422940,21566840.8,21675660.53,C1026031971,707221.95,598402.22,0,0
45,PAYMENT,5778.37,C278387365,0.0,0.0,M1510050764,0.0,0.0,0,0
45,PAYMENT,8437.22,C1514567504,10459.0,2021.78,M389357146,0.0,0.0,0,0
45,PAYMENT,16051.48,C2019201130,204467.38,188415.89,M699167772,0.0,0.0,0,0
45,CASH_OUT,48214.15,C823486891,0.0,0.0,C1325998440,2111237.73,2159451.89,0,0
46,TRANSFER,733569.64,C793257139,0.0,0.0,C447320069,2861530.41,3595100.05,0,0
46,PAYMENT,1455.7,C1679648076,52532.0,51076.3,M2037332770,0.0,0.0,0,0
46,CASH_OUT,49017.01,C1725544999,52246.0,3228.99,C1269325469,1256674.1,1305691.11,0,0
46,PAYMENT,868.99,C1324162843,0.0,0.0,M1987916469,0.0,0.0,0,0
46,PAYMENT,212.22,C1740143529,20919.0,20706.78,M2091421081,0.0,0.0,0,0
46,PAYMENT,3202.4,C2014055455,1022.0,0.0,M208094669,0.0,0.0,0,0
46,CASH_OUT,235403.23,C1835973985,0.0,0.0,C664410902,766794.01,1002197.24,0,0
46,PAYMENT,2119.6,C238177881,365720.25,363600.65,M1284479390,0.0,0.0,0,0
46,PAYMENT,48649.33,C1775051637,0.0,0.0,M2056455178,0.0,0.0,0,0
46,PAYMENT,1118.67,C821521918,1024.0,0.0,M637842454,0.0,0.0,0,0
46,PAYMENT,35711.14,C1568899478,23255.0,0.0,M44896199,0.0,0.0,0,0
46,CASH_OUT,307412.81,C38635638,0.0,0.0,C1273128809,780697.71,823635.97,0,0
46,CASH_OUT,110017.61,C2129145634,0.0,0.0,C762380116,12763176.4,12873194.01,0,0
46,CASH_IN,43055.68,C441447465,377821.63,420877.31,C1838908206,2276857.95,2233802.26,0,0
46,PAYMENT,4867.64,C1075993010,117379.0,112511.36,M329719439,0.0,0.0,0,0
46,CASH_IN,266540.13,C100588245,3940078.04,4206618.17,C597926672,1581673.08,1315132.94,0,0
46,PAYMENT,3120.45,C288837292,99836.0,96715.55,M89619436,0.0,0.0,0,0
46,PAYMENT,4347.7,C1089238951,11904.26,7556.56,M71311300,0.0,0.0,0,0
46,CASH_IN,129078.67,C657479190,127.0,129205.67,C2041282105,0.0,0.0,0,0
46,PAYMENT,9292.08,C229845997,50368.0,41075.92,M2075057605,0.0,0.0,0,0
46,TRANSFER,336894.28,C457663687,0.0,0.0,C1690854648,894140.99,1231035.27,0,0
46,CASH_OUT,124940.14,C560595432,238805.65,113865.52,C1123487598,136321.77,261261.91,0,0
46,PAYMENT,20891.94,C1362877268,0.0,0.0,M1672897324,0.0,0.0,0,0
47,CASH_OUT,2249574.01,C758510706,2249574.01,0.0,C1011054162,3785286.98,6034861.0,1,0
47,CASH_IN,103825.88,C1824236940,4787207.27,4891033.14,C723579517,2092865.7,1989039.83,0,0
47,PAYMENT,705.49,C1113121475,6071.0,5365.51,M1095794332,0.0,0.0,0,0
47,PAYMENT,39.35,C2042075688,0.0,0.0,M1625574808,0.0,0.0,0,0
47,TRANSFER,39873.43,C780458994,3554.08,0.0,C810221553,1852322.52,1892195.95,0,0
47,PAYMENT,1307.42,C290680382,0.0,0.0,M1741448725,0.0,0.0,0,0
47,PAYMENT,184.27,C2130640187,34319.84,34135.57,M1059122322,0.0,0.0,0,0
47,CASH_IN,13784.73,C1928046538,1789663.9,1803448.62,C1401826796,216927.81,203143.08,0,0
47,CASH_OUT,159528.51,C1698338388,0.0,0.0,C151198450,1698571.73,1858100.24,0,0
47,TRANSFER,2705009.72,C181642634,0.0,0.0,C515609843,2895833.46,5600843.18,0,0
47,PAYMENT,7987.81,C451909686,47583.0,39595.19,M1147242988,0.0,0.0,0,0
47,PAYMENT,4945.79,C1709224408,8769.46,3823.68,M287432855,0.0,0.0,0,0
48,TRANSFER,438973.8,C175769315,0.0,0.0,C546916951,2046981.92,2485955.72,0,0
48,PAYMENT,2802.44,C776406581,726.0,0.0,M127455287,0.0,0.0,0,0
48,PAYMENT,12385.33,C1255931916,0.0,0.0,M1530494096,0.0,0.0,0,0
48,CASH_OUT,115292.12,C1999182281,15148.0,0.0,C1824572188,33495.51,148787.63,0,0
48,PAYMENT,2714.71,C1965050002,0.0,0.0,M11154482,0.0,0.0,0,0
48,PAYMENT,3462.16,C722461405,20145.0,16682.84,M726451135,0.0,0.0,0,0
49,CASH_IN,117305.98,C1121404464,2579129.21,2696435.2,C1768920392,2404059.89,2286753.91,0,0
53,CASH_OUT,3640271.29,C108318597,3640271.29,0.0,C1038092429,6525.95,3646797.25,1,0
60,TRANSFER,45807.51,C958487787,45807.51,0.0,C218393296,0.0,0.0,1,0
74,CASH_OUT,158489.29,C1003023037,158489.29,0.0,C1969565765,0.0,158489.29,1,0
86,TRANSFER,17822.02,C1763423014,17822.02,0.0,C2088891396,0.0,0.0,1,0
92,CASH_OUT,101903.69,C612571830,101903.69,0.0,C544677509,280117.63,382021.32,1,0
93,CASH_OUT,93126.66,C2006232183,256.0,0.0,C1325957065,0.0,93126.66,0,0
93,CASH_IN,35944.57,C572510701,103805.0,139749.57,C1372941293,4562253.49,4526308.92,0,0
93,PAYMENT,11405.58,C474793691,1024.0,0.0,M2001803452,0.0,0.0,0,0
93,TRANSFER,495736.89,C1974543926,0.0,0.0,C619597688,1492074.38,1987811.27,0,0
93,CASH_OUT,76800.36,C436894756,39724.0,0.0,C133367352,2147456.51,2224256.87,0,0
94,CASH_OUT,142432.42,C1799315246,21006.0,0.0,C798496666,0.0,142432.42,0,0
94,PAYMENT,6196.3,C192160741,11964.0,5767.7,M870257508,0.0,0.0,0,0
94,TRANSFER,299937.5,C669826752,118892.0,0.0,C1119417505,0.0,299937.5,0,0
94,PAYMENT,1404.01,C978686691,21698.0,20293.99,M1897473801,0.0,0.0,0,0
94,CASH_OUT,767.48,C1284499223,879.0,111.52,C600175472,599138.58,599906.07,0,0
94,CASH_IN,37030.19,C1377299070,8833305.5,8870335.69,C1546764130,83244.21,46214.02,0,0
94,CASH_OUT,108904.3,C1982969296,0.0,0.0,C1929747206,217080.69,325984.98,0,0
94,PAYMENT,10633.2,C23568372,20047.0,9413.8,M907162078,0.0,0.0,0,0
94,CASH_OUT,61962.82,C1461213435,10918.0,0.0,C1455800777,0.0,61962.82,0,0
94,PAYMENT,4269.95,C1910157256,62021.0,57751.05,M1558686709,0.0,0.0,0,0
94,CASH_OUT,72108.92,C2106666255,0.0,0.0,C1960284857,219878.89,291987.81,0,0
94,PAYMENT,13960.26,C1735636670,18327.2,4366.94,M30627717,0.0,0.0,0,0
94,CASH_IN,13369.21,C52284168,6157554.17,6170923.39,C1445567246,2073498.9,2060129.69,0,0
94,CASH_IN,14577.39,C332402557,6971.0,21548.39,C702670004,0.0,0.0,0,0
94,CASH_IN,153928.92,C1133988854,6613570.82,6767499.74,C1015435633,439926.18,285997.25,0,0
94,TRANSFER,515780.59,C1738113808,0.0,0.0,C1103874943,729668.93,1245449.52,0,0
95,PAYMENT,3185.62,C760155824,429.0,0.0,M1605836143,0.0,0.0,0,0
95,PAYMENT,24695.93,C1850246880,0.0,0.0,M795668712,0.0,0.0,0,0
95,CASH_OUT,144078.58,C306591917,0.0,0.0,C233656488,903382.39,1047460.97,0,0
95,CASH_OUT,186630.07,C278789012,15460.0,0.0,C1432688403,1674625.55,1861255.62,0,0
95,TRANSFER,243234.41,C1190762027,92669.0,0.0,C1899542723,0.0,243234.41,0,0
95,PAYMENT,5078.43,C1414205696,15736.0,10657.57,M1857457799,0.0,0.0,0,0
95,PAYMENT,13553.19,C1425442875,0.0,0.0,M729586480,0.0,0.0,0,0
95,CASH_IN,315840.4,C113588853,255015.0,570855.4,C1788137446,7649457.24,7333616.83,0,0
95,CASH_OUT,61196.89,C1189552375,0.0,0.0,C1630261354,479314.59,540511.47,0,0
95,CASH_OUT,71685.53,C175667880,0.0,0.0,C1575085213,2434858.11,2506543.63,0,0
95,PAYMENT,9627.44,C1295720577,217066.0,207438.56,M2037456874,0.0,0.0,0,0
95,TRANSFER,111625.08,C1995426805,30690.0,0.0,C553958866,59909.19,171534.27,0,0
95,PAYMENT,20878.17,C1430406509,4513.0,0.0,M1688756098,0.0,0.0,0,0
95,PAYMENT,8731.37,C331637023,0.0,0.0,M485714584,0.0,0.0,0,0
95,TRANSFER,376177.82,C101467870,0.0,0.0,C236062979,1502114.9,1878292.72,0,0
95,PAYMENT,7547.79,C1073192283,40043.0,32495.21,M712154723,0.0,0.0,0,0
96,PAYMENT,4885.2,C1468788727,20781.0,15895.8,M1528359590,0.0,0.0,0,0
96,PAYMENT,1574.24,C628626300,51689.0,50114.76,M916539225,0.0,0.0,0,0
96,PAYMENT,2037.85,C586205711,0.0,0.0,M1883944282,0.0,0.0,0,0
96,PAYMENT,171.74,C625995462,80348.0,80176.26,M1806702134,0.0,0.0,0,0
96,PAYMENT,3110.32,C1277694154,857.0,0.0,M1926670268,0.0,0.0,0,0
96,PAYMENT,1329.39,C1852009396,20643.0,19313.61,M1721976194,0.0,0.0,0,0
96,PAYMENT,9285.17,C481209710,19930.0,10644.83,M891510139,0.0,0.0,0,0
96,PAYMENT,2262.63,C388170161,50741.0,48478.37,M2007673746,0.0,0.0,0,0
96,TRANSFER,1817.15,C1085116430,122.0,0.0,C1745303203,0.0,1817.15,0,0
96,CASH_OUT,299738.79,C267132072,0.0,0.0,C468241666,407070.25,706809.04,0,0
96,CASH_OUT,147177.45,C64443059,70819.41,0.0,C983253408,2617059.13,2764236.58,0,0
96,CASH_IN,52469.83,C674246792,52413.0,104882.83,C1353036679,21995.75,0.0,0,0
97,TRANSFER,131427.26,C1775920877,20515.0,0.0,C1190899288,6468705.32,6600132.58,0,0
105,CASH_OUT,539087.79,C1597812887,539087.79,0.0,C1452774204,44825.34,583913.14,1,0
105,TRANSFER,35496.47,C1365223423,35496.47,0.0,C1732693893,0.0,0.0,1,0
106,CASH_OUT,186227.75,C185289348,186227.75,0.0,C1709297334,225566.47,411794.22,1,0
110,CASH_OUT,904124.58,C392791213,904124.58,0.0,C1669065740,700603.93,1604728.51,1,0
119,PAYMENT,10648.5,C600610101,19845.0,9196.5,M111470101,0.0,0.0,0,0
119,PAYMENT,2483.89,C1259797076,57486.0,55002.11,M650513872,0.0,0.0,0,0
119,CASH_OUT,196324.32,C1020921486,7981.68,0.0,C519210926,855136.87,1051461.18,0,0
119,PAYMENT,1431.91,C140865565,10007.0,8575.09,M1345158870,0.0,0.0,0,0
119,CASH_OUT,62363.21,C583413281,11501.0,0.0,C1378480495,0.0,62363.21,0,0
119,PAYMENT,5668.43,C1783727184,304149.0,298480.57,M1935747343,0.0,0.0,0,0
119,PAYMENT,3568.87,C68270420,6432.0,2863.13,M1160192274,0.0,0.0,0,0
119,CASH_OUT,83124.09,C680508574,161065.18,77941.08,C348548175,1948109.5,2031233.59,0,0
119,PAYMENT,5529.69,C1145450890,9633.64,4103.95,M1713117369,0.0,0.0,0,0
119,CASH_OUT,202263.03,C265913219,202263.03,0.0,C1198778182,538324.08,740587.11,1,0
120,TRANSFER,28349.87,C340016943,59712.0,31362.13,C52775769,3953862.95,3982212.82,0,0
120,PAYMENT,3894.09,C1837995115,0.0,0.0,M1548898782,0.0,0.0,0,0
120,CASH_IN,115948.36,C1138354692,8849354.54,8965302.9,C1587467933,1466922.37,1350974.01,0,0
120,CASH_OUT,261365.01,C1075861688,0.0,0.0,C1484552659,358450.63,619815.64,0,0
121,CASH_OUT,107148.35,C1278895823,0.0,0.0,C629106087,4381001.01,4488149.36,0,0
121,TRANSFER,254440.83,C339904211,254440.83,0.0,C2120724538,0.0,0.0,1,0
121,TRANSFER,43357.65,C91294902,43357.65,0.0,C995709534,0.0,0.0,1,0
121,CASH_OUT,57357.04,C1852128412,100791.0,43433.96,C235331877,0.0,57357.04,0,0
122,PAYMENT,1396.8,C1545801057,555.0,0.0,M519194509,0.0,0.0,0,0
122,PAYMENT,1681.08,C1948856096,418511.0,416829.92,M102137999,0.0,0.0,0,0
126,CASH_OUT,1244037.74,C798134746,1244037.74,0.0,C303070069,0.0,1244037.74,1,0
129,TRANSFER,181853.61,C504573367,0.0,0.0,C1944235170,1103622.41,1285476.02,0,0
129,TRANSFER,1355087.97,C1927886744,841.0,0.0,C1875583711,1995027.18,3350115.15,0,0
129,PAYMENT,26938.96,C1597693266,0.0,0.0,M270769065,0.0,0.0,0,0
129,CASH_OUT,182015.21,C1911718468,0.0,0.0,C1725493238,366912.14,603181.23,0,0
129,DEBIT,3061.37,C1570918307,19986.0,16924.63,C1887392638,123638.33,126699.7,0,0
129,PAYMENT,8171.53,C1906557112,21790.0,13618.47,M591550413,0.0,0.0,0,0
129,CASH_IN,76085.71,C1826380013,9810192.22,9886277.93,C785522590,1700653.3,1624567.59,0,0
129,PAYMENT,3752.35,C1774703197,0.0,0.0,M1056061717,0.0,0.0,0,0
129,TRANSFER,1346969.17,C1887729277,0.0,0.0,C2058953637,1761738.43,3108707.61,0,0
129,PAYMENT,22218.81,C1739556339,5471.0,0.0,M918691691,0.0,0.0,0,0
129,PAYMENT,5034.5,C2023554989,20563.0,15528.5,M1024960033,0.0,0.0,0,0
129,CASH_OUT,382493.97,C155968713,3994.0,0.0,C2049243500,39617.0,3443066.22,0,0
129,CASH_IN,267208.14,C363354458,2597319.32,2864527.46,C1014470159,1393407.0,1126198.86,0,0
129,CASH_IN,282096.5,C1522786318,6405601.15,6687697.65,C2042623141,696923.14,414826.64,0,0
129,CASH_OUT,181516.4,C687158133,0.0,0.0,C1389893883,504332.15,685848.55,0,0
129,CASH_IN,393461.18,C1699689651,63433.0,456894.18,C1786272323,0.0,0.0,0,0
129,PAYMENT,6348.84,C1870305839,25407.0,19058.16,M814749257,0.0,0.0,0,0
129,TRANSFER,3236343.93,C88725005,301.0,0.0,C828308999,765959.09,4154466.89,0,0
129,CASH_OUT,113910.15,C600082060,0.0,0.0,C1146973190,968193.67,2815315.36,0,0
129,CASH_OUT,26831.48,C428496366,200487.0,173655.52,C1627412912,197721.34,224552.82,0,0
129,PAYMENT,36505.02,C1140223357,222716.54,186211.52,M1559198848,0.0,0.0,0,0
129,CASH_OUT,266980.17,C566943492,28.0,0.0,C1564760623,0.0,266980.17,0,0
129,CASH_OUT,326638.92,C362705427,0.0,0.0,C1812536940,372123.36,698762.27,0,0
129,CASH_OUT,107420.6,C418401121,15061.56,0.0,C920749173,2299417.85,2406838.46,0,0
130,TRANSFER,165358.61,C1186224581,0.0,0.0,C910059937,3873389.79,4038748.4,0,0
130,PAYMENT,18817.75,C499955090,94280.93,75463.18,M1569596596,0.0,0.0,0,0
130,PAYMENT,3676.57,C1557064951,0.0,0.0,M217783274,0.0,0.0,0,0
130,CASH_OUT,152114.85,C640460871,16650.0,0.0,C824133625,215669.45,367784.3,0,0
130,CASH_OUT,230661.28,C311346618,0.0,0.0,C361179065,1001564.45,1232225.73,0,0
130,CASH_IN,234948.52,C1795008818,1789126.62,2024075.14,C523999866,2233765.12,1998816.6,0,0
130,CASH_OUT,30829.4,C1701237108,0.0,0.0,C504331706,836599.94,867429.35,0,0
130,CASH_IN,434271.82,C785556645,14738.0,449009.82,C1014711684,209027.41,0.0,0,0
130,CASH_OUT,90277.95,C1711241288,0.0,0.0,C1680365536,3016720.11,3106998.07,0,0
130,CASH_IN,196258.25,C1197817350,38233.0,234491.25,C1005456748,61799.48,0.0,0,0
130,CASH_OUT,164418.22,C1674462777,0.0,0.0,C470416897,559193.16,723611.39,0,0
130,CASH_OUT,225201.61,C2075804283,152803.0,0.0,C1015344716,27073.15,89356.76,0,0
130,CASH_OUT,249811.23,C410947432,404219.82,154408.59,C30977808,490309.29,740120.52,0,0
130,CASH_OUT,295178.43,C1382736071,45340.0,0.0,C1534985305,187976.87,483155.3,0,0
130,PAYMENT,29567.13,C1247496084,188558.0,158990.87,M2019666894,0.0,0.0,0,0
130,CASH_IN,124257.71,C1024359554,13083732.34,13207990.05,C575880717,851593.68,727335.97,0,0
130,CASH_OUT,356162.8,C990449006,0.0,0.0,C1711970834,694735.73,820867.55,0,0
130,CASH_IN,192497.49,C488683072,123828.0,316325.49,C243254615,484656.0,58010.64,0,0
130,PAYMENT,12979.0,C1802499962,11560.38,0.0,M1004679757,0.0,0.0,0,0
130,CASH_OUT,7224.38,C1878294033,107413.0,100188.62,C1308241960,10486.0,0.0,0,0
130,CASH_OUT,22188.89,C909451750,0.0,0.0,C155270476,1059338.27,1081527.16,0,0
130,CASH_IN,565436.02,C106795140,5107580.78,5673016.8,C559625177,755255.75,189819.74,0,0
130,CASH_OUT,74740.01,C1237847315,52760.0,0.0,C1900289645,0.0,74740.01,0,0
130,CASH_IN,350645.86,C1538548959,20705.0,371350.86,C1817301576,6850638.61,6499992.76,0,0
130,PAYMENT,11771.36,C588719591,270784.0,259012.64,M1195817245,0.0,0.0,0,0
130,CASH_OUT,59301.53,C739079307,204794.0,145492.47,C1979283173,2387087.88,2446389.41,0,0
130,PAYMENT,14763.34,C1872837177,13988.0,0.0,M1095481909,0.0,0.0,0,0
130,PAYMENT,18523.61,C801461030,0.0,0.0,M783766911,0.0,0.0,0,0
130,CASH_OUT,78699.53,C1060599643,0.0,0.0,C411895664,564669.76,643369.28,0,0
130,CASH_OUT,113057.63,C1688917746,0.0,0.0,C545707113,2251665.41,2364723.04,0,0
130,CASH_IN,28853.62,C1922319807,716886.6,745740.22,C663849932,5817234.76,5788381.14,0,0
130,CASH_IN,185886.23,C1456471937,14283492.97,14469379.2,C1920791608,257462.34,71576.1,0,0
130,CASH_OUT,82964.18,C651550257,69669.0,0.0,C453596808,1077810.42,1160774.59,0,0
130,PAYMENT,29813.31,C174608513,14583.65,0.0,M647779460,0.0,0.0,0,0
130,CASH_OUT,96255.92,C717493068,102511.0,6255.08,C680334021,200179.3,296435.22,0,0
130,PAYMENT,56862.76,C542097512,17845.0,0.0,M59862586,0.0,0.0,0,0
130,CASH_IN,16907.8,C2048526099,204697.0,221604.8,C49738101,1140812.71,1123904.9,0,0
130,PAYMENT,29840.82,C297093095,175648.25,145807.43,M1036306388,0.0,0.0,0,0
130,CASH_OUT,81015.75,C1214828744,0.0,0.0,C1017113849,6870822.86,6742982.54,0,0
130,PAYMENT,2883.06,C1127667052,0.0,0.0,M1402809934,0.0,0.0,0,0
130,PAYMENT,5108.13,C712014979,0.0,0.0,M1476094602,0.0,0.0,0,0
130,CASH_OUT,304308.5,C540317064,4769.0,0.0,C781389962,1241800.5,1546109.0,0,0
130,PAYMENT,68904.61,C1751635951,918.0,0.0,M1976951094,0.0,0.0,0,0
130,PAYMENT,11957.1,C1871084053,14294.55,2337.45,M1655006937,0.0,0.0,0,0
130,PAYMENT,22643.64,C1304660828,0.0,0.0,M1592409902,0.0,0.0,0,0
130,CASH_OUT,298893.23,C907434581,17015.0,0.0,C1545342951,399140.63,698033.86,0,0
130,CASH_OUT,19494.61,C1598684419,124300.0,104805.39,C1190910092,1308.95,20803.56,0,0
130,CASH_IN,476199.21,C547162034,69527.0,545726.21,C480212575,111374.78,0.0,0,0
130,TRANSFER,1001700.87,C664490083,0.0,0.0,C1781059427,2678825.55,3680526.43,0,0
130,PAYMENT,44373.95,C494846989,338531.0,294157.05,M1133126051,0.0,0.0,0,0
130,PAYMENT,21701.76,C592644634,46670.0,24968.24,M1838967400,0.0,0.0,0,0
130,CASH_IN,129704.46,C529519168,4116267.94,4245972.4,C2092498146,273838.35,144133.89,0,0
130,CASH_IN,28599.37,C792353925,6967405.27,6996004.63,C27851214,49605.55,21006.18,0,0
130,PAYMENT,26594.98,C1837526814,0.0,0.0,M1590867278,0.0,0.0,0,0
131,CASH_OUT,133872.55,C738326,41318.0,0.0,C1667776047,222279.85,356152.4,0,0
131,CASH_OUT,462745.18,C122635231,0.0,0.0,C1613371285,471010.94,933756.12,0,0
131,CASH_OUT,197786.14,C28670287,0.0,0.0,C120821662,594646.52,792432.66,0,0
131,CASH_OUT,279472.71,C2136314502,12268.0,0.0,C1702780758,1594383.77,1873856.48,0,0
131,CASH_OUT,38239.87,C1125163650,0.0,0.0,C1174597791,509431.24,547671.12,0,0
131,CASH_OUT,84966.59,C1245383279,0.0,0.0,C185196393,1132816.43,1217783.02,0,0
131,CASH_OUT,330576.18,C609750548,0.0,0.0,C1673351486,742785.88,1073362.07,0,0
131,PAYMENT,7337.92,C511876133,341960.0,334622.08,M545128088,0.0,0.0,0,0
131,CASH_IN,612522.46,C188386524,67305.0,679827.46,C1618825947,20001.99,0.0,0,0
131,CASH_OUT,182520.97,C1489611920,104575.0,0.0,C2027916459,433846.0,616366.97,0,0
131,PAYMENT,9028.51,C1088709124,0.0,0.0,M1390284087,0.0,0.0,0,0
131,CASH_OUT,39218.03,C1176230596,77690.65,38472.62,C1521711739,71323.06,110541.09,0,0
131,CASH_IN,423164.47,C498498614,11530.0,434694.47,C2128303785,0.0,0.0,0,0
131,CASH_OUT,526831.29,C415988974,16334.0,0.0,C1167472678,6652.22,533483.52,0,0
131,CASH_IN,178981.91,C2090703839,1671092.75,1850074.66,C1121059495,353160.36,174178.45,0,0
131,PAYMENT,12042.21,C782295267,0.0,0.0,M1383279202,0.0,0.0,0,0
131,CASH_OUT,70427.98,C503240268,79135.0,8707.02,C799345768,34527.31,104955.29,0,0
131,PAYMENT,4187.61,C1535100066,0.0,0.0,M134316069,0.0,0.0,0,0
131,PAYMENT,20793.53,C839369807,247929.99,227136.46,M2024167940,0.0,0.0,0,0
131,PAYMENT,13365.3,C1392729549,9037.0,0.0,M1331544248,0.0,0.0,0,0
131,PAYMENT,18888.94,C1014785100,0.0,0.0,M83830912,0.0,0.0,0,0
131,CASH_OUT,76083.94,C940713820,10247.0,0.0,C1380544247,0.0,76083.94,0,0
131,PAYMENT,8671.31,C129062918,0.0,0.0,M876098194,0.0,0.0,0,0
131,PAYMENT,15413.19,C1413873616,0.0,0.0,M37969619,0.0,0.0,0,0
131,PAYMENT,52288.23,C1037463778,0.0,0.0,M310743750,0.0,0.0,0,0
131,CASH_IN,323354.01,C739316692,23181385.92,23504739.93,C1013441041,396581.68,73227.67,0,0
131,CASH_IN,17455.73,C1791147192,104855.0,122310.73,C1754273548,125399.97,107944.23,0,0
131,CASH_IN,104567.19,C473249045,135.0,104702.19,C207716748,266540.69,161973.5,0,0
131,CASH_IN,1657.05,C844667331,1147288.9,1148945.95,C1738696219,1023593.83,1021936.78,0,0
131,CASH_OUT,251374.13,C1709486911,1237.0,0.0,C910981316,8498.39,259872.52,0,0
131,CASH_IN,232193.08,C383682187,695.0,232888.08,C690603087,409432.4,177239.33,0,0
131,PAYMENT,30973.11,C325210881,0.0,0.0,M1052250253,0.0,0.0,0,0
131,PAYMENT,16743.83,C482978649,0.0,0.0,M1747145716,0.0,0.0,0,0
131,CASH_OUT,142333.48,C913084459,30912.0,0.0,C1064142256,0.0,142333.48,0,0
131,CASH_OUT,285086.45,C447177167,650.0,0.0,C998088429,0.0,285086.45,0,0
131,CASH_OUT,234447.66,C465770253,0.0,0.0,C1485360262,5223364.49,5457812.16,0,0
131,TRANSFER,145228.29,C1686418896,0.0,0.0,C1032589043,425609.12,570837.41,0,0
131,CASH_IN,318127.21,C320558693,2753891.72,3072018.94,C568061228,557134.85,239007.64,0,0
131,PAYMENT,1761.96,C774232750,0.0,0.0,M147897441,0.0,0.0,0,0
131,CASH_OUT,237588.99,C1042127534,6412.0,0.0,C1352376623,3532173.84,3769762.83,0,0
131,CASH_IN,129264.78,C1704084152,2857.0,132121.78,C784840167,84895.98,0.0,0,0
131,PAYMENT,7653.5,C948128385,0.0,0.0,M662048852,0.0,0.0,0,0
131,CASH_IN,368277.61,C1244848006,35947.0,404224.61,C987839723,85961.03,0.0,0,0
131,CASH_IN,205776.43,C507232014,843.0,206619.43,C1996399856,298650.36,92873.93,0,0
131,CASH_IN,236530.42,C1194723037,181714.0,418244.42,C1295977505,21574.55,0.0,0,0
131,PAYMENT,33701.89,C1464189443,0.0,0.0,M2003554782,0.0,0.0,0,0
131,PAYMENT,26716.55,C1976967452,256389.0,229672.45,M1721390623,0.0,0.0,0,0
131,CASH_OUT,296842.49,C572847902,0.0,0.0,C1606615749,4197349.87,4494192.35,0,0
131,CASH_OUT,161913.84,C35163960,0.0,0.0,C1867188213,2829900.6,2991814.44,0,0
131,PAYMENT,33609.33,C459944005,0.0,0.0,M579623924,0.0,0.0,0,0
131,CASH_OUT,199656.88,C510510283,581.0,0.0,C1310181252,0.0,199656.88,0,0
131,CASH_IN,52160.46,C1638607562,22554761.27,22606921.73,C1019820034,3469517.46,3417357.0,0,0
131,CASH_OUT,52498.54,C1622447150,0.0,0.0,C458009698,90992.33,143490.87,0,0
131,TRANSFER,567607.37,C1184092526,0.0,0.0,C1361061446,1926555.54,2586251.54,0,0
131,CASH_OUT,778685.38,C1239145952,15073.0,0.0,C41543026,1461947.66,2240633.04,0,0
131,CASH_OUT,523455.64,C1978927711,145429.0,0.0,C1555190634,0.0,523455.64,0,0
131,CASH_IN,471152.17,C637924011,1124078.6,1595230.77,C1311106646,1210621.23,588192.84,0,0
131,CASH_OUT,255619.28,C1400201606,6513.0,0.0,C1316720582,112419.92,1164159.38,0,0
131,PAYMENT,875.16,C1682060702,0.0,0.0,M179474711,0.0,0.0,0,0
131,PAYMENT,27748.73,C289603984,105145.0,77396.27,M867480354,0.0,0.0,0,0
131,CASH_OUT,125567.39,C677915652,0.0,0.0,C502873170,625150.25,750717.65,0,0
131,PAYMENT,19031.12,C619338840,18571.0,0.0,M187850158,0.0,0.0,0,0
131,CASH_IN,667287.08,C1963474563,469837.79,1137124.87,C450293175,1638011.95,970724.87,0,0
131,CASH_OUT,396588.9,C20676266,50605.0,0.0,C293113182,1116255.6,1512844.5,0,0
131,PAYMENT,2657.14,C1753292569,90867.0,88209.86,M472920278,0.0,0.0,0,0
131,CASH_IN,143811.4,C1893826369,78857.0,222668.4,C1617812641,1128260.91,984449.51,0,0
131,CASH_IN,87847.67,C1169402145,1938138.11,2025985.78,C1757309475,451460.1,363612.43,0,0
131,CASH_IN,157898.89,C889712272,8394565.74,8552464.62,C1605119786,371130.22,213231.34,0,0
132,PAYMENT,1211.78,C1776515852,84593.0,83381.22,M125575854,0.0,0.0,0,0
132,CASH_IN,288629.75,C312738548,363.0,288992.75,C362540810,180136.86,0.0,0,0
132,CASH_OUT,135967.98,C2056333543,0.0,0.0,C377833979,1197835.01,1333802.99,0,0
132,CASH_OUT,266603.34,C1829813189,24263.34,0.0,C1340866292,490508.32,757111.67,0,0
132,CASH_OUT,180863.02,C1617080957,0.0,0.0,C523554423,999480.65,1180343.67,0,0
132,CASH_OUT,50935.43,C468654337,56604.0,5668.57,C136937809,422297.84,473233.27,0,0
132,PAYMENT,856.32,C2074893413,456018.0,455161.68,M1041795476,0.0,0.0,0,0
132,PAYMENT,15284.52,C716459415,20874.0,5589.48,M668795532,0.0,0.0,0,0
132,CASH_IN,8238.85,C1743757316,385367.0,393605.85,C1629949293,2042681.34,2034442.48,0,0
132,PAYMENT,41085.66,C463748386,22796.89,0.0,M1005314199,0.0,0.0,0,0
132,PAYMENT,18292.57,C7741853,0.0,0.0,M1225595794,0.0,0.0,0,0
132,CASH_IN,270597.92,C1303077850,8268615.73,8539213.64,C535782460,10571360.19,10300762.27,0,0
132,PAYMENT,4077.84,C2045411521,0.0,0.0,M900659153,0.0,0.0,0,0
132,CASH_IN,96980.14,C1405636412,9484777.02,9581757.16,C1412624210,219809.77,122829.63,0,0
132,CASH_OUT,278859.77,C915355840,0.0,0.0,C1874738699,464693.99,743553.76,0,0
132,PAYMENT,19104.44,C1661182039,0.0,0.0,M1514992338,0.0,0.0,0,0
132,PAYMENT,2166.71,C1677508578,98031.58,95864.86,M785211773,0.0,0.0,0,0
132,CASH_IN,103964.58,C2047312513,2445783.61,2549748.18,C1287782441,370672.93,266708.35,0,0
132,CASH_OUT,220012.12,C358617172,0.0,0.0,C202813211,746471.57,966483.69,0,0
132,CASH_IN,1308.47,C1072844078,3928569.49,3929877.96,C17809644,2456802.27,2536197.82,0,0
132,CASH_IN,254352.65,C1588123076,357301.0,611653.65,C799963057,664722.07,428385.77,0,0
132,TRANSFER,30704.61,C155632340,0.0,0.0,C2137650417,735077.47,1069896.65,0,0
132,CASH_OUT,96621.75,C2014745452,0.0,0.0,C1407607208,2493219.87,3784243.56,0,0
132,CASH_OUT,258459.48,C1892388547,0.0,0.0,C145695842,317605.44,576064.92,0,0
132,PAYMENT,16190.14,C686497174,20927.0,4736.86,M517405108,0.0,0.0,0,0
132,PAYMENT,2866.95,C1011968176,0.0,0.0,M1703696616,0.0,0.0,0,0
132,CASH_OUT,190657.08,C1043240903,10498.0,0.0,C112499063,0.0,348086.9,0,0
132,TRANSFER,297628.23,C1960255413,60847.0,0.0,C1184159666,240421.79,538050.02,0,0
132,PAYMENT,7010.27,C2139802087,0.0,0.0,M1512860064,0.0,0.0,0,0
132,PAYMENT,40373.51,C1503716586,0.0,0.0,M229312241,0.0,0.0,0,0
132,CASH_IN,24972.04,C6683278,1483602.91,1508574.96,C1086458292,882506.14,857534.1,0,0
132,CASH_OUT,115679.0,C1729333614,0.0,0.0,C1016096120,2161464.71,2277143.71,0,0
132,PAYMENT,601.8,C1870514031,11575.0,10973.2,M2077679892,0.0,0.0,0,0
132,CASH_OUT,61560.75,C154145441,155846.0,94285.25,C1422470338,0.0,256810.22,0,0
132,CASH_IN,49857.67,C532711581,1808532.97,1858390.64,C504193881,11690204.94,11558973.82,0,0
132,PAYMENT,34516.28,C967921617,302528.0,268011.72,M1883676249,0.0,0.0,0,0
132,TRANSFER,89003.82,C1282271267,0.0,0.0,C838354537,1854947.23,1943951.05,0,0
132,TRANSFER,1991150.21,C1574799414,10888.0,0.0,C1815891421,0.0,1991150.21,0,0
132,CASH_OUT,28326.74,C1771190986,0.0,0.0,C471056246,5638594.49,5666921.23,0,0
132,CASH_IN,162387.24,C1236957157,8430.0,170817.24,C1016728436,215233.03,52845.79,0,0
132,TRANSFER,739891.45,C8315160,312971.0,0.0,C399994587,941431.23,2559664.92,0,0
132,CASH_OUT,375989.33,C1188082036,19814.0,0.0,C553471892,57322.38,433311.71,0,0
132,PAYMENT,6319.11,C440222629,0.0,0.0,M224902658,0.0,0.0,0,0
132,CASH_IN,166616.39,C392245937,4192.0,170808.39,C2089313881,665272.48,790401.2,0,0
132,CASH_IN,15965.69,C1238426151,8821472.67,8837438.37,C1592287266,50558.59,34592.9,0,0
132,CASH_OUT,37289.08,C1867528368,0.0,0.0,C344560664,738189.89,674523.95,0,0
132,CASH_OUT,64030.31,C2034896831,0.0,0.0,C1522682009,84388.25,148418.55,0,0
132,PAYMENT,5715.67,C541723567,0.0,0.0,M1794885163,0.0,0.0,0,0
132,CASH_OUT,71102.44,C2004477686,10734.0,0.0,C1418611167,804879.41,1148560.71,0,0
132,PAYMENT,8638.63,C1700940042,0.0,0.0,M1283891046,0.0,0.0,0,0
132,PAYMENT,3044.19,C1259495568,12810.86,9766.67,M183477333,0.0,0.0,0,0
132,PAYMENT,3161.66,C1334061069,165302.0,162140.34,M569565428,0.0,0.0,0,0
132,PAYMENT,17899.73,C522964977,328734.75,310835.03,M1486000592,0.0,0.0,0,0
132,TRANSFER,1327191.6,C808875004,0.0,0.0,C1233430142,8237220.96,9564412.55,0,0
132,CASH_OUT,7056.36,C2147110646,0.0,0.0,C1410983857,1103046.14,1110102.5,0,0
132,CASH_IN,231903.33,C670757931,102717.0,334620.33,C655039893,0.0,0.0,0,0
132,CASH_OUT,171072.25,C1887944133,0.0,0.0,C558171610,881272.66,1052344.91,0,0
132,CASH_IN,210874.18,C1130319001,171936.49,382810.68,C1191909587,218103.63,7229.45,0,0
132,CASH_IN,58615.35,C59016862,167333.0,225948.35,C2121145830,0.0,0.0,0,0
132,CASH_IN,212190.04,C821026326,396834.88,609024.93,C166428193,1256035.85,1043845.81,0,0
132,CASH_IN,2945.93,C264717207,1766680.44,1769626.37,C782182080,220505.58,217559.65,0,0
132,CASH_OUT,669699.87,C232113289,0.0,0.0,C442703595,736864.29,1406564.17,0,0
133,CASH_IN,304098.73,C1701879719,11492.0,315590.73,C2070550497,397679.66,93580.92,0,0
133,PAYMENT,6786.36,C1636377252,11358.0,4571.64,M574155660,0.0,0.0,0,0
133,CASH_IN,160644.67,C555721553,12762.0,173406.67,C17930312,0.0,0.0,0,0
133,PAYMENT,14565.95,C550426011,30650.0,16084.05,M1560602225,0.0,0.0,0,0
133,CASH_OUT,230061.49,C2077085638,7919.0,0.0,C1868096235,5012637.76,5242699.25,0,0
133,PAYMENT,8409.44,C2085304781,12191.0,3781.56,M370253211,0.0,0.0,0,0
133,PAYMENT,34472.08,C296029792,147004.05,112531.97,M1985647404,0.0,0.0,0,0
133,CASH_OUT,20125.11,C352012504,603685.0,583559.89,C2076366345,0.0,20125.11,0,0
133,CASH_IN,331016.97,C1891586531,728906.58,1059923.55,C1151464555,6033866.01,5702849.04,0,0
133,CASH_OUT,160335.64,C424919005,0.0,0.0,C493337860,948469.11,1108804.75,0,0
133,PAYMENT,10621.37,C454660166,0.0,0.0,M1026842210,0.0,0.0,0,0
133,CASH_OUT,320667.57,C693778434,4231.0,0.0,C563457965,1196975.84,1517643.41,0,0
133,CASH_IN,340134.29,C2073473278,102712.0,442846.29,C1947301664,3136386.25,2796251.96,0,0
133,CASH_OUT,104188.67,C947561548,0.0,0.0,C1156099236,2778575.47,2882764.14,0,0
133,CASH_OUT,345384.09,C267511538,37000.0,0.0,C1965700596,0.0,345384.09,0,0
133,CASH_OUT,68935.59,C346184212,0.0,0.0,C1756898645,4838903.38,4907838.97,0,0
133,CASH_IN,203217.21,C1120963990,619.0,203836.21,C1994293117,764368.37,697465.93,0,0
133,PAYMENT,33569.89,C1455384045,49755.0,16185.11,M135480433,0.0,0.0,0,0
133,CASH_OUT,210253.84,C781367365,153916.0,0.0,C1900197383,302120.64,512374.48,0,0
133,CASH_OUT,275668.7,C1955622771,0.0,0.0,C606174015,6711956.22,6987624.92,0,0
133,CASH_OUT,24929.97,C180071016,0.0,0.0,C585575490,485800.52,510730.49,0,0
133,CASH_OUT,516336.45,C2137293436,783.0,0.0,C1848554488,7370020.71,7886357.15,0,0
133,CASH_OUT,282448.47,C310359595,70142.0,0.0,C609149875,439112.8,721561.26,0,0
133,PAYMENT,30005.93,C255852212,8185.0,0.0,M2086239979,0.0,0.0,0,0
133,CASH_OUT,257476.49,C2055206387,0.0,0.0,C541076164,2763538.96,3021015.45,0,0
133,CASH_OUT,19487.67,C2052277608,52487.0,32999.33,C563614196,404912.23,424399.89,0,0
133,TRANSFER,305392.19,C1429994118,267222.06,0.0,C1146832806,1288848.12,1594240.31,0,0
133,CASH_IN,65687.32,C11783970,627428.22,693115.54,C1361849499,0.0,0.0,0,0
133,CASH_OUT,449029.06,C2012325346,0.0,0.0,C626533045,474742.78,971129.39,0,0
133,CASH_IN,190479.05,C1532498344,4293.0,194772.05,C1095843740,35257.99,0.0,0,0
133,CASH_OUT,159569.11,C118813386,79733.0,0.0,C1664285744,0.0,101216.65,0,0
133,PAYMENT,9550.25,C1539596941,0.0,0.0,M116429926,0.0,0.0,0,0
133,CASH_OUT,438696.28,C1736755678,72824.0,0.0,C769726160,0.0,438696.28,0,0
133,CASH_IN,100834.8,C544991999,20924.0,121758.8,C1004495196,132512.16,31677.35,0,0
133,CASH_OUT,397433.38,C345546635,30610.0,0.0,C618944019,0.0,397433.38,0,0
133,CASH_OUT,946.86,C492521157,0.0,0.0,C1890730800,5896306.27,5897253.13,0,0
133,CASH_OUT,139526.97,C2010116545,20216.0,0.0,C283977131,0.0,139526.97,0,0
133,CASH_IN,235654.92,C885087322,858409.39,1094064.31,C557041912,2315427.7,2079772.78,0,0
133,PAYMENT,10229.17,C1625807034,0.0,0.0,M248254456,0.0,0.0,0,0
133,CASH_IN,105542.63,C2003172022,34839.0,140381.63,C752881770,46463.0,0.0,0,0
133,PAYMENT,13996.37,C374480831,0.0,0.0,M1518298332,0.0,0.0,0,0
133,PAYMENT,40266.16,C442939422,398915.95,358649.79,M1661918932,0.0,0.0,0,0
133,CASH_OUT,173063.82,C693208585,10490.0,0.0,C68063083,246472.84,419536.66,0,0
133,CASH_IN,177181.91,C539419029,13889967.47,14067149.39,C2004460809,450662.09,273480.18,0,0
133,CASH_OUT,192111.59,C1868042272,0.0,0.0,C2042229815,817771.92,1009883.5,0,0
133,PAYMENT,33991.78,C1423194664,54840.0,20848.22,M1076150007,0.0,0.0,0,0
133,CASH_OUT,19820.94,C2039348076,10344.0,0.0,C1397847551,550021.12,569842.06,0,0
133,CASH_OUT,214985.17,C1249557395,0.0,0.0,C1203429509,564222.45,779207.63,0,0
133,PAYMENT,31270.17,C1702600737,0.0,0.0,M2125165091,0.0,0.0,0,0
133,TRANSFER,483262.67,C1573313012,64291.0,0.0,C2047087507,0.0,636575.23,0,0
133,CASH_OUT,134619.01,C786606289,0.0,0.0,C882505110,198779.91,333398.93,0,0
133,CASH_OUT,119375.75,C201072340,0.0,0.0,C1235358482,179149.94,298525.69,0,0
133,PAYMENT,10472.66,C1668224566,0.0,0.0,M519304491,0.0,0.0,0,0
134,CASH_OUT,126058.32,C485951608,11002.0,0.0,C1721347579,163490.78,289549.09,0,0
134,PAYMENT,15869.67,C426781553,20173.0,4303.33,M1035573450,0.0,0.0,0,0
134,CASH_IN,24330.05,C548188770,4844128.82,4868458.87,C1908869642,37914.82,13584.76,0,0
134,CASH_OUT,239371.46,C511456978,0.0,0.0,C914153968,1425056.59,1664428.05,0,0
134,CASH_OUT,5310.95,C1934330521,112853.0,107542.05,C2011590212,0.0,5310.95,0,0
134,CASH_OUT,34888.08,C888788288,0.0,0.0,C1710279925,1307423.04,1527044.39,0,0
134,PAYMENT,2545.92,C1855913725,0.0,0.0,M1903882185,0.0,0.0,0,0
134,CASH_IN,228039.55,C1307455083,42354.0,270393.55,C459116446,0.0,0.0,0,0
134,CASH_OUT,26937.47,C1456261440,87557.29,60619.82,C1762933743,30943.82,479581.68,0,0
134,CASH_OUT,12940.79,C934184750,528.0,0.0,C608483342,77827.95,90768.74,0,0
134,CASH_OUT,206646.37,C2094353655,137207.0,0.0,C1342716079,921183.33,1127829.7,0,0
134,CASH_OUT,186405.95,C387437528,0.0,0.0,C583265767,1183333.54,1369739.48,0,0
134,CASH_OUT,109362.1,C661215315,0.0,0.0,C265885042,377086.53,486448.64,0,0
134,CASH_OUT,154949.82,C832655705,575524.42,420574.61,C2024005893,1965767.92,2120717.74,0,0
134,CASH_IN,121559.08,C2039980829,6508126.46,6629685.54,C307876922,786647.44,665088.36,0,0
134,PAYMENT,23947.0,C967049741,0.0,0.0,M149883462,0.0,0.0,0,0
134,CASH_IN,205469.88,C1354893303,7418172.01,7623641.9,C1153049441,1120548.27,915078.39,0,0
134,CASH_IN,138472.59,C1032559476,0.0,138472.59,C1547775252,1020410.3,881937.71,0,0
134,CASH_OUT,115771.61,C835653300,0.0,0.0,C1810492506,125880.02,241651.63,0,0
134,PAYMENT,2756.7,C1376544681,201144.54,198387.84,M1633957182,0.0,0.0,0,0
134,CASH_OUT,158874.78,C407028557,0.0,0.0,C1323492764,1139686.11,1298560.89,0,0
134,CASH_OUT,305815.62,C2013253922,0.0,0.0,C1875111740,3078267.02,3384082.64,0,0
134,CASH_IN,214300.31,C1599740854,283149.38,497449.7,C1745409044,787618.99,573318.67,0,0
134,TRANSFER,1275820.29,C1611253965,21187.0,0.0,C931681473,0.0,1275820.29,0,0
134,CASH_OUT,199672.33,C647645021,0.0,0.0,C2009051712,506700.77,542326.16,0,0
134,CASH_IN,93275.09,C1281302278,3553600.35,3646875.45,C1958365563,158793.12,65518.03,0,0
134,PAYMENT,883.59,C1329622294,3471.0,2587.41,M2015717418,0.0,0.0,0,0
134,TRANSFER,368736.05,C381547415,0.0,0.0,C539179335,1018347.29,1387083.34,0,0
134,CASH_IN,6229.64,C422179616,30421.0,36650.64,C233870384,0.0,0.0,0,0
134,TRANSFER,811810.95,C884196635,5907.0,0.0,C135290952,0.0,811810.95,0,0
134,CASH_OUT,252700.49,C724690080,0.0,0.0,C1394731655,9581779.81,9834480.31,0,0
134,CASH_OUT,146180.23,C560391986,2532.0,0.0,C915240663,3646053.08,3792233.3,0,0
134,PAYMENT,30777.69,C33175324,0.0,0.0,M10405987,0.0,0.0,0,0
134,CASH_OUT,312196.74,C2140433717,129750.0,0.0,C1761711704,1199023.78,1511220.52,0,0
134,CASH_OUT,158941.36,C1587545260,26861.0,0.0,C1671554064,147789.94,306731.29,0,0
134,CASH_OUT,258347.71,C727229676,21532.0,0.0,C195978127,116936.43,375284.14,0,0
134,CASH_IN,368122.39,C728587738,1100.0,369222.39,C494148199,0.0,0.0,0,0
134,PAYMENT,12833.46,C552466922,40879.0,28045.54,M1251776435,0.0,0.0,0,0
134,CASH_OUT,49920.34,C585092025,85.0,0.0,C965504331,3342196.02,3392116.37,0,0
134,TRANSFER,58901.23,C1973807262,547104.0,488202.77,C1907147814,77864.95,136766.19,0,0
134,PAYMENT,36566.43,C628260558,9049.0,0.0,M227681095,0.0,0.0,0,0
134,PAYMENT,25231.09,C542553191,405.0,0.0,M1994399238,0.0,0.0,0,0
134,PAYMENT,16690.59,C637436725,1390.0,0.0,M1833798907,0.0,0.0,0,0
134,CASH_IN,153477.38,C766144417,179932.0,333409.38,C13281314,1011593.07,745448.09,0,0
134,CASH_IN,12285.98,C1836498239,10090.0,22375.98,C634826813,87158.84,74872.85,0,0
134,TRANSFER,1090749.21,C2007676077,11748.0,0.0,C428572616,0.0,1090749.21,0,0
134,CASH_OUT,124728.24,C66919584,14020.16,0.0,C174085272,1802889.87,2208635.78,0,0
134,CASH_IN,95535.87,C707082094,293047.11,388582.98,C778494288,1130040.17,1034504.3,0,0
134,PAYMENT,27959.53,C1779221388,0.0,0.0,M1094603937,0.0,0.0,0,0
134,CASH_OUT,187271.08,C1945627550,0.0,0.0,C1820724856,1614062.31,1801333.39,0,0
134,CASH_OUT,226002.73,C356452868,12583.0,0.0,C926045536,12539362.34,12765365.08,0,0
134,CASH_OUT,314252.91,C339553930,92474.0,0.0,C2081513348,0.0,314252.91,0,0
134,CASH_OUT,390595.52,C2103690905,130.0,0.0,C10539172,245334.2,635929.72,0,0
135,PAYMENT,4113.61,C801197753,279420.93,275307.31,M1043638494,0.0,0.0,0,0
135,CASH_OUT,644767.49,C33312885,0.0,0.0,C1659639589,1320181.49,1964948.98,0,0
135,CASH_OUT,74659.73,C1181232892,0.0,0.0,C1225863886,569997.0,644656.72,0,0
135,CASH_OUT,240862.12,C134528546,99361.0,0.0,C2140179743,1271585.74,1512447.87,0,0
135,CASH_OUT,534919.83,C1201364792,345.0,0.0,C1082521615,6244424.29,6779344.12,0,0
135,CASH_IN,318172.46,C2061845682,5880975.25,6199147.71,C2128152858,670501.24,352328.78,0,0
135,TRANSFER,1414932.41,C1289999909,0.0,0.0,C1416943218,2517262.44,3932194.85,0,0
135,PAYMENT,14959.37,C968331663,0.0,0.0,M1271594045,0.0,0.0,0,0
135,PAYMENT,19374.38,C2040041015,0.0,0.0,M617502095,0.0,0.0,0,0
135,CASH_OUT,155713.32,C1705732170,0.0,0.0,C407042628,1117043.05,1272756.38,0,0
135,CASH_OUT,180232.42,C60152973,0.0,0.0,C601431337,2208368.68,2388601.09,0,0
135,CASH_OUT,128628.15,C786198436,749.0,0.0,C94557620,20629.23,149257.38,0,0
135,PAYMENT,10165.4,C1345781292,715.0,0.0,M1519449752,0.0,0.0,0,0
135,PAYMENT,2929.03,C1810636921,0.0,0.0,M263037535,0.0,0.0,0,0
135,CASH_IN,113567.45,C293480045,22368.0,135935.45,C2062145662,181014.91,67447.47,0,0
135,CASH_IN,413542.63,C1025263212,702022.0,1115564.63,C1492252108,3184766.46,2771223.84,0,0
135,PAYMENT,8706.33,C2104555528,0.0,0.0,M1168691582,0.0,0.0,0,0
135,PAYMENT,8440.11,C1224162323,0.0,0.0,M1642860469,0.0,0.0,0,0
135,TRANSFER,110685.76,C1474140357,0.0,0.0,C655250600,328749.94,439435.7,0,0
135,CASH_OUT,180011.45,C915147654,6150.0,0.0,C563819686,241065.24,421076.68,0,0
135,PAYMENT,8034.37,C567205023,362.0,0.0,M1380153686,0.0,0.0,0,0
135,PAYMENT,30129.19,C44140676,45047.0,14917.81,M2073996519,0.0,0.0,0,0
135,PAYMENT,7441.2,C1941183514,0.0,0.0,M1231091571,0.0,0.0,0,0
135,CASH_IN,257773.71,C765867545,10271364.77,10529138.48,C1538882286,527659.37,269885.65,0,0
135,CASH_IN,323556.37,C2025861883,30942.0,354498.37,C787745039,586868.85,92633.09,0,0
135,CASH_IN,275411.2,C360132621,3844569.26,4119980.46,C1868777571,396679.14,121267.94,0,0
135,CASH_OUT,293197.62,C1249716013,102092.0,0.0,C1616996492,0.0,293197.62,0,0
135,CASH_OUT,66022.17,C1397869432,6968.48,0.0,C1207433142,586245.08,652267.25,0,0
135,CASH_OUT,431078.19,C1300321569,0.0,0.0,C1171923050,1803528.73,2234606.93,0,0
135,PAYMENT,4582.18,C919802782,102376.0,97793.82,M2114707970,0.0,0.0,0,0
135,CASH_IN,158929.31,C1930631093,9817837.26,9976766.56,C554375364,164761.04,5831.73,0,0
135,CASH_IN,208653.93,C408884469,8081363.85,8290017.78,C870869979,3697092.96,3488439.03,0,0
135,PAYMENT,3777.59,C440704121,0.0,0.0,M37328742,0.0,0.0,0,0
135,CASH_IN,596255.52,C1640030897,104267.0,700522.52,C1912168466,152412.07,0.0,0,0
135,CASH_OUT,388084.95,C845945910,10724.67,0.0,C1106180874,1936630.07,2324715.02,0,0
135,TRANSFER,342656.18,C1462580804,0.0,0.0,C1803961195,746693.96,1089350.14,0,0
135,CASH_OUT,243087.01,C1351520246,0.0,0.0,C1715881547,306343.38,549430.39,0,0
135,CASH_OUT,537205.91,C588232307,0.0,0.0,C2093266673,2802898.74,3340104.65,0,0
135,PAYMENT,37756.02,C1191490346,152482.0,114725.98,M2006788601,0.0,0.0,0,0
136,PAYMENT,7903.61,C314511526,78743.02,70839.41,M324701929,0.0,0.0,0,0
136,CASH_OUT,180474.44,C1831251106,12702.0,0.0,C1806637850,3168316.06,3348790.5,0,0
136,PAYMENT,25384.66,C1923714167,0.0,0.0,M64723726,0.0,0.0,0,0
136,CASH_IN,66758.66,C1586163085,3668422.51,3735181.16,C1630788991,628443.03,561684.37,0,0
136,CASH_OUT,123499.68,C1793403353,18469.0,0.0,C904179387,112797.03,236296.7,0,0
136,CASH_IN,51938.44,C757926435,2544014.57,2595953.01,C24839150,643232.01,591293.58,0,0
136,PAYMENT,20714.26,C981414471,5621.16,0.0,M977260588,0.0,0.0,0,0
136,CASH_OUT,14461.2,C1569048334,0.0,0.0,C267785573,1117928.61,1132389.81,0,0
136,CASH_IN,145475.43,C1695187951,98812.0,244287.43,C1955673986,1422819.36,1277343.93,0,0
136,CASH_OUT,148326.4,C633341623,731.0,0.0,C1916671808,2899542.79,3047869.19,0,0
136,CASH_OUT,199075.59,C686070471,29486.0,0.0,C116017928,344648.79,543724.38,0,0
136,CASH_OUT,76066.26,C1794103858,10605.0,0.0,C1386758368,570077.69,646143.95,0,0
136,CASH_OUT,317218.33,C945891328,361.0,0.0,C1950021795,21824.0,0.0,0,0
136,PAYMENT,18588.63,C1176220188,268804.97,250216.34,M82541990,0.0,0.0,0,0
136,PAYMENT,22490.21,C2025604289,0.0,0.0,M577946812,0.0,0.0,0,0
136,PAYMENT,11393.97,C1071600201,417459.51,406065.54,M1313430003,0.0,0.0,0,0
136,TRANSFER,726506.12,C2076565817,25003.0,0.0,C1087189023,5024850.53,5751356.65,0,0
136,PAYMENT,21200.98,C725571673,6280.0,0.0,M1367051779,0.0,0.0,0,0
136,CASH_OUT,219202.26,C509654778,156560.0,0.0,C1380638120,43243.8,262446.06,0,0
136,CASH_OUT,191781.42,C1371344575,0.0,0.0,C360359109,1197495.1,1659757.64,0,0
136,PAYMENT,777.78,C363271395,0.0,0.0,M1815688443,0.0,0.0,0,0
136,CASH_IN,233388.27,C975936972,1582194.32,1815582.59,C2011962970,547338.47,313950.19,0,0
136,CASH_OUT,308897.54,C1859845867,0.0,0.0,C1501220014,3534488.31,4754623.85,0,0
136,CASH_IN,188570.59,C621287159,1604876.1,1793446.68,C1365661208,418059.25,229488.66,0,0
136,PAYMENT,3765.14,C416688543,80186.03,76420.88,M123334073,0.0,0.0,0,0
136,CASH_OUT,134312.43,C1029812824,299220.0,164907.57,C605753283,0.0,134312.43,0,0
136,PAYMENT,2386.6,C1255269789,0.0,0.0,M1480853562,0.0,0.0,0,0
136,CASH_OUT,187709.42,C2012214056,0.0,0.0,C1869100462,2553307.23,3530963.09,0,0
136,PAYMENT,7777.97,C1809580788,20803.0,13025.03,M1657358208,0.0,0.0,0,0
136,CASH_OUT,192875.01,C198596342,0.0,0.0,C1136945867,401319.89,683230.48,0,0
136,CASH_OUT,26911.14,C571147527,35384.0,8472.86,C1127509498,0.0,26911.14,0,0
136,PAYMENT,5673.54,C1440974489,53819.0,48145.46,M2066604766,0.0,0.0,0,0
136,CASH_IN,305479.22,C380844548,119330.0,424809.22,C1095416662,1147414.66,841935.43,0,0
136,PAYMENT,25159.1,C338633802,0.0,0.0,M915453605,0.0,0.0,0,0
136,CASH_IN,126697.88,C316427824,9461908.26,9588606.15,C2084905045,1585946.31,1459248.43,0,0
136,CASH_IN,8592.03,C533334205,13138931.84,13147523.87,C1097164999,2116503.91,2107911.88,0,0
136,PAYMENT,27251.67,C1982978669,194229.58,166977.9,M1052244264,0.0,0.0,0,0
136,PAYMENT,5570.76,C750314728,10436.0,4865.24,M1161236274,0.0,0.0,0,0
136,CASH_IN,309917.29,C2083469255,2036342.63,2346259.92,C1165410870,821464.07,511546.78,0,0
136,CASH_IN,14633.97,C1136208613,219473.0,234106.97,C428105892,0.0,100902.64,0,0
136,CASH_OUT,65303.98,C756630489,100147.0,34843.02,C306900366,15548.77,80852.74,0,0
136,CASH_OUT,434626.05,C1137934089,0.0,0.0,C875311279,1180020.95,1614647.0,0,0
136,CASH_OUT,156454.6,C1139362078,0.0,0.0,C1815427515,1217671.61,1374126.21,0,0
136,CASH_OUT,266804.6,C1862571028,44904.0,0.0,C1944352326,0.0,266804.6,0,0
136,CASH_IN,28171.39,C931326295,454381.47,482552.86,C18849508,1010031.45,981860.06,0,0
136,PAYMENT,12494.07,C394987455,357645.01,345150.94,M110360519,0.0,0.0,0,0
136,CASH_OUT,62934.14,C1899638525,0.0,0.0,C1590630344,93605.39,156539.53,0,0
136,PAYMENT,19606.02,C147165502,149006.0,129399.98,M2042919387,0.0,0.0,0,0
136,PAYMENT,15307.97,C244576092,0.0,0.0,M1632552963,0.0,0.0,0,0
136,PAYMENT,9130.04,C99295337,0.0,0.0,M1037214160,0.0,0.0,0,0
136,PAYMENT,5463.06,C107874047,133.0,0.0,M927248384,0.0,0.0,0,0
136,CASH_OUT,119998.63,C527374537,32696.0,0.0,C1837241711,246102.89,366101.52,0,0
136,CASH_IN,102463.55,C842367305,114.0,102577.55,C1277009740,0.0,0.0,0,0
136,CASH_IN,699054.92,C920653761,15391.0,714445.92,C365331813,1101.0,0.0,0,0
137,PAYMENT,9946.5,C1461578498,0.0,0.0,M1275582557,0.0,0.0,0,0
137,CASH_OUT,368047.19,C83426029,35488.0,0.0,C599435392,0.0,368047.19,0,0
137,PAYMENT,35909.0,C1842652943,0.0,0.0,M1412418711,0.0,0.0,0,0
137,PAYMENT,5391.18,C67490526,209630.54,204239.36,M2065266733,0.0,0.0,0,0
137,CASH_IN,155120.52,C1731392241,4508574.79,4663695.31,C1107885428,1376837.6,1221717.08,0,0
137,CASH_OUT,241736.24,C1112526216,2251.0,0.0,C691799924,0.0,241736.24,0,0
137,CASH_OUT,201873.68,C1475321022,59087.0,0.0,C650657798,10193908.0,10395781.68,0,0
137,CASH_OUT,410786.77,C1442203615,0.0,0.0,C1529634023,4710701.43,5121488.21,0,0
137,PAYMENT,27020.28,C1612451229,6548.56,0.0,M407538403,0.0,0.0,0,0
137,TRANSFER,1090576.34,C885617273,0.0,0.0,C2045649928,5969012.89,7059589.23,0,0
137,PAYMENT,24369.41,C309103677,424129.81,399760.41,M770883104,0.0,0.0,0,0
137,CASH_IN,239414.28,C686812346,20580.0,259994.28,C1723195099,609200.59,369786.31,0,0
137,PAYMENT,19233.28,C1202533982,158765.17,139531.89,M955609385,0.0,0.0,0,0
137,PAYMENT,18513.4,C1383076079,49545.0,31031.6,M366828215,0.0,0.0,0,0
137,PAYMENT,17734.62,C1465117198,146.0,0.0,M863133631,0.0,0.0,0,0
137,PAYMENT,8976.8,C567370583,58062.24,49085.44,M1606525326,0.0,0.0,0,0
137,CASH_OUT,136256.73,C1410190907,0.0,0.0,C2116181021,1104253.66,1240510.39,0,0
137,CASH_OUT,297289.04,C985765366,0.0,0.0,C1220418577,2038188.61,2335477.65,0,0
137,CASH_OUT,61300.78,C2100807525,0.0,0.0,C1911284764,941733.03,1003033.81,0,0
137,CASH_OUT,192864.96,C278484373,161420.0,0.0,C384062473,3982233.76,4175098.72,0,0
137,CASH_OUT,408077.12,C441439368,0.0,0.0,C2117496195,948913.23,1356990.35,0,0
137,PAYMENT,8284.2,C544994984,10456.0,2171.8,M1650504861,0.0,0.0,0,0
137,PAYMENT,17000.33,C1847041037,11954.0,0.0,M2050852696,0.0,0.0,0,0
137,CASH_OUT,219438.65,C414650748,0.0,0.0,C1564579608,227717.79,447156.44,0,0
137,CASH_OUT,125103.79,C451641708,0.0,0.0,C37976556,145449.02,270552.81,0,0
137,CASH_IN,274187.25,C839482482,6119688.96,6393876.21,C464345779,11690816.05,11416628.8,0,0
137,CASH_IN,171661.76,C1366616071,9941373.87,10113035.63,C531842601,2956041.3,2784379.54,0,0
137,CASH_OUT,109321.75,C480300571,30584.0,0.0,C1484587233,5075194.49,5221944.91,0,0
137,CASH_OUT,245228.66,C1859233197,7149.0,0.0,C92005778,3762804.68,4008033.33,0,0
137,CASH_OUT,141009.58,C23252892,0.0,0.0,C1868496077,299033.6,440043.19,0,0
137,PAYMENT,4072.27,C1632714744,0.0,0.0,M1545727457,0.0,0.0,0,0
137,CASH_IN,35283.96,C773471497,586689.1,621973.06,C481803798,67174.73,31890.77,0,0
137,CASH_OUT,249810.93,C39182790,391.0,0.0,C1492434562,0.0,249810.93,0,0
137,CASH_IN,169595.82,C1141946661,10613.0,180208.82,C1925193944,801446.86,631851.04,0,0
137,CASH_OUT,86322.2,C686998460,46302.0,0.0,C1355025045,0.0,86322.2,0,0
137,CASH_OUT,156201.78,C696514253,13215.0,0.0,C293709482,421771.03,577972.81,0,0
137,CASH_OUT,350137.56,C2090122590,99081.0,0.0,C1451450414,78245.0,428382.56,0,0
137,CASH_IN,54149.02,C1275882357,721490.0,775639.02,C1915730451,1063809.82,1009660.8,0,0
137,CASH_OUT,208409.49,C1784719830,0.0,0.0,C929507172,4945591.08,5154000.57,0,0
137,PAYMENT,10096.45,C2044907493,22153.0,12056.55,M910947468,0.0,0.0,0,0
137,CASH_OUT,418601.63,C652695725,0.0,0.0,C1759817636,571506.7,990108.33,0,0
137,CASH_IN,397678.37,C539645694,1994136.77,2391815.14,C721290614,650655.64,252977.27,0,0
137,CASH_OUT,9865.23,C2090473029,21574.0,11708.77,C1235829037,0.0,9865.23,0,0
137,CASH_IN,145426.68,C1482800662,7138445.28,7283871.95,C40013162,5870787.92,5725361.24,0,0
137,TRANSFER,232502.94,C1638639318,135677.0,0.0,C1355282350,37352.09,269855.03,0,0
137,CASH_IN,87835.31,C1346776840,9909.0,97744.31,C1151786374,0.0,0.0,0,0
137,CASH_OUT,20769.56,C20005701,313393.0,292623.44,C57361118,1233075.1,1392235.01,0,0
137,CASH_IN,73790.27,C1534498939,11170.0,84960.27,C621028232,120751.81,46961.54,0,0
137,CASH_IN,13843.18,C241558959,0.0,13843.18,C2039956875,287395.58,273552.4,0,0
137,CASH_IN,173453.15,C1152571416,5293886.93,5467340.08,C531945435,501318.46,327865.31,0,0
137,CASH_OUT,73696.25,C1212358466,5024.0,0.0,C1402089549,0.0,73696.25,0,0
137,TRANSFER,318155.02,C893022424,0.0,0.0,C114419753,1017650.09,1335805.11,0,0
137,CASH_OUT,153613.51,C1963659476,260.0,0.0,C1673750653,0.0,153613.51,0,0
137,PAYMENT,8802.03,C92432971,0.0,0.0,M380422064,0.0,0.0,0,0
137,CASH_IN,76441.6,C448412955,14480.0,90921.6,C498028715,271740.39,195298.79,0,0
138,PAYMENT,1845.23,C2066200864,0.0,0.0,M1312124347,0.0,0.0,0,0
138,CASH_OUT,276202.02,C149864791,0.0,0.0,C252890242,1039630.28,1315832.31,0,0
138,CASH_IN,142874.05,C1964433556,3237674.24,3380548.29,C1826548683,9683476.47,9540602.42,0,0
138,PAYMENT,44131.13,C341830005,18248.0,0.0,M299622697,0.0,0.0,0,0
138,PAYMENT,17310.96,C1529628150,0.0,0.0,M1195875490,0.0,0.0,0,0
138,PAYMENT,27956.63,C1838666885,0.0,0.0,M1360515651,0.0,0.0,0,0
138,CASH_OUT,402329.96,C1124072719,13933.0,0.0,C707786130,454316.62,856646.58,0,0
138,CASH_OUT,13659.29,C1696509388,10051.0,0.0,C312682464,0.0,13659.29,0,0
138,TRANSFER,353978.14,C788981686,302706.0,0.0,C83569363,101947.68,455925.83,0,0
138,CASH_IN,168358.25,C1248838712,1272.0,169630.25,C605165556,382099.17,213740.92,0,0
138,CASH_IN,212997.89,C768026629,11149.0,224146.89,C1656656641,0.0,0.0,0,0
138,TRANSFER,504458.03,C259739173,0.0,0.0,C2011925064,1366681.52,1871139.55,0,0
138,CASH_IN,101862.62,C987119722,1196540.21,1298402.83,C1565695034,207082.05,105219.43,0,0
138,TRANSFER,787749.76,C1601852178,106669.0,0.0,C1797700848,0.0,1224908.37,0,0
138,CASH_OUT,269760.9,C1423596873,0.0,0.0,C1869641229,997454.58,1267215.48,0,0
138,PAYMENT,700.96,C1431268266,398686.0,397985.04,M615391852,0.0,0.0,0,0
138,PAYMENT,4034.08,C178704838,0.0,0.0,M939874175,0.0,0.0,0,0
138,PAYMENT,4232.72,C1541524201,107938.24,103705.53,M92289769,0.0,0.0,0,0
138,PAYMENT,23128.97,C1002265891,29893.0,6764.03,M887205995,0.0,0.0,0,0
138,PAYMENT,14634.35,C1815422374,0.0,0.0,M931387724,0.0,0.0,0,0
138,CASH_OUT,95186.24,C489393218,128.0,0.0,C1895373609,0.0,34540.28,0,0
138,CASH_OUT,493087.31,C551977121,5597.0,0.0,C99695544,684202.58,1177289.89,0,0
138,CASH_OUT,99778.97,C1760431243,0.0,0.0,C1439254151,122595.56,344177.79,0,0
138,CASH_OUT,376867.65,C1562557628,32216.0,0.0,C2137644123,6387314.71,6764182.36,0,0
138,PAYMENT,14451.03,C587894595,306679.43,292228.4,M371544342,0.0,0.0,0,0
138,CASH_OUT,287482.16,C786403923,0.0,0.0,C586727036,4056551.19,4344033.35,0,0
138,PAYMENT,51296.25,C1572310302,199533.0,148236.75,M2100644715,0.0,0.0,0,0
138,CASH_OUT,67070.93,C58062361,0.0,0.0,C1326422076,196147.55,263218.48,0,0
138,CASH_OUT,236958.57,C1295917775,0.0,0.0,C344267503,957985.59,1383186.99,0,0
138,CASH_OUT,41852.66,C2019555320,54807.0,12954.34,C629928243,9492818.98,9534671.65,0,0
138,CASH_OUT,194871.12,C1767781543,52056.0,0.0,C475435745,226365.69,421236.82,0,0
138,CASH_OUT,101939.19,C1958284981,58293.0,0.0,C552316170,403796.93,505736.13,0,0
138,CASH_IN,38424.29,C542292909,20379009.11,20417433.4,C1918579214,475479.97,617581.5,0,0
138,CASH_OUT,69390.64,C1797086312,0.0,0.0,C1864084023,4091950.69,4282061.15,0,0
138,TRANSFER,495927.22,C987102160,61636.0,0.0,C1546783304,45427.96,541355.18,0,0
138,TRANSFER,645619.21,C1445254747,0.0,0.0,C657411220,1157319.63,1802938.83,0,0
138,TRANSFER,1212469.92,C1824380526,0.0,0.0,C1481087100,2188083.82,3400553.74,0,0
138,CASH_IN,128033.22,C2127647807,671.0,128704.22,C1473983374,0.0,0.0,0,0
138,CASH_IN,151760.06,C754623595,377685.0,529445.06,C541692540,0.0,0.0,0,0
138,PAYMENT,18386.8,C1059991630,52868.0,34481.2,M621148858,0.0,0.0,0,0
138,PAYMENT,5290.81,C522857692,3627.0,0.0,M312316405,0.0,0.0,0,0
138,CASH_OUT,271448.39,C1471529421,0.0,0.0,C680062071,4924458.36,5195906.74,0,0
138,TRANSFER,704662.31,C1117807436,0.0,0.0,C1178388156,7194121.22,7898783.54,0,0
138,CASH_IN,254706.1,C907211041,75209.0,329915.1,C215265475,15653.66,0.0,0,0
138,PAYMENT,14731.53,C1128544520,18825.38,4093.85,M1939484845,0.0,0.0,0,0
138,PAYMENT,13066.86,C842568081,6862.64,0.0,M427342862,0.0,0.0,0,0
138,CASH_IN,19643.7,C1790599655,19290141.17,19309784.87,C1745120180,11447709.8,11428066.1,0,0
138,CASH_IN,348265.71,C1126701449,21989006.68,22337272.39,C12526794,2568563.43,2220297.73,0,0
139,PAYMENT,22464.19,C722267695,0.0,0.0,M523563465,0.0,0.0,0,0
139,CASH_IN,91337.02,C2015043495,11121385.03,11212722.04,C1527761090,4632898.45,4541561.44,0,0
139,CASH_IN,107925.08,C74606487,15931689.47,16039614.55,C378358292,1244432.86,1136507.78,0,0
139,CASH_IN,26761.87,C555996093,7909113.49,7935875.36,C140006073,27491.32,729.45,0,0
139,CASH_IN,15959.42,C137138484,14583.0,30542.42,C1206774228,10216.0,320109.38,0,0
139,CASH_IN,41824.15,C1887004620,11845.0,53669.15,C1535982968,415337.61,373513.46,0,0
139,CASH_OUT,334887.16,C906444687,0.0,0.0,C1221120250,5894320.27,6229207.43,0,0
139,PAYMENT,5902.94,C380205502,0.0,0.0,M1005934866,0.0,0.0,0,0
139,CASH_OUT,14077.43,C1091853225,38923.0,24845.57,C192640008,246478.8,358187.74,0,0
139,CASH_IN,19544.94,C277751364,10707088.9,10726633.84,C1301418576,48664.07,29119.13,0,0
139,PAYMENT,14867.52,C1312583232,502654.0,487786.48,M1177959929,0.0,0.0,0,0
139,PAYMENT,1019.03,C2140681314,71764.0,70744.97,M1426122415,0.0,0.0,0,0
139,PAYMENT,7928.92,C742781184,0.0,0.0,M67662427,0.0,0.0,0,0
139,CASH_IN,217012.11,C630242464,5023.0,222035.11,C195584622,0.0,0.0,0,0
139,PAYMENT,27390.52,C1505020888,132.0,0.0,M1158137180,0.0,0.0,0,0
139,PAYMENT,3757.4,C1420375767,2300.03,0.0,M1120335218,0.0,0.0,0,0
139,DEBIT,2393.43,C332244086,352444.0,350050.57,C1644584210,356819.62,148239.38,0,0
139,PAYMENT,2458.41,C79000516,0.0,0.0,M1465850732,0.0,0.0,0,0
139,CASH_OUT,54716.82,C2026422118,179329.0,124612.18,C1054656297,723900.28,778617.11,0,0
139,CASH_OUT,129286.03,C475187601,10118.0,0.0,C1057358233,0.0,129286.03,0,0
139,CASH_OUT,148234.07,C10168403,0.0,0.0,C310159202,1257773.05,1302691.08,0,0
139,CASH_OUT,13798.12,C1348342035,0.0,0.0,C402714881,17440455.05,17097037.31,0,0
139,CASH_OUT,255188.49,C388663220,112957.0,0.0,C851770320,1626165.87,1985485.48,0,0
139,PAYMENT,17313.36,C910997800,0.0,0.0,M2051670286,0.0,0.0,0,0
139,CASH_IN,175440.5,C1708795519,11853.0,187293.5,C890903167,0.0,0.0,0,0
139,PAYMENT,9103.95,C1550210210,0.0,0.0,M392071480,0.0,0.0,0,0
139,PAYMENT,12982.72,C1683687197,207082.08,194099.36,M510593321,0.0,0.0,0,0
139,CASH_IN,226198.78,C372149581,5429791.94,5655990.72,C205119109,1420571.61,1194372.84,0,0
139,CASH_IN,121316.93,C1056394111,7644257.3,7765574.23,C1452035016,266724.62,145407.69,0,0
139,TRANSFER,665324.34,C1969677334,1369.0,0.0,C753434739,0.0,737939.57,0,0
139,CASH_IN,79010.36,C1613057365,19974.0,98984.36,C833088181,0.0,0.0,0,0
139,CASH_IN,49817.53,C1634053321,8310050.17,8359867.7,C911111398,6572808.51,6642019.12,0,0
139,PAYMENT,39358.76,C1521224449,50863.0,11504.24,M1037609550,0.0,0.0,0,0
139,CASH_IN,418886.97,C2146618859,6215.0,425101.97,C911103188,0.0,0.0,0,0
139,PAYMENT,4565.59,C2122645294,15198.0,10632.41,M1398201844,0.0,0.0,0,0
139,TRANSFER,662752.93,C905905235,7288.0,0.0,C2029400842,0.0,662752.93,0,0
139,PAYMENT,1794.83,C301440963,0.0,0.0,M1923601041,0.0,0.0,0,0
139,CASH_IN,69942.88,C2058744109,8866020.37,8935963.26,C834379992,523277.39,516319.41,0,0
139,CASH_OUT,142952.26,C1868675411,0.0,0.0,C1007482835,578267.2,721219.47,0,0
139,CASH_IN,222514.93,C130204981,14820964.1,15043479.03,C1869603829,239253.88,16738.94,0,0
139,PAYMENT,18267.92,C867261045,201742.0,183474.08,M1834078180,0.0,0.0,0,0
139,CASH_IN,214604.98,C1569810059,1069.0,215673.98,C1792825871,0.0,0.0,0,0
139,CASH_OUT,26887.98,C954885001,192433.02,165545.04,C1972714568,1590439.53,1617327.51,0,0
139,CASH_OUT,17841.11,C674724591,47410.0,29568.89,C175791910,694492.1,712333.21,0,0
139,CASH_OUT,404087.77,C1748086378,21090.0,0.0,C589895859,0.0,404087.77,0,0
139,CASH_OUT,101592.55,C1539205211,0.0,0.0,C800201652,867546.83,969139.39,0,0
139,PAYMENT,27472.64,C93814870,0.0,0.0,M200008026,0.0,0.0,0,0
139,CASH_OUT,88649.07,C1217420018,0.0,0.0,C634242800,2432998.72,2521647.79,0,0
139,PAYMENT,16014.82,C614269336,0.0,0.0,M616180474,0.0,0.0,0,0
139,CASH_OUT,87391.34,C716225350,0.0,0.0,C91024971,316096.79,403488.14,0,0
139,PAYMENT,12501.69,C1356230636,0.0,0.0,M1698590161,0.0,0.0,0,0
139,CASH_OUT,217892.76,C1568014743,20314.0,0.0,C1551137102,119708.64,337601.4,0,0
139,CASH_IN,118526.69,C1797043500,762416.04,880942.74,C2084380485,153777.34,35250.65,0,0
139,CASH_IN,48547.67,C91615359,1377.0,49924.67,C1771939633,658916.59,610368.92,0,0
139,PAYMENT,39794.66,C96989282,1101.0,0.0,M677180646,0.0,0.0,0,0
139,PAYMENT,37954.8,C228565642,253036.0,215081.2,M58669060,0.0,0.0,0,0
139,PAYMENT,16231.37,C628165305,677.0,0.0,M102475761,0.0,0.0,0,0
139,PAYMENT,17476.3,C1019404250,108632.0,91155.7,M81347706,0.0,0.0,0,0
139,PAYMENT,8505.68,C125423979,328875.66,320369.98,M348479351,0.0,0.0,0,0
139,TRANSFER,244355.75,C875236285,0.0,0.0,C1241643346,800187.98,1044543.73,0,0
139,PAYMENT,500.09,C2090555291,16284.69,15784.6,M1103185514,0.0,0.0,0,0
139,CASH_IN,181716.98,C555378514,20627.0,202343.98,C1198429384,304706.27,122989.29,0,0
139,CASH_IN,90148.09,C2076359673,543969.09,634117.18,C1378135874,153612.68,63464.58,0,0
139,CASH_OUT,44079.11,C1010264837,0.0,0.0,C2116038469,189155.0,284917.15,0,0
139,CASH_OUT,216344.04,C445651800,0.0,0.0,C477659245,459296.29,675640.33,0,0
139,PAYMENT,13837.31,C2095919979,11765.0,0.0,M545858224,0.0,0.0,0,0
139,CASH_IN,131370.12,C147823941,146.0,131516.12,C1626374608,464526.12,333156.0,0,0
139,CASH_OUT,267269.14,C219090123,0.0,0.0,C1388377048,1219167.79,1486436.93,0,0
139,CASH_OUT,34938.3,C823990573,0.0,0.0,C499752779,681394.17,716332.47,0,0
139,CASH_OUT,251026.39,C399063344,0.0,0.0,C734745671,1365308.34,1616334.73,0,0
139,CASH_OUT,21047.69,C1344456374,200189.71,179142.02,C157953339,180474.05,201521.73,0,0
139,PAYMENT,3956.67,C477250623,23127.0,19170.33,M225996560,0.0,0.0,0,0
139,CASH_OUT,199802.11,C603420288,0.0,0.0,C1054605439,732711.37,932513.48,0,0
139,PAYMENT,11613.93,C365162624,0.0,0.0,M450370338,0.0,0.0,0,0
139,CASH_OUT,27343.19,C973099550,0.0,0.0,C1571901875,9258051.34,9285394.53,0,0
139,CASH_IN,309907.6,C1784225101,6232826.41,6542734.0,C807001713,415287.3,105379.7,0,0
139,CASH_IN,81432.1,C1263313068,6511854.37,6593286.46,C569216252,558135.58,476703.49,0,0
139,CASH_IN,229165.39,C1483143997,58769.0,287934.39,C1326645274,8786766.65,8557601.25,0,0
140,TRANSFER,1040065.33,C588793262,2884.0,0.0,C1406193485,29868579.14,30908644.47,0,0
140,CASH_IN,19146.19,C120736285,24341.0,43487.19,C828728178,0.0,0.0,0,0
140,CASH_IN,402056.38,C1452596436,12513.0,414569.38,C837449302,233487.99,0.0,0,0
140,CASH_OUT,225102.49,C839428548,0.0,0.0,C365567376,4275295.61,4500398.1,0,0
140,PAYMENT,6163.67,C2004988294,11358.0,5194.33,M1872015722,0.0,0.0,0,0
140,PAYMENT,25638.33,C1629133909,7451.32,0.0,M1103687713,0.0,0.0,0,0
140,PAYMENT,9453.48,C224144427,125388.76,115935.28,M1326257409,0.0,0.0,0,0
140,CASH_IN,132886.43,C423364271,51641.0,184527.43,C1058820280,206889.22,74002.79,0,0
140,CASH_OUT,142408.64,C467977280,0.0,0.0,C1298684783,350095.78,492504.42,0,0
140,PAYMENT,12961.17,C1837974211,0.0,0.0,M269894266,0.0,0.0,0,0
140,CASH_OUT,105222.4,C688765353,26406.0,0.0,C961996548,6227593.18,6332815.58,0,0
140,PAYMENT,12514.25,C2039615027,20145.0,7630.75,M279340352,0.0,0.0,0,0
140,CASH_IN,35860.4,C547261099,67171.57,103031.97,C2014121842,183908.4,148048.0,0,0
140,PAYMENT,14604.07,C1277018423,0.0,0.0,M514460850,0.0,0.0,0,0
140,CASH_OUT,67922.13,C1886815677,0.0,0.0,C1634104345,157598.17,225520.3,0,0
140,CASH_IN,166349.34,C1482826299,10025802.07,10192151.41,C239958726,185822.16,19472.82,0,0
140,PAYMENT,20144.09,C13358496,235.53,0.0,M1674221935,0.0,0.0,0,0
140,TRANSFER,99737.11,C1411887915,0.0,0.0,C1098694356,1521202.7,1620939.81,0,0
140,CASH_IN,235850.21,C663049976,9886.0,245736.21,C1515965508,3236450.08,3000599.87,0,0
140,CASH_OUT,147079.91,C1993081047,0.0,0.0,C1540948006,762013.38,811880.55,0,0
140,PAYMENT,9728.36,C11156513,0.0,0.0,M1450824970,0.0,0.0,0,0
140,CASH_IN,15215.62,C682063231,26300.0,41515.62,C166521103,0.0,0.0,0,0
140,CASH_IN,68540.79,C870377756,18646980.11,18715520.9,C771123503,6445434.81,6376894.02,0,0
140,CASH_OUT,162880.94,C255870729,0.0,0.0,C1966907953,171637.98,334518.92,0,0
140,PAYMENT,6516.38,C312423074,20359.0,13842.62,M1103835293,0.0,0.0,0,0
140,CASH_OUT,13396.11,C1512337866,24814.0,11417.89,C1331428869,159551.0,137665.23,0,0
140,PAYMENT,118.14,C1424052836,5462.0,5343.86,M531757796,0.0,0.0,0,0
140,CASH_OUT,44162.19,C1309323969,12384.0,0.0,C553474489,318300.91,362463.1,0,0
140,PAYMENT,14271.49,C1018577212,0.0,0.0,M436323562,0.0,0.0,0,0
140,PAYMENT,3380.26,C172609002,53209.0,49828.74,M1804797798,0.0,0.0,0,0
140,CASH_IN,52139.14,C1751472323,148294.0,200433.14,C71733289,0.0,0.0,0,0
140,CASH_IN,113198.95,C618995860,30718.0,143916.95,C1237810293,542.75,0.0,0,0
140,PAYMENT,388.66,C1147198913,51334.0,50945.34,M1509557264,0.0,0.0,0,0
140,TRANSFER,584730.32,C398073045,204869.0,0.0,C1388138703,89061.68,673792.01,0,0
140,CASH_OUT,73082.78,C1475544456,0.0,0.0,C1939608891,187498.18,130169.57,0,0
140,CASH_IN,79190.81,C2029765028,761.0,79951.81,C1746112794,0.0,0.0,0,0
140,TRANSFER,21931.45,C621542626,0.0,0.0,C459504861,263230.84,285162.28,0,0
140,PAYMENT,15189.15,C1458504614,0.0,0.0,M455380305,0.0,0.0,0,0
140,CASH_OUT,97197.92,C230482052,1757.0,0.0,C1175208170,1402926.93,1500124.85,0,0
140,CASH_IN,163432.93,C1426006300,2672875.76,2836308.69,C1828817484,921054.26,757621.33,0,0
140,CASH_IN,79635.02,C749336719,10261.0,89896.02,C1176121599,652149.28,572514.26,0,0
140,CASH_IN,176974.98,C710419241,100744.0,277718.98,C679816592,423258.96,246283.98,0,0
140,PAYMENT,2050.59,C1844430143,19522.0,17471.41,M1521180394,0.0,0.0,0,0
140,TRANSFER,1110764.83,C614425483,0.0,0.0,C1171449411,1884176.43,2994941.27,0,0
140,PAYMENT,11489.99,C1873889772,20621.0,9131.01,M708619579,0.0,0.0,0,0
140,CASH_OUT,111130.68,C1856788087,194989.81,83859.13,C690383508,133887.51,245018.19,0,0
140,CASH_OUT,8204.23,C2069258618,24334.0,16129.77,C476430242,63608.82,71813.05,0,0
140,CASH_OUT,444902.74,C1378475203,66576.0,0.0,C1114316195,874727.06,1319629.8,0,0
140,CASH_IN,8371.37,C1574303547,1570412.39,1578783.75,C770371029,39658.03,31286.67,0,0
141,CASH_OUT,317763.7,C379693302,0.0,0.0,C851296994,2289942.55,2607706.25,0,0
141,CASH_OUT,129985.65,C3573502,280282.24,150296.58,C1587770904,1281362.85,1411348.51,0,0
141,CASH_OUT,208788.77,C412388686,0.0,0.0,C1829301018,688176.34,896965.11,0,0
141,CASH_IN,198610.66,C333700449,21987.0,220597.66,C250164526,0.0,0.0,0,0
141,PAYMENT,7452.17,C241703875,8566.0,1113.83,M1699362255,0.0,0.0,0,0
141,CASH_OUT,141582.5,C145465549,0.0,0.0,C123366619,2146057.69,2287640.18,0,0
141,PAYMENT,15549.07,C944624243,12248.0,0.0,M730315762,0.0,0.0,0,0
141,CASH_IN,204632.32,C1274778562,2018.0,206650.32,C867889166,0.0,0.0,0,0
141,CASH_IN,80534.02,C342532358,122042.0,202576.02,C588988242,22346.66,0.0,0,0
141,PAYMENT,3039.25,C659329557,11072.0,8032.75,M141836129,0.0,0.0,0,0
141,CASH_OUT,249722.08,C191776330,0.0,0.0,C666437161,1395198.6,1644920.69,0,0
141,PAYMENT,16693.64,C576775560,51724.77,35031.13,M684811539,0.0,0.0,0,0
141,CASH_IN,50096.09,C594948554,2348487.67,2398583.76,C333769069,2551281.13,2501185.04,0,0
141,CASH_OUT,38244.02,C1060891135,149711.22,111467.2,C1499344454,928345.41,966589.43,0,0
141,CASH_OUT,147136.57,C1020592925,0.0,0.0,C887589474,1015384.27,1162520.85,0,0
141,CASH_OUT,243185.66,C1665100632,0.0,0.0,C373519132,2654503.94,2897689.61,0,0
141,CASH_OUT,10093.65,C1912582308,180673.28,170579.63,C325454507,703809.0,713902.64,0,0
141,CASH_OUT,108247.75,C1310003185,0.0,0.0,C512535451,113661.26,221909.0,0,0
141,CASH_IN,174469.09,C949079313,8827133.07,9001602.16,C1615594182,192945.45,18476.36,0,0
142,CASH_IN,35386.45,C1912386341,49534.0,84920.45,C117442190,812961.99,777575.54,0,0
142,PAYMENT,135.18,C450044125,24876.17,24740.98,M1111535461,0.0,0.0,0,0
142,CASH_OUT,69924.98,C692407472,0.0,0.0,C1565069336,1749287.44,1819212.42,0,0
142,CASH_IN,41399.22,C1318312167,11955043.95,11996443.17,C635658031,4786750.14,4745350.92,0,0
142,TRANSFER,1508616.33,C1033754954,0.0,0.0,C2114023005,4258878.42,5767494.75,0,0
142,PAYMENT,7754.51,C1609244305,21772.0,14017.49,M1994923526,0.0,0.0,0,0
142,PAYMENT,17171.33,C63962499,11184.0,0.0,M495355487,0.0,0.0,0,0
142,CASH_IN,177687.41,C1636173190,6463811.25,6641498.67,C510081389,962614.01,784926.59,0,0
142,PAYMENT,13904.18,C1135718419,119.0,0.0,M253345804,0.0,0.0,0,0
142,CASH_IN,51824.33,C1953795013,3344882.09,3396706.42,C708172215,622183.73,570359.4,0,0
142,DEBIT,6724.83,C423039988,0.0,0.0,C1308678191,30807.27,37532.1,0,0
142,CASH_OUT,8270.56,C151379246,0.0,0.0,C695889360,4732237.49,4740508.05,0,0
142,CASH_OUT,192007.0,C1247239899,0.0,0.0,C666447133,3362531.06,3554538.06,0,0
142,PAYMENT,2965.12,C817133516,0.0,0.0,M697543572,0.0,0.0,0,0
142,CASH_IN,9253.4,C1122764211,153.0,9406.4,C1370049948,0.0,0.0,0,0
142,CASH_OUT,350911.93,C1517154551,0.0,0.0,C1445972462,1792806.31,2143718.24,0,0
142,PAYMENT,9753.42,C2141790392,4494.99,0.0,M101489395,0.0,0.0,0,0
142,PAYMENT,11873.39,C728322737,556786.0,544912.61,M1305188583,0.0,0.0,0,0
143,PAYMENT,15667.37,C1585891899,0.0,0.0,M240573920,0.0,0.0,0,0
143,CASH_OUT,275109.66,C762086102,23012.09,0.0,C1342473272,750583.17,1025692.83,0,0
143,PAYMENT,16077.84,C985626522,415687.14,399609.3,M486909384,0.0,0.0,0,0
143,CASH_OUT,259277.92,C223683992,0.0,0.0,C745616204,272436.83,531714.74,0,0
143,PAYMENT,1517.91,C1093390985,28505.0,26987.09,M365106377,0.0,0.0,0,0
143,PAYMENT,11574.32,C1151916623,18805.34,7231.01,M1485502019,0.0,0.0,0,0
143,CASH_IN,137497.53,C2104542019,13471359.17,13608856.7,C421974391,458903.77,321406.24,0,0
143,CASH_IN,2028.28,C2126837603,21558.0,23586.28,C101372398,496728.37,494700.09,0,0
143,PAYMENT,6703.08,C1167407921,98343.0,91639.92,M1236794853,0.0,0.0,0,0
143,PAYMENT,14136.07,C811612420,363.0,0.0,M1397648323,0.0,0.0,0,0
143,PAYMENT,5850.53,C1771180198,8355.0,2504.47,M233428307,0.0,0.0,0,0
143,PAYMENT,562.99,C1733311637,331186.0,330623.01,M1559777975,0.0,0.0,0,0
143,PAYMENT,7203.87,C1372849954,10759.0,3555.13,M1559834819,0.0,0.0,0,0
143,TRANSFER,150596.86,C1818391659,41797.0,0.0,C77811359,670666.27,821263.13,0,0
143,CASH_IN,130418.58,C2066871697,100476.0,230894.58,C127325810,0.0,0.0,0,0
143,CASH_OUT,129241.23,C376014095,0.0,0.0,C1392313128,10515857.67,10645098.9,0,0
143,PAYMENT,496.92,C88751379,0.0,0.0,M1808587451,0.0,0.0,0,0
143,PAYMENT,1770.56,C1937652799,28590.53,26819.98,M1197340978,0.0,0.0,0,0
143,PAYMENT,1215.24,C1172143674,21238.0,20022.76,M1606555145,0.0,0.0,0,0
143,CASH_OUT,315549.92,C958414705,82607.89,0.0,C90541565,536209.58,851759.5,0,0
144,PAYMENT,28072.87,C1651568755,162202.0,134129.13,M1468078821,0.0,0.0,0,0
144,PAYMENT,11043.04,C1818993594,4535.0,0.0,M1482037231,0.0,0.0,0,0
144,TRANSFER,274061.48,C343012168,0.0,0.0,C131871009,4058725.87,4332787.35,0,0
145,PAYMENT,3842.55,C1246950157,6126.0,2283.45,M1268996869,0.0,0.0,0,0
146,CASH_IN,70894.16,C1624903313,8231708.76,8302602.92,C115186930,168557.63,97663.47,0,0
146,CASH_OUT,57177.85,C1630130162,88940.0,31762.15,C2012829524,0.0,57177.85,0,0
146,PAYMENT,1736.79,C2021850910,100114.0,98377.21,M1283050233,0.0,0.0,0,0
146,CASH_OUT,70431.89,C2036891816,591012.96,520581.07,C1639063830,1823550.32,1893982.21,0,0
151,TRANSFER,258103.59,C866838575,258103.59,0.0,C1299552545,0.0,0.0,1,0
153,PAYMENT,16426.54,C1300241240,0.0,0.0,M990484785,0.0,0.0,0,0
153,CASH_OUT,105784.67,C1032391879,0.0,0.0,C463312451,235742.04,341526.72,0,0
153,PAYMENT,3490.11,C819007089,745413.9,741923.79,M1254831411,0.0,0.0,0,0
153,CASH_OUT,244066.2,C1246426263,0.0,0.0,C236139844,1430837.03,1674903.22,0,0
153,TRANSFER,637166.52,C1981913473,0.0,0.0,C109501472,938210.38,1575376.9,0,0
153,CASH_OUT,74201.6,C474696330,0.0,0.0,C830309155,265389.89,597966.26,0,0
153,CASH_IN,196623.35,C677821650,11250.0,207873.35,C724640506,221747.12,25123.77,0,0
153,CASH_OUT,197893.31,C375968228,20066.0,0.0,C1963595524,101292.55,299185.86,0,0
153,CASH_IN,207066.53,C1006264124,20890.0,227956.53,C1758856720,664559.31,457492.78,0,0
153,CASH_IN,46955.54,C650623973,8633334.21,8680289.75,C253043086,8811690.79,8764735.25,0,0
153,PAYMENT,1021.13,C33138962,148321.31,147300.18,M328542854,0.0,0.0,0,0
153,CASH_IN,304300.24,C1041830418,2468806.46,2773106.7,C774400163,329986.88,25686.65,0,0
153,CASH_OUT,46643.87,C2113532820,0.0,0.0,C2132815488,822218.55,868862.42,0,0
153,CASH_IN,383017.32,C1047311660,4021210.01,4404227.33,C1165772273,908714.67,525697.36,0,0
153,TRANSFER,580422.29,C885760733,0.0,0.0,C332930321,1690368.56,2270790.85,0,0
153,PAYMENT,13702.01,C856768013,0.0,0.0,M988126541,0.0,0.0,0,0
153,PAYMENT,1778.35,C1284846143,98444.0,96665.65,M635872030,0.0,0.0,0,0
153,PAYMENT,9095.77,C1167282768,0.0,0.0,M134734326,0.0,0.0,0,0
153,CASH_OUT,41622.09,C101995413,0.0,0.0,C1774470826,1392595.76,1434217.84,0,0
153,PAYMENT,4754.15,C1007579620,60276.31,55522.15,M1697394786,0.0,0.0,0,0
153,CASH_OUT,277644.32,C1201316837,0.0,0.0,C1959708792,1563618.35,1841262.68,0,0
153,PAYMENT,4241.31,C1562224265,515043.0,510801.69,M888659727,0.0,0.0,0,0
153,CASH_OUT,24130.2,C854957253,8431.0,0.0,C1848780357,0.0,24130.2,0,0
153,CASH_IN,78653.88,C727696877,1150749.1,1229402.97,C685803345,1921902.25,1843248.37,0,0
154,CASH_IN,325386.84,C291724059,2999661.61,3325048.45,C826216712,1326896.33,1001509.5,0,0
154,CASH_OUT,457670.66,C2079906101,547466.0,89795.34,C508588260,0.0,457670.66,0,0
154,CASH_OUT,25084.69,C1776046509,0.0,0.0,C1750956965,12752169.95,12574620.87,0,0
154,CASH_OUT,243972.9,C454772580,13195.0,0.0,C885951223,11025405.37,10950909.03,0,0
154,CASH_OUT,281052.47,C1935323310,0.0,0.0,C1775107197,742644.97,1023697.45,0,0
154,CASH_IN,119226.64,C288889536,514093.0,633319.64,C1154072085,840327.52,721100.88,0,0
154,PAYMENT,16229.72,C1287417930,3695.0,0.0,M759110240,0.0,0.0,0,0
154,CASH_IN,289240.46,C1237646585,248638.31,537878.77,C505233556,361546.59,102295.25,0,0
154,PAYMENT,5798.95,C2137407727,0.0,0.0,M1455302629,0.0,0.0,0,0
154,PAYMENT,2393.24,C2096159668,1160250.28,1157857.04,M1609070390,0.0,0.0,0,0
154,PAYMENT,654.45,C1055252182,14450.0,13795.55,M229260647,0.0,0.0,0,0
154,PAYMENT,8958.65,C2101262419,59681.0,50722.35,M105992730,0.0,0.0,0,0
154,CASH_OUT,37919.24,C889978628,503.0,0.0,C693184064,270597.76,308517.0,0,0
154,PAYMENT,20837.09,C1115489803,235935.59,215098.5,M1718146916,0.0,0.0,0,0
154,CASH_IN,126690.82,C635485148,1061.0,127751.82,C715838396,720102.72,593411.9,0,0
154,CASH_IN,36299.11,C1616068551,6262974.78,6299273.88,C377367680,1358758.87,1322459.76,0,0
154,CASH_OUT,191494.85,C1507728058,0.0,0.0,C1565410253,311603.33,503098.18,0,0
154,CASH_IN,41801.75,C464498068,237572.0,279373.75,C1998263597,874778.98,832977.23,0,0
154,CASH_OUT,24270.38,C1678624750,0.0,0.0,C1481011189,341524.66,365795.04,0,0
154,CASH_IN,269284.78,C1125536812,0.0,269284.78,C569022831,2392025.39,2122740.61,0,0
154,CASH_OUT,52406.28,C1466439804,0.0,0.0,C854469290,214618.49,267024.77,0,0
154,TRANSFER,396068.43,C1185767719,0.0,0.0,C1973103716,757385.86,1153454.29,0,0
154,PAYMENT,25247.46,C1286001442,642116.0,616868.54,M1848318091,0.0,0.0,0,0
154,CASH_IN,72241.35,C1747495812,742458.59,814699.94,C423703467,117504.84,45263.49,0,0
154,CASH_IN,238229.6,C180802314,80.0,238309.6,C136933990,2370422.48,2132192.88,0,0
154,CASH_IN,142993.32,C746694882,4660030.0,4803023.32,C2010495538,7498677.52,7355684.2,0,0
154,CASH_IN,377159.56,C268031367,8436582.41,8813741.97,C1937871407,772105.78,394946.22,0,0
154,PAYMENT,19446.69,C1972384864,9395.0,0.0,M156095591,0.0,0.0,0,0
154,CASH_OUT,38884.7,C953403614,0.0,0.0,C1544983022,137045.17,175929.86,0,0
154,CASH_OUT,132527.96,C2061908145,0.0,0.0,C787065827,751131.94,883659.9,0,0
154,PAYMENT,15487.99,C1502051478,0.0,0.0,M1877897652,0.0,0.0,0,0
154,CASH_OUT,74886.7,C124235562,19062.0,0.0,C798366734,238451.99,313338.69,0,0
154,CASH_OUT,61069.77,C830670644,0.0,0.0,C1275944795,2278894.24,2339964.02,0,0
154,TRANSFER,1432223.44,C1437035641,44367.0,0.0,C893117818,79647.28,1511870.72,0,0
154,TRANSFER,263387.97,C1789506775,7027.0,0.0,C370034481,1329652.89,1593040.85,0,0
154,PAYMENT,6866.2,C683160994,0.0,0.0,M2137642372,0.0,0.0,0,0
154,PAYMENT,18519.66,C2056128493,136723.31,118203.66,M1780553310,0.0,0.0,0,0
154,CASH_OUT,319740.5,C758885966,0.0,0.0,C200408785,590316.63,910057.13,0,0
154,CASH_OUT,234509.47,C1781313977,75260.0,0.0,C1572877495,269081.25,503590.72,0,0
154,CASH_OUT,57871.95,C1777073584,0.0,0.0,C525511635,66737.24,124609.19,0,0
154,PAYMENT,31043.86,C280788886,0.0,0.0,M1023837251,0.0,0.0,0,0
155,CASH_IN,127660.2,C401130337,19594.0,147254.2,C322906390,3866239.58,3738579.38,0,0
155,TRANSFER,648151.11,C1093587802,0.0,0.0,C600597430,934142.36,1582293.47,0,0
155,CASH_OUT,54041.42,C1565118694,654.0,0.0,C1286754758,267383.67,321425.09,0,0
155,CASH_IN,129864.71,C1732599436,673731.97,803596.68,C1441419038,1173755.94,1043891.23,0,0
155,CASH_OUT,98435.03,C1410498914,0.0,0.0,C1228881332,475715.99,574151.02,0,0
155,CASH_OUT,1174.94,C135738409,1950.0,775.06,C489292778,44214.16,45389.09,0,0
155,CASH_OUT,40856.66,C1848692696,0.0,0.0,C207697019,4226010.42,4266867.07,0,0
155,PAYMENT,18255.69,C93504762,259910.32,241654.63,M444959832,0.0,0.0,0,0
155,CASH_OUT,17719.38,C925004757,2087.0,0.0,C1951850900,0.0,17719.38,0,0
155,PAYMENT,4988.49,C698428766,0.0,0.0,M1304967481,0.0,0.0,0,0
155,PAYMENT,32630.5,C110674926,0.0,0.0,M1442924271,0.0,0.0,0,0
155,PAYMENT,3063.86,C438917080,17149.07,14085.21,M1056926053,0.0,0.0,0,0
155,CASH_OUT,237531.14,C1941368299,1030.0,0.0,C833871783,1691661.7,1575153.96,0,0
155,CASH_OUT,114398.36,C1167252467,0.0,0.0,C471648208,265694.39,1029173.19,0,0
155,PAYMENT,1421.73,C380568639,57517.0,56095.27,M1081047469,0.0,0.0,0,0
155,PAYMENT,22542.98,C1082137575,0.0,0.0,M1787378777,0.0,0.0,0,0
155,PAYMENT,3168.13,C1770751571,0.0,0.0,M277221509,0.0,0.0,0,0
155,CASH_OUT,362865.6,C1257645980,0.0,0.0,C819671620,487723.6,850589.2,0,0
155,CASH_IN,406418.41,C630612896,2170678.6,2577097.01,C411589454,461320.2,54901.79,0,0
155,CASH_OUT,102727.73,C624872872,11582.0,0.0,C1906293609,130858.17,233585.91,0,0
155,CASH_OUT,2325.93,C1148833846,4170.0,1844.07,C1667811565,0.0,2325.93,0,0
155,PAYMENT,9346.06,C1370518831,0.0,0.0,M866194112,0.0,0.0,0,0
155,TRANSFER,304599.87,C1383833291,0.0,0.0,C456950279,4563619.62,4868219.49,0,0
155,CASH_IN,328397.37,C1510115347,2297102.5,2625499.86,C1765393062,331944.74,3547.38,0,0
155,CASH_OUT,290190.26,C109371181,79.0,0.0,C1364786302,2538675.43,2828865.69,0,0
155,CASH_IN,246332.41,C1305812330,8746321.57,8992653.97,C1512214763,6952923.46,6706591.05,0,0
155,PAYMENT,4227.85,C1062011944,135193.93,130966.08,M1753280824,0.0,0.0,0,0
155,PAYMENT,5579.91,C592879463,537294.66,531714.76,M1884937343,0.0,0.0,0,0
155,CASH_OUT,70139.31,C630595461,32324.0,0.0,C1075563713,77442.96,732401.49,0,0
155,CASH_OUT,167543.59,C86475511,0.0,0.0,C1909145998,210037.99,660211.21,0,0
155,PAYMENT,6203.16,C335445774,33156.86,26953.7,M1206915777,0.0,0.0,0,0
155,TRANSFER,139495.43,C1466968174,29867.0,0.0,C1464948988,0.0,0.0,0,0
155,CASH_IN,228989.28,C1191709281,1140844.8,1369834.08,C498230875,1201941.16,972951.88,0,0
155,PAYMENT,1943.52,C2103535195,380099.55,378156.03,M24035791,0.0,0.0,0,0
155,CASH_OUT,514104.45,C251922632,179896.12,0.0,C176893779,1488378.51,2002482.96,0,0
155,CASH_IN,74849.23,C1172679770,15029433.59,15104282.82,C1881116631,1191074.95,1434353.51,0,0
155,CASH_IN,359186.23,C513917350,2235733.92,2594920.15,C465004034,531581.48,172395.25,0,0
155,CASH_IN,89257.53,C1936872386,19317.57,108575.1,C954089925,1877833.38,1788575.86,0,0
155,PAYMENT,1017.94,C1993955087,0.0,0.0,M1264462118,0.0,0.0,0,0
155,PAYMENT,23005.83,C1848485472,73316.0,50310.17,M773055035,0.0,0.0,0,0
155,CASH_IN,153181.72,C1048022442,8452180.39,8605362.12,C748761252,760878.79,607697.06,0,0
155,CASH_OUT,302875.31,C302982062,0.0,0.0,C609036243,504675.33,807550.64,0,0
155,TRANSFER,362982.64,C1832281353,0.0,0.0,C1668103752,7695606.71,8058589.34,0,0
155,CASH_OUT,104159.43,C3345674,17625.0,0.0,C482112193,0.0,104159.43,0,0
155,PAYMENT,17914.78,C1961575453,0.0,0.0,M265372389,0.0,0.0,0,0
155,CASH_OUT,263294.47,C1370855298,51692.0,0.0,C1401202225,0.0,263294.47,0,0
155,PAYMENT,13099.37,C88044205,48745.39,35646.02,M332983751,0.0,0.0,0,0
155,CASH_IN,45689.58,C631346127,6148.0,51837.58,C945703616,0.0,0.0,0,0
155,PAYMENT,7023.13,C1916312475,636117.56,629094.43,M923811228,0.0,0.0,0,0
155,CASH_OUT,41936.73,C157218002,370501.65,328564.92,C1408396616,238908.62,280845.35,0,0
156,PAYMENT,21138.04,C2060216710,4483.0,0.0,M1775656476,0.0,0.0,0,0
156,CASH_OUT,292082.15,C561492218,0.0,0.0,C1661425323,7693918.57,7986000.71,0,0
156,CASH_OUT,235267.76,C745495917,359794.48,124526.71,C458216956,562793.5,798061.27,0,0
156,CASH_OUT,98384.94,C290320118,0.0,0.0,C666437161,1907088.15,2005473.09,0,0
156,CASH_IN,95738.41,C325014016,11590246.67,11685985.08,C1661306245,3769019.0,3673280.58,0,0
156,CASH_IN,181821.45,C1630234127,2075.0,183896.45,C1279336788,5063157.71,4881336.26,0,0
156,CASH_OUT,166155.25,C2064274312,2424.0,0.0,C1705539751,0.0,166155.25,0,0
156,CASH_IN,409597.19,C923980077,16708.0,426305.19,C287679905,0.0,0.0,0,0
156,PAYMENT,26462.52,C877906869,0.0,0.0,M418924385,0.0,0.0,0,0
156,CASH_OUT,102720.32,C2091606572,29562.9,0.0,C589745526,11219729.71,11322450.03,0,0
156,PAYMENT,10681.95,C1317828337,0.0,0.0,M1147224960,0.0,0.0,0,0
156,CASH_OUT,275597.73,C1387865138,0.0,0.0,C1727940360,1569594.55,1845192.28,0,0
156,PAYMENT,20816.02,C1283453541,100409.0,79592.98,M1267373425,0.0,0.0,0,0
156,CASH_OUT,211224.16,C114715242,30232.0,0.0,C285692495,0.0,211224.16,0,0
156,PAYMENT,29849.92,C283817773,21113.0,0.0,M915068879,0.0,0.0,0,0
156,PAYMENT,21943.51,C1052395943,10177.0,0.0,M1737644264,0.0,0.0,0,0
156,CASH_OUT,286555.83,C900247303,0.0,0.0,C1112861184,2246976.1,2533531.92,0,0
156,PAYMENT,8550.2,C1777647141,17600.0,9049.8,M384030002,0.0,0.0,0,0
156,CASH_IN,201264.41,C1844621441,11625.0,212889.41,C1404691327,0.0,0.0,0,0
156,PAYMENT,22994.14,C1289740500,0.0,0.0,M344390692,0.0,0.0,0,0
156,CASH_OUT,169415.35,C2092059943,0.0,0.0,C1585295666,402511.0,571926.35,0,0
156,PAYMENT,18936.7,C1558820662,0.0,0.0,M41463356,0.0,0.0,0,0
156,PAYMENT,8068.93,C1349209930,21420.0,13351.07,M252474714,0.0,0.0,0,0
156,CASH_OUT,408132.55,C1925184972,18599.0,0.0,C1813922009,4722849.22,5130981.77,0,0
156,PAYMENT,11052.87,C1171998071,302104.86,291051.99,M704521450,0.0,0.0,0,0
156,PAYMENT,28061.52,C1067453367,32147.0,4085.48,M1902597901,0.0,0.0,0,0
156,TRANSFER,783660.87,C2110951677,53060.0,0.0,C1294360016,0.0,783660.87,0,0
156,CASH_OUT,61434.48,C520119538,240363.45,178928.97,C1103927637,0.0,61434.48,0,0
156,PAYMENT,4180.26,C524334653,625742.94,621562.68,M1247847341,0.0,0.0,0,0
156,PAYMENT,9847.51,C1903433721,825072.0,815224.49,M1969682223,0.0,0.0,0,0
156,CASH_OUT,259644.78,C1376347361,0.0,0.0,C821758097,9103035.11,9362679.89,0,0
156,TRANSFER,770163.76,C1938924880,144.0,0.0,C817976631,589066.82,1359230.58,0,0
156,TRANSFER,1028381.46,C932458988,0.0,0.0,C89797949,2530027.0,3558408.45,0,0
157,PAYMENT,10950.37,C191077923,407292.0,396341.63,M888507292,0.0,0.0,0,0
157,CASH_OUT,147307.82,C93704255,270199.0,122891.18,C1583020609,0.0,147307.82,0,0
157,CASH_OUT,162111.06,C1125144251,0.0,0.0,C1288943877,3915449.63,4077560.69,0,0
157,TRANSFER,616072.41,C945434452,29.0,0.0,C1888594421,0.0,616072.41,0,0
157,CASH_OUT,68488.81,C1136981841,100483.0,31994.19,C1756211951,902880.94,971369.75,0,0
157,CASH_OUT,647591.06,C1015519370,0.0,0.0,C928257746,1321671.23,1969262.28,0,0
157,PAYMENT,563.81,C255466837,23965.76,23401.95,M766242269,0.0,0.0,0,0
157,CASH_IN,138278.8,C1092502350,3683034.38,3821313.18,C1239689931,1004531.47,866252.67,0,0
157,PAYMENT,1032.07,C1651477117,0.0,0.0,M570763562,0.0,0.0,0,0
157,PAYMENT,6751.31,C1760598659,190.0,0.0,M2125236270,0.0,0.0,0,0
157,CASH_OUT,80111.04,C1064952156,149099.0,68987.96,C1534649082,0.0,80111.04,0,0
157,PAYMENT,12819.25,C1145224847,338734.54,325915.3,M2139004649,0.0,0.0,0,0
157,CASH_OUT,140263.91,C1382718527,0.0,0.0,C353532249,615109.52,810561.69,0,0
157,CASH_IN,18746.63,C1659381924,2715681.65,2734428.28,C1590958262,480561.99,461815.36,0,0
157,PAYMENT,11951.77,C1393652336,218299.0,206347.23,M1010970211,0.0,0.0,0,0
157,PAYMENT,5039.3,C432171969,0.0,0.0,M1994113338,0.0,0.0,0,0
157,PAYMENT,6545.51,C582377657,123428.0,116882.49,M659656629,0.0,0.0,0,0
157,PAYMENT,9462.34,C2066702798,0.0,0.0,M127883557,0.0,0.0,0,0
157,CASH_IN,226286.07,C1658462422,2780295.55,3006581.62,C385844098,624851.0,398564.94,0,0
157,CASH_IN,170822.04,C1676926294,1320552.49,1491374.53,C254242855,1738281.65,1567459.6,0,0
157,PAYMENT,5697.13,C1686356062,22918.0,17220.87,M1292810624,0.0,0.0,0,0
157,CASH_OUT,167751.19,C55132276,0.0,0.0,C1165408386,1171830.91,1339582.1,0,0
157,PAYMENT,5124.42,C184408322,149288.0,144163.58,M1310691371,0.0,0.0,0,0
157,PAYMENT,3471.23,C1239734575,10.0,0.0,M624445902,0.0,0.0,0,0
157,CASH_IN,92386.56,C1848095257,1381109.62,1473496.18,C1730778273,209482.43,117095.87,0,0
157,CASH_IN,173600.09,C1561331973,23396.0,196996.09,C340139764,243816.96,70216.88,0,0
157,CASH_OUT,154119.11,C731218742,0.0,0.0,C1808497215,192474.84,346593.95,0,0
157,CASH_OUT,346420.43,C1201514054,532680.0,186259.57,C604663025,415342.99,761763.42,0,0
157,CASH_IN,173033.81,C731741812,7281.0,180314.81,C1602443550,517264.94,344231.14,0,0
157,CASH_OUT,179800.16,C2110928588,80848.0,0.0,C1607404803,82068.66,261868.82,0,0
157,CASH_IN,117178.28,C2101533580,12913232.59,13030410.87,C1423983803,245275.43,128097.15,0,0
157,PAYMENT,3970.04,C1947510729,62198.0,58227.96,M594936894,0.0,0.0,0,0
157,CASH_OUT,32545.81,C827120605,0.0,0.0,C978209602,55598.51,88144.31,0,0
157,PAYMENT,30353.71,C1042621968,0.0,0.0,M223233961,0.0,0.0,0,0
157,TRANSFER,409243.68,C71375523,0.0,0.0,C1093345234,2120398.28,2529641.96,0,0
157,CASH_IN,95548.87,C20905431,1145506.35,1241055.22,C637132679,161910.84,66361.97,0,0
157,CASH_IN,191346.99,C466023010,85102.0,276448.99,C623717997,1565284.94,1373937.95,0,0
157,PAYMENT,9871.28,C1882095423,0.0,0.0,M484251363,0.0,0.0,0,0
157,PAYMENT,8034.37,C1350768320,18319.64,10285.26,M550697934,0.0,0.0,0,0
157,CASH_OUT,255919.67,C1961123030,22227.0,0.0,C1546118721,68251.4,324171.07,0,0
157,CASH_OUT,148425.1,C1496691555,0.0,0.0,C995361110,4708958.46,4857383.56,0,0
157,PAYMENT,7650.82,C1520425683,0.0,0.0,M1182278725,0.0,0.0,0,0
157,CASH_IN,11670.94,C1126030195,10956.0,22626.94,C713560701,0.0,0.0,0,0
157,PAYMENT,1272.69,C1193644406,0.0,0.0,M1406822819,0.0,0.0,0,0
157,PAYMENT,7988.77,C1023525208,117989.15,110000.38,M226638046,0.0,0.0,0,0
157,CASH_IN,171066.57,C111596497,8971056.3,9142122.87,C511783650,4448060.5,4276993.92,0,0
157,PAYMENT,30087.48,C643832017,10834.0,0.0,M1308453356,0.0,0.0,0,0
157,CASH_IN,11247.72,C190281876,6698821.52,6710069.24,C364890078,1863893.59,1852645.87,0,0
157,CASH_OUT,368366.21,C1703975059,0.0,0.0,C31122230,6498885.97,6867252.18,0,0
157,PAYMENT,23762.22,C1401325799,0.0,0.0,M823936308,0.0,0.0,0,0
158,TRANSFER,523018.0,C740103158,924.0,0.0,C1270422569,1768964.64,2291982.64,0,0
158,PAYMENT,1278.63,C1051389707,8222.34,6943.7,M161760330,0.0,0.0,0,0
158,CASH_IN,193923.22,C586391763,12800808.59,12994731.81,C173610321,466771.31,272848.09,0,0
158,CASH_IN,239907.29,C2065382990,292.0,240199.29,C298243511,74971.92,0.0,0,0
158,PAYMENT,13746.61,C2082750707,21885.0,8138.39,M142060968,0.0,0.0,0,0
158,PAYMENT,10431.53,C849176370,0.0,0.0,M1248665468,0.0,0.0,0,0
158,CASH_OUT,150062.17,C1958636607,3938.0,0.0,C888274545,14045845.7,14268560.45,0,0
158,CASH_OUT,83228.67,C1299362575,0.0,0.0,C2053583810,1114433.73,1197662.4,0,0
158,PAYMENT,8898.97,C1113934613,0.0,0.0,M797356619,0.0,0.0,0,0
158,CASH_OUT,78393.96,C323019570,0.0,0.0,C965018245,823952.25,902346.22,0,0
158,CASH_IN,58653.83,C2102568436,42830.0,101483.83,C1738146204,2901402.24,2842748.41,0,0
158,CASH_IN,102977.14,C808288137,3449195.48,3552172.62,C1568059495,2989073.23,2886096.1,0,0
158,CASH_OUT,151462.16,C1242383309,0.0,0.0,C540717981,2771204.99,2918599.03,0,0
158,CASH_IN,384198.12,C412566607,0.0,384198.12,C975024398,3137021.52,2752823.4,0,0
158,PAYMENT,2345.96,C1350338811,0.0,0.0,M1663094801,0.0,0.0,0,0
158,PAYMENT,13682.29,C1056000800,20441.0,6758.71,M467050604,0.0,0.0,0,0
158,CASH_IN,97995.88,C767684086,90151.0,188146.88,C1499337492,1934188.96,1836193.07,0,0
158,CASH_OUT,127674.12,C181478663,15702.0,0.0,C9012330,693231.86,820905.98,0,0
158,CASH_IN,28417.89,C1432155775,166978.0,195395.89,C2019320105,1359378.49,1330960.6,0,0
158,CASH_IN,121272.01,C2099699834,4566.0,125838.01,C1731002346,24298.81,0.0,0,0
158,CASH_IN,71409.71,C675482298,2025.0,73434.71,C1099196146,241976.34,170566.63,0,0
158,PAYMENT,9809.05,C1188552143,82474.0,72664.95,M1331435093,0.0,0.0,0,0
158,CASH_IN,140317.81,C1435824448,2543499.08,2683816.89,C1385911454,837894.39,697576.58,0,0
158,TRANSFER,493985.37,C2132212338,0.0,0.0,C1272463917,593325.96,1174219.69,0,0
158,PAYMENT,878.72,C1456348261,271932.26,271053.54,M1291488694,0.0,0.0,0,0
158,CASH_OUT,254408.14,C352067190,304133.0,49724.86,C1776075081,1100344.54,1354752.67,0,0
158,CASH_OUT,201796.38,C581591109,39958.0,0.0,C638454436,1455765.5,1657561.89,0,0
158,PAYMENT,23707.52,C1970977239,20459.0,0.0,M1912518879,0.0,0.0,0,0
158,PAYMENT,12513.33,C252235774,128842.83,116329.5,M1097949501,0.0,0.0,0,0
158,CASH_OUT,125446.14,C227198329,31406.0,0.0,C1894592202,0.0,125446.14,0,0
158,CASH_IN,235023.16,C196144471,662.0,235685.16,C235826977,0.0,0.0,0,0
158,CASH_OUT,109904.32,C1518153840,372286.65,262382.32,C2043226890,514963.47,624867.79,0,0
158,CASH_OUT,490254.88,C1465517147,21575.0,0.0,C1623635302,0.0,490254.88,0,0
158,CASH_OUT,213680.25,C1454576107,199288.0,0.0,C1646189276,0.0,213680.25,0,0
158,PAYMENT,17708.09,C426998209,154875.26,137167.18,M1652562842,0.0,0.0,0,0
158,PAYMENT,4050.27,C500847718,0.0,0.0,M383046103,0.0,0.0,0,0
158,PAYMENT,9289.63,C356184345,1618.99,0.0,M1851425667,0.0,0.0,0,0
158,PAYMENT,3977.11,C573064856,0.0,0.0,M960251843,0.0,0.0,0,0
158,CASH_OUT,510413.59,C1786118952,456066.79,0.0,C1536976097,1327629.62,1838043.22,0,0
158,CASH_OUT,219567.39,C687055798,49540.0,0.0,C1662508149,116447.08,336014.47,0,0
159,CASH_IN,159271.84,C470665123,2106.0,161377.84,C1920319705,1567317.74,1408045.9,0,0
159,CASH_IN,75871.32,C92974190,12232.0,88103.32,C1918283058,0.0,0.0,0,0
159,CASH_IN,440160.44,C877083397,8604447.21,9044607.66,C121399618,849263.23,409102.78,0,0
159,PAYMENT,4361.07,C1284789928,0.0,0.0,M2056666402,0.0,0.0,0,0
159,PAYMENT,9561.18,C1001305058,0.0,0.0,M1208770517,0.0,0.0,0,0
159,PAYMENT,40676.56,C610108589,249507.18,208830.61,M1944832686,0.0,0.0,0,0
159,CASH_OUT,192241.31,C2123323918,0.0,0.0,C1327639289,552010.41,744251.72,0,0
159,PAYMENT,19346.31,C351201728,0.0,0.0,M843760243,0.0,0.0,0,0
159,CASH_OUT,387471.11,C2131582764,42555.0,0.0,C1848574849,2507454.48,2894925.59,0,0
159,CASH_OUT,215598.74,C233779895,0.0,0.0,C1022135968,2285957.83,2501556.57,0,0
159,PAYMENT,9061.38,C1341024303,20631.0,11569.62,M1658639436,0.0,0.0,0,0
159,CASH_OUT,15528.46,C563335578,0.0,0.0,C1037741944,167045.25,182573.72,0,0
159,CASH_IN,207454.13,C1680285182,4891006.34,5098460.48,C1642595028,2476895.11,2269440.97,0,0
159,CASH_OUT,45765.09,C538910205,50392.0,4626.91,C308194135,0.0,45765.09,0,0
159,DEBIT,2001.8,C1351515023,14530.0,12528.2,C1078288965,1514601.68,1516603.48,0,0
159,PAYMENT,12456.93,C1299052555,421443.0,408986.07,M2039370585,0.0,0.0,0,0
159,PAYMENT,36059.97,C2044356503,297099.95,261039.98,M1429513522,0.0,0.0,0,0
159,PAYMENT,974.56,C1351558471,0.0,0.0,M1678719668,0.0,0.0,0,0
159,PAYMENT,25364.86,C912146349,717359.12,691994.25,M2093162085,0.0,0.0,0,0
159,CASH_OUT,47546.75,C1577566499,0.0,0.0,C1278626461,1316529.31,1364076.05,0,0
159,PAYMENT,8493.69,C86772856,0.0,0.0,M1472545138,0.0,0.0,0,0
159,PAYMENT,18457.37,C1791054214,20491.0,2033.63,M888988102,0.0,0.0,0,0
159,CASH_IN,17036.08,C477841253,15651404.82,15668440.9,C2102565698,362253.21,388390.19,0,0
159,CASH_OUT,55416.31,C1150880028,593.0,0.0,C2115044551,1628269.56,1683685.87,0,0
159,PAYMENT,8744.47,C465756895,19577.0,10832.53,M291686934,0.0,0.0,0,0
159,CASH_OUT,1964.05,C591372452,1132.0,0.0,C1468160029,0.0,1964.05,0,0
159,CASH_IN,49738.43,C1857673482,1629638.66,1679377.09,C1263133243,255944.68,206206.25,0,0
159,CASH_IN,23153.19,C509299058,58039.0,81192.19,C1745959493,0.0,0.0,0,0
159,PAYMENT,10680.8,C2091389251,0.0,0.0,M442318843,0.0,0.0,0,0
159,CASH_OUT,170518.08,C21250921,5007.0,0.0,C2055946533,325443.86,495961.93,0,0
159,CASH_IN,112325.32,C2124814135,5254263.43,5366588.75,C210060522,1355326.79,1243001.48,0,0
159,PAYMENT,1903.4,C1450520067,2195.0,291.6,M1848921828,0.0,0.0,0,0
159,CASH_OUT,360278.36,C122117431,441.0,0.0,C1463169005,934324.93,1294603.29,0,0
159,PAYMENT,13485.1,C668832167,0.0,0.0,M152547610,0.0,0.0,0,0
159,CASH_OUT,138404.11,C1727588660,0.0,0.0,C675229754,346374.54,484778.65,0,0
159,TRANSFER,197587.39,C424600762,19595.0,0.0,C40056769,323688.92,521276.31,0,0
159,CASH_OUT,324305.21,C1281565278,0.0,0.0,C891737837,607869.85,932175.06,0,0
159,CASH_OUT,229221.8,C747400108,2509.0,0.0,C1609522474,937608.68,1166830.47,0,0
159,PAYMENT,6293.33,C1298208005,20619.0,14325.67,M1630569865,0.0,0.0,0,0
159,CASH_IN,100666.36,C1357183348,2855568.56,2956234.92,C1708977868,3402271.3,3301604.94,0,0
159,PAYMENT,32240.85,C984861694,67662.99,35422.14,M108529371,0.0,0.0,0,0
159,PAYMENT,14000.83,C787702575,0.0,0.0,M913638425,0.0,0.0,0,0
159,CASH_OUT,185226.03,C1647117849,80475.0,0.0,C1144680038,631347.98,816574.02,0,0
159,CASH_IN,230712.71,C1045687243,14776988.24,15007700.95,C1108791996,2514817.48,2284104.77,0,0
159,PAYMENT,13182.56,C1772299372,0.0,0.0,M1704405511,0.0,0.0,0,0
159,CASH_OUT,161416.65,C2059348314,0.0,0.0,C735469627,259784.45,421201.1,0,0
160,PAYMENT,21281.37,C885257517,0.0,0.0,M1762604264,0.0,0.0,0,0
160,PAYMENT,23331.86,C651664778,0.0,0.0,M2142495630,0.0,0.0,0,0
160,PAYMENT,46316.77,C1237054399,84715.81,38399.04,M337047434,0.0,0.0,0,0
160,CASH_OUT,278585.73,C1891227683,31601.0,0.0,C524382581,0.0,278585.73,0,0
160,PAYMENT,34201.72,C808284802,219658.35,185456.63,M1040935356,0.0,0.0,0,0
160,CASH_IN,27820.98,C448803507,5983322.91,6011143.89,C975013984,2016571.1,1988750.12,0,0
160,PAYMENT,5899.41,C1589637399,0.0,0.0,M1497880005,0.0,0.0,0,0
160,PAYMENT,3299.98,C1310445441,11590.0,8290.02,M884684963,0.0,0.0,0,0
160,CASH_OUT,505720.1,C2057655632,5098.0,0.0,C2060324311,0.0,505720.1,0,0
160,PAYMENT,19733.2,C957901712,5540.0,0.0,M1158931436,0.0,0.0,0,0
160,TRANSFER,413757.95,C35826979,10645.0,0.0,C593102926,1941783.17,2355541.12,0,0
160,CASH_OUT,84312.61,C1615973983,117679.37,33366.77,C729015359,121671.82,205984.43,0,0
160,PAYMENT,5419.33,C288741459,166810.0,161390.67,M1104002086,0.0,0.0,0,0
160,CASH_OUT,107471.27,C1634359342,0.0,0.0,C943357658,2090336.76,2197808.03,0,0
160,PAYMENT,15163.99,C64823644,41878.0,26714.01,M491569248,0.0,0.0,0,0
160,CASH_OUT,57144.26,C336143764,0.0,0.0,C930347399,170245.16,227389.42,0,0
160,CASH_IN,445271.72,C1942064075,32182.0,477453.72,C1558905992,0.0,0.0,0,0
160,PAYMENT,17715.34,C1643429952,10472.0,0.0,M1162995899,0.0,0.0,0,0
160,PAYMENT,14835.15,C265335096,0.0,0.0,M223233464,0.0,0.0,0,0
160,CASH_OUT,117988.85,C592420484,227323.0,109334.15,C497066943,2244299.58,2135516.26,0,0
160,CASH_IN,183769.41,C1460102870,7226.0,190995.41,C1158070487,253530.69,69761.28,0,0
160,CASH_OUT,301591.18,C1198401941,0.0,0.0,C761139387,372112.36,673703.54,0,0
160,CASH_IN,212830.19,C789151201,15785.0,228615.19,C1674856452,1690257.18,1477426.99,0,0
160,PAYMENT,26202.36,C2126589047,271429.81,245227.45,M1773343816,0.0,0.0,0,0
160,PAYMENT,13010.39,C2063635092,11159.0,0.0,M1409940341,0.0,0.0,0,0
160,CASH_IN,183645.53,C1178259591,22090.0,205735.53,C1520110948,88270.46,0.0,0,0
160,PAYMENT,10354.9,C226248673,6050.0,0.0,M137580974,0.0,0.0,0,0
160,PAYMENT,15616.75,C641119253,9609.0,0.0,M1622806563,0.0,0.0,0,0
160,CASH_OUT,211858.18,C1070450549,221901.0,10042.82,C547211878,42078.73,253936.91,0,0
160,CASH_OUT,217791.76,C1536332192,30899.0,0.0,C1681124524,0.0,217791.76,0,0
160,PAYMENT,8488.8,C1091739589,51818.0,43329.2,M1846023223,0.0,0.0,0,0
160,PAYMENT,21254.67,C817775010,0.0,0.0,M1623729796,0.0,0.0,0,0
160,CASH_OUT,253538.87,C1505231580,410053.39,156514.52,C1592805772,1778164.08,2031702.95,0,0
160,PAYMENT,8086.7,C933691724,23172.79,15086.09,M1887809325,0.0,0.0,0,0
160,CASH_OUT,214661.25,C1775746307,0.0,0.0,C470539428,518837.33,733498.58,0,0
160,CASH_OUT,69627.5,C944701732,0.0,0.0,C899527031,1175482.99,1245110.49,0,0
160,TRANSFER,852350.13,C1309180867,0.0,0.0,C809883352,4453928.13,5306278.26,0,0
160,CASH_OUT,163929.34,C1263668034,0.0,0.0,C1861688726,232153.46,396082.8,0,0
160,CASH_OUT,101365.17,C1640873811,0.0,0.0,C844234542,406908.44,508273.61,0,0
160,CASH_IN,47903.22,C573729410,6276.0,54179.22,C1169267016,0.0,0.0,0,0
160,CASH_IN,236621.33,C1354177347,31231.0,267852.33,C1829607717,447626.98,211005.65,0,0
160,TRANSFER,810455.93,C1381577596,60608.0,0.0,C928114785,404819.45,1215275.37,0,0
160,CASH_OUT,509002.02,C835886147,0.0,0.0,C941818557,6456959.15,6965961.17,0,0
160,TRANSFER,9094.1,C427829956,305007.0,295912.9,C982864064,56757.99,65852.1,0,0
160,PAYMENT,11711.25,C6741548,4701.0,0.0,M1182940825,0.0,0.0,0,0
160,CASH_IN,500555.79,C323838735,0.0,500555.79,C387953921,1720696.83,1220141.04,0,0
160,PAYMENT,3518.64,C872581161,0.0,0.0,M1617368527,0.0,0.0,0,0
160,CASH_OUT,836818.91,C1029267740,117420.0,0.0,C191719696,218819.51,1055638.42,0,0
161,CASH_OUT,306923.3,C270717447,7542.59,0.0,C1781062023,3553158.76,3860082.06,0,0
161,PAYMENT,20837.58,C600760801,39042.0,18204.42,M228724121,0.0,0.0,0,0
161,PAYMENT,10435.24,C1057864357,0.0,0.0,M371917321,0.0,0.0,0,0
161,PAYMENT,33700.48,C1903556175,700761.2,667060.71,M611584836,0.0,0.0,0,0
161,CASH_OUT,158893.52,C432395775,147936.02,0.0,C1912072636,911483.48,1070377.0,0,0
161,CASH_OUT,162387.46,C1716124666,130153.0,0.0,C901924573,1504853.87,1667241.34,0,0
161,CASH_IN,44255.43,C1715633156,170236.0,214491.43,C4325587,0.0,0.0,0,0
161,PAYMENT,12166.6,C1853844875,0.0,0.0,M774647166,0.0,0.0,0,0
161,PAYMENT,8740.41,C541828492,107.0,0.0,M1159942550,0.0,0.0,0,0
161,CASH_IN,357922.88,C1392297758,2982448.36,3340371.23,C97737631,1142230.17,784307.29,0,0
161,PAYMENT,1530.45,C191422154,0.0,0.0,M1852605133,0.0,0.0,0,0
161,TRANSFER,258031.93,C94476922,203190.0,0.0,C119344125,97116.38,355148.3,0,0
161,CASH_OUT,265133.16,C1749160872,61654.0,0.0,C1586192385,0.0,265133.16,0,0
161,CASH_IN,50194.29,C1999921988,573603.32,623797.61,C1904645675,1483004.91,1432810.62,0,0
161,PAYMENT,23186.35,C700911775,84254.52,61068.18,M463903155,0.0,0.0,0,0
161,CASH_IN,234246.18,C99533246,1732198.21,1966444.38,C1485220805,833891.98,599645.8,0,0
161,PAYMENT,46300.26,C352699464,0.0,0.0,M1811580988,0.0,0.0,0,0
161,PAYMENT,6755.34,C890251101,0.0,0.0,M809267335,0.0,0.0,0,0
161,PAYMENT,28853.39,C182392359,41474.0,12620.61,M714399371,0.0,0.0,0,0
161,CASH_OUT,543312.32,C1830470824,392.0,0.0,C1421330107,878087.05,1421399.37,0,0
161,PAYMENT,4551.8,C1954697312,0.0,0.0,M1173680364,0.0,0.0,0,0
161,TRANSFER,260407.44,C1115445778,0.0,0.0,C152202138,2304420.59,2564828.02,0,0
161,CASH_OUT,47905.13,C346181623,504542.0,456636.87,C1080886391,19928.0,0.0,0,0
161,PAYMENT,16908.09,C1979632310,0.0,0.0,M1806660752,0.0,0.0,0,0
161,CASH_OUT,550070.06,C1377116815,819.0,0.0,C1479568922,11287.79,561357.85,0,0
161,CASH_IN,136699.67,C922247450,4443373.8,4580073.47,C1634718165,194840.72,58141.05,0,0
161,CASH_OUT,227046.13,C1650181901,30991.0,0.0,C1126871670,430303.09,657349.22,0,0
161,PAYMENT,15408.51,C1987673581,10754.0,0.0,M360165225,0.0,0.0,0,0
161,CASH_OUT,149764.71,C2130004146,151.0,0.0,C1751478146,8870.74,91213.54,0,0
161,CASH_OUT,318239.51,C2117685324,0.0,0.0,C117585726,11787714.61,12105954.12,0,0
161,CASH_OUT,287974.99,C820716220,0.0,0.0,C260151033,351620.26,639595.25,0,0
161,CASH_IN,366945.48,C1980975093,1485904.11,1852849.58,C33574383,798452.81,431507.34,0,0
161,PAYMENT,18007.79,C1395412909,0.0,0.0,M1513174496,0.0,0.0,0,0
161,CASH_OUT,37203.75,C827523628,197.0,0.0,C954612526,0.0,37203.75,0,0
161,PAYMENT,32815.19,C80598683,0.0,0.0,M1282771863,0.0,0.0,0,0
161,CASH_OUT,170723.31,C819605245,0.0,0.0,C119926837,2344203.24,2514926.55,0,0
161,TRANSFER,204801.02,C184691327,11014.0,0.0,C2036229333,40996.17,245797.18,0,0
161,CASH_IN,352536.04,C680312453,3203.0,355739.04,C2135758114,2464016.63,2111480.59,0,0
161,TRANSFER,617510.39,C1049492233,0.0,0.0,C894626244,2169668.99,2787179.38,0,0
161,CASH_OUT,214395.19,C169132688,53631.0,0.0,C79048048,11238.0,122004.94,0,0
161,PAYMENT,11759.27,C465099827,0.0,0.0,M434055876,0.0,0.0,0,0
161,CASH_IN,74461.64,C1651307130,2924884.1,2999345.74,C325332469,250576.29,176114.66,0,0
161,CASH_OUT,268409.87,C526073971,0.0,0.0,C1731219718,278911.7,547321.57,0,0
161,CASH_OUT,142946.91,C912381647,0.0,0.0,C1777047962,221829.08,364776.0,0,0
161,CASH_IN,147872.3,C275712622,3828801.86,3976674.16,C1228177292,2385462.58,2237590.29,0,0
161,CASH_IN,472392.06,C972806371,9253674.83,9726066.89,C1011952394,639658.35,167266.28,0,0
161,PAYMENT,30220.06,C606039790,205645.84,175425.79,M1240110372,0.0,0.0,0,0
161,PAYMENT,18208.27,C1332992966,352343.62,334135.35,M1539731582,0.0,0.0,0,0
161,CASH_OUT,283990.43,C769640641,0.0,0.0,C1146201807,1199789.1,1483779.53,0,0
161,PAYMENT,11048.11,C1875882420,22428.81,11380.7,M1131436266,0.0,0.0,0,0
161,PAYMENT,13008.78,C2034749490,9587.0,0.0,M874349198,0.0,0.0,0,0
161,CASH_OUT,98332.98,C2112087430,0.0,0.0,C202569327,177168.79,275501.76,0,0
161,PAYMENT,9117.06,C1907271185,0.0,0.0,M1198561957,0.0,0.0,0,0
161,PAYMENT,23699.65,C857503657,20797.0,0.0,M1038455518,0.0,0.0,0,0
161,CASH_IN,55588.7,C854418761,2644624.05,2700212.75,C1096862220,463664.3,408075.6,0,0
161,CASH_IN,308243.97,C967025362,1548838.94,1857082.91,C1776000109,3462403.26,3154159.29,0,0
162,CASH_OUT,187502.29,C1392569014,0.0,0.0,C473485349,5581563.76,5769066.05,0,0
162,TRANSFER,1174602.87,C1392961504,198.0,0.0,C1224353455,2118.0,669051.15,0,0
162,CASH_OUT,230641.98,C888076203,20065.0,0.0,C712540272,0.0,230641.98,0,0
162,CASH_OUT,196551.43,C91209261,0.0,0.0,C105793004,621005.5,817556.93,0,0
162,CASH_OUT,286266.54,C1565195675,105491.0,0.0,C1151656336,1463285.48,1749552.03,0,0
162,CASH_OUT,37491.23,C931939502,0.0,0.0,C1740840316,2245252.42,2282743.65,0,0
162,PAYMENT,10026.39,C1849262801,22151.0,12124.61,M1063824164,0.0,0.0,0,0
162,CASH_OUT,163029.29,C390766294,0.0,0.0,C1360409940,886016.9,1049046.2,0,0
162,PAYMENT,49350.75,C471355630,56658.0,7307.25,M881176480,0.0,0.0,0,0
162,CASH_IN,116928.94,C617444825,427240.14,544169.08,C1631224912,5089548.57,4972619.64,0,0
162,CASH_OUT,44953.55,C414881696,36560.0,0.0,C539390212,38711.85,83665.41,0,0
162,CASH_OUT,154179.72,C1558568694,0.0,0.0,C1916871755,833840.08,1072574.08,0,0
162,PAYMENT,13860.05,C1791805440,143794.07,129934.01,M1911330641,0.0,0.0,0,0
162,CASH_OUT,253661.56,C2122744988,188110.0,0.0,C1885225451,2354448.63,2608110.19,0,0
162,CASH_OUT,128976.25,C2108171382,40714.0,0.0,C519259230,1020795.59,1149771.84,0,0
162,TRANSFER,78567.55,C217558717,163998.33,85430.78,C984922302,1280126.97,1358694.52,0,0
162,PAYMENT,23127.05,C346775579,260149.3,237022.25,M1516844454,0.0,0.0,0,0
162,CASH_IN,40695.84,C1798756118,3030839.52,3071535.36,C1435191675,184268.15,143572.31,0,0
162,CASH_IN,385900.19,C1941660152,4738750.44,5124650.63,C1932505292,3461895.47,3075995.29,0,0
162,CASH_OUT,61337.53,C1424187369,0.0,0.0,C659243038,230582.89,291920.42,0,0
162,CASH_IN,171765.11,C244227492,32886.0,204651.11,C1974225495,276765.69,176430.25,0,0
162,CASH_IN,147543.34,C1032524984,7035726.3,7183269.64,C1379296408,727985.68,580442.34,0,0
162,PAYMENT,14175.34,C1735727237,612.98,0.0,M931751389,0.0,0.0,0,0
162,CASH_OUT,113188.7,C183496785,0.0,0.0,C130237699,272349.5,385538.2,0,0
162,CASH_OUT,177560.05,C1694943602,0.0,0.0,C1833358283,584780.02,762340.07,0,0
162,PAYMENT,29015.49,C1291435557,0.0,0.0,M1621309389,0.0,0.0,0,0
162,CASH_OUT,140232.03,C1514914024,451442.41,311210.39,C1181062418,1409476.32,1549708.35,0,0
162,CASH_OUT,186399.94,C1829980771,509643.0,323243.06,C572938789,5851901.82,6038301.76,0,0
162,CASH_IN,328767.79,C1653555707,880422.53,1209190.33,C68420934,12291471.67,11962703.87,0,0
162,CASH_IN,209789.19,C683422053,757397.69,967186.88,C981603653,11285818.02,11076028.83,0,0
162,CASH_OUT,135760.96,C1828913715,586954.0,451193.04,C78922900,0.0,135760.96,0,0
162,TRANSFER,3515554.62,C466433109,0.0,0.0,C58333888,13286424.76,16801979.38,0,0
162,CASH_OUT,482047.15,C2134913056,294112.0,0.0,C1813159295,0.0,482047.15,0,0
162,CASH_OUT,139522.68,C1895085751,51341.0,0.0,C1527151753,2893505.42,3033028.09,0,0
162,CASH_OUT,214087.1,C1615941701,20313.0,0.0,C275444503,26255.76,240342.86,0,0
162,CASH_IN,198336.76,C1266643567,365198.69,563535.45,C941452301,496509.25,298172.49,0,0
162,PAYMENT,9709.2,C136839226,10281.0,571.8,M1576249624,0.0,0.0,0,0
162,PAYMENT,24198.54,C183705540,0.0,0.0,M89040588,0.0,0.0,0,0
162,PAYMENT,12616.44,C1817980852,9002.0,0.0,M1619214691,0.0,0.0,0,0
162,TRANSFER,229074.39,C752979829,1358.0,0.0,C1215329116,505844.39,734918.78,0,0
162,PAYMENT,665.84,C2071645956,10369.0,9703.16,M1569881084,0.0,0.0,0,0
162,PAYMENT,2670.83,C1896976854,42030.31,39359.48,M1845457767,0.0,0.0,0,0
162,PAYMENT,951.62,C947590710,23381.0,22429.38,M741927531,0.0,0.0,0,0
162,PAYMENT,1124.68,C1588106013,10156.0,9031.32,M774065548,0.0,0.0,0,0
162,PAYMENT,742.79,C23701214,0.0,0.0,M1056270453,0.0,0.0,0,0
162,PAYMENT,7830.9,C451532670,126238.78,118407.88,M1198628003,0.0,0.0,0,0
162,PAYMENT,8525.53,C154791251,0.0,0.0,M760729763,0.0,0.0,0,0
162,CASH_OUT,207307.04,C618124081,15384.0,0.0,C459642289,0.0,207307.04,0,0
162,TRANSFER,353055.56,C1781379992,49377.0,0.0,C610408412,428939.84,781995.4,0,0
162,CASH_OUT,41805.48,C1228579805,0.0,0.0,C1889798367,219176.16,260981.64,0,0
162,CASH_OUT,207419.57,C1062241216,0.0,0.0,C1566365496,1372786.08,1580205.65,0,0
162,PAYMENT,14940.48,C135178904,709.51,0.0,M1110857044,0.0,0.0,0,0
162,CASH_OUT,238365.62,C1184769824,99525.0,0.0,C163666516,271758.06,510123.68,0,0
162,PAYMENT,4893.3,C656514788,38949.17,34055.88,M381154299,0.0,0.0,0,0
162,CASH_OUT,230832.14,C1645910341,0.0,0.0,C742598343,393784.81,624616.95,0,0
162,PAYMENT,8697.17,C689561715,0.0,0.0,M164856449,0.0,0.0,0,0
162,CASH_OUT,97858.35,C582018731,325.0,0.0,C1295097250,0.0,97858.35,0,0
162,CASH_OUT,175894.46,C742775150,69807.0,0.0,C1943570217,3235748.83,3411643.29,0,0
162,PAYMENT,14569.55,C627667131,0.0,0.0,M20553546,0.0,0.0,0,0
162,PAYMENT,6927.77,C1839914304,101359.0,94431.23,M1312520296,0.0,0.0,0,0
163,CASH_OUT,82521.98,C854615356,20716.0,0.0,C340490989,69305.71,151827.68,0,0
163,TRANSFER,437707.07,C309227855,0.0,0.0,C65340792,552077.13,989784.2,0,0
163,CASH_IN,192523.51,C1713596797,5499299.87,5691823.38,C2011992636,574975.77,382452.25,0,0
163,CASH_OUT,149858.93,C1993791374,0.0,0.0,C1104405721,1549077.07,1698936.0,0,0
163,CASH_OUT,85371.29,C895113705,20269.0,0.0,C286534546,1393045.88,1478417.17,0,0
163,PAYMENT,616.39,C283547458,352586.99,351970.6,M2034820218,0.0,0.0,0,0
163,CASH_OUT,3290.75,C248529538,0.0,0.0,C1577970230,96214.93,99505.67,0,0
163,CASH_OUT,140998.44,C1923815326,17064.0,0.0,C1691716057,585388.93,726387.38,0,0
163,CASH_OUT,331617.04,C1185095481,153.0,0.0,C1229006348,600243.39,931860.43,0,0
163,CASH_OUT,93653.08,C817429660,0.0,0.0,C347860064,93660.2,187313.28,0,0
163,PAYMENT,4544.06,C629891446,30913.0,26368.94,M1052376109,0.0,0.0,0,0
163,CASH_OUT,3415.44,C967886071,303771.0,300355.56,C359233230,234647.83,238063.27,0,0
163,PAYMENT,8280.41,C2002513512,730131.88,721851.46,M328682322,0.0,0.0,0,0
163,CASH_IN,139739.22,C1761617143,21544.0,161283.22,C1190957213,4154825.32,4015086.1,0,0
163,CASH_IN,348775.02,C497088202,21016.0,369791.02,C363351049,29990437.2,29641662.18,0,0
163,CASH_OUT,176792.01,C805114756,166.0,0.0,C90310446,3884120.5,4060912.5,0,0
163,CASH_OUT,119122.38,C113032774,0.0,0.0,C1477458028,3931490.58,4050612.96,0,0
163,PAYMENT,9487.06,C1097399311,0.0,0.0,M2029171685,0.0,0.0,0,0
163,CASH_IN,85207.69,C63878999,32166.0,117373.69,C942489513,1840618.99,1755411.3,0,0
163,CASH_IN,40038.52,C1858879956,31358.0,71396.52,C1755441040,180696.27,140657.75,0,0
163,CASH_IN,188443.78,C1920075463,1555873.01,1744316.79,C2073475956,3323741.25,3135297.48,0,0
163,CASH_IN,183111.47,C1393118840,11523211.84,11706323.31,C14968244,444453.21,261341.74,0,0
163,CASH_IN,52760.46,C1039244884,29167748.51,29220508.98,C1259324562,834479.0,781718.54,0,0
163,TRANSFER,142350.5,C1141422853,127684.72,0.0,C2106710410,223842.42,592432.04,0,0
163,CASH_IN,125205.48,C974865309,577881.51,703086.99,C1050945888,1018398.31,893192.83,0,0
163,CASH_IN,251912.03,C1263160897,2200085.79,2451997.82,C1895512750,1108375.67,856463.63,0,0
163,CASH_OUT,119155.62,C1267055814,167401.67,48246.05,C8934086,362038.58,481194.2,0,0
163,CASH_OUT,240919.11,C2106451442,0.0,0.0,C1552431935,3758388.54,3999307.65,0,0
163,PAYMENT,2747.52,C615089501,33526.9,30779.38,M450294095,0.0,0.0,0,0
163,CASH_IN,255173.19,C1393757080,2930156.19,3185329.38,C1216539687,669949.92,414776.73,0,0
163,CASH_OUT,78284.49,C31375831,101570.0,23285.51,C2102998031,899914.89,887321.07,0,0
163,PAYMENT,4921.81,C979569651,19149.3,14227.49,M43487078,0.0,0.0,0,0
163,CASH_OUT,70414.62,C1083041938,0.0,0.0,C1565046355,5226418.54,5296833.16,0,0
163,PAYMENT,21725.98,C163409527,242242.79,220516.8,M1478252003,0.0,0.0,0,0
163,CASH_IN,27828.39,C25980148,5402900.33,5430728.72,C1410566457,6275398.2,6247569.81,0,0
163,CASH_OUT,87731.76,C246230058,0.0,0.0,C1165144044,95394.07,183125.83,0,0
163,CASH_OUT,105554.48,C1324463137,0.0,0.0,C507604891,3353646.76,3459201.24,0,0
163,CASH_IN,453472.95,C1338224645,11354636.14,11808109.1,C296616766,1846456.57,1392983.61,0,0
163,CASH_IN,117395.17,C793364166,52194.0,169589.17,C1617975386,432441.3,315046.13,0,0
163,CASH_IN,168125.52,C1514770090,7458168.8,7626294.31,C1882814101,3740581.28,3572455.76,0,0
163,CASH_OUT,391948.22,C1564479686,20613.0,0.0,C1365268606,569704.22,961652.43,0,0
163,PAYMENT,9993.9,C785327683,26703.0,16709.1,M496127330,0.0,0.0,0,0
163,CASH_OUT,32599.66,C597698714,0.0,0.0,C1491210481,362070.17,394669.84,0,0
163,CASH_OUT,303296.73,C1008679316,49068.0,0.0,C528817631,0.0,303296.73,0,0
163,PAYMENT,2618.4,C1957047513,503088.3,500469.9,M376067335,0.0,0.0,0,0
163,TRANSFER,827958.22,C2096613231,29748.0,0.0,C2022414447,600234.43,1428192.65,0,0
163,CASH_OUT,97022.31,C1848451519,97614.0,591.69,C1573579173,0.0,97022.31,0,0
163,CASH_OUT,189099.68,C1130702614,5107.0,0.0,C1402887833,0.0,189099.68,0,0
163,CASH_IN,15176.91,C1564314878,536415.0,551591.91,C1176912109,25517794.24,25502617.33,0,0
163,CASH_OUT,117074.83,C3667211,10976.0,0.0,C1575245256,0.0,117074.83,0,0
163,PAYMENT,10215.55,C592764782,0.0,0.0,M1699686937,0.0,0.0,0,0
163,CASH_IN,256488.85,C1040276416,5375372.62,5631861.47,C131710529,1916389.83,1659900.98,0,0
163,PAYMENT,2581.72,C1102134810,0.0,0.0,M1722744306,0.0,0.0,0,0
163,PAYMENT,9118.91,C792561826,157167.29,148048.38,M360976953,0.0,0.0,0,0
163,CASH_OUT,238163.24,C993597328,11067.0,0.0,C1319187513,400628.3,638791.54,0,0
163,CASH_OUT,400335.32,C1086534959,0.0,0.0,C1134206983,4842822.9,5243158.22,0,0
163,CASH_IN,116932.92,C1062779381,987424.94,1104357.86,C54511612,1083937.65,967004.74,0,0
163,CASH_IN,144526.06,C1636219203,3417257.81,3561783.87,C469225049,320567.0,176040.93,0,0
163,CASH_OUT,271979.17,C1978386518,0.0,0.0,C677488534,575006.45,846985.62,0,0
163,CASH_OUT,76888.83,C1888449802,0.0,0.0,C1327631901,696922.62,773811.46,0,0
163,CASH_OUT,154326.41,C16377856,185525.0,31198.59,C675323952,0.0,154326.41,0,0
163,TRANSFER,395125.76,C1583412276,0.0,0.0,C2019050755,3820083.27,4215209.03,0,0
163,CASH_OUT,204327.95,C1532640486,191188.0,0.0,C1468517622,70763.98,275091.93,0,0
163,PAYMENT,7765.22,C1468138927,473500.56,465735.34,M377634880,0.0,0.0,0,0
163,CASH_IN,221502.03,C321601612,2372517.5,2594019.54,C391020908,234702.73,13200.69,0,0
163,CASH_IN,107053.31,C110826822,5073.0,112126.31,C806314377,0.0,0.0,0,0
163,CASH_OUT,263768.86,C246750238,0.0,0.0,C1826178037,4307190.15,4570959.01,0,0
163,CASH_OUT,15079.66,C1182055884,0.0,0.0,C424151432,258167.39,361582.73,0,0
163,PAYMENT,16834.38,C1606939734,132273.35,115438.96,M730726322,0.0,0.0,0,0
163,TRANSFER,640574.15,C256229119,207375.39,0.0,C1387328672,164456.52,805030.67,0,0
163,CASH_IN,185623.73,C1868656414,15692.0,201315.73,C149387322,2367127.82,2181504.09,0,0
163,CASH_IN,248489.93,C1663497721,16420.0,264909.93,C1025020324,0.0,0.0,0,0
163,CASH_OUT,280124.95,C650292842,0.0,0.0,C1620915064,2286583.84,2566708.79,0,0
164,PAYMENT,5892.46,C153413641,1142537.56,1136645.1,M1445481840,0.0,0.0,0,0
164,PAYMENT,35511.49,C2028472439,0.0,0.0,M257625101,0.0,0.0,0,0
164,TRANSFER,994967.85,C1633266070,0.0,0.0,C1196643358,1493300.29,2488268.14,0,0
164,CASH_OUT,96477.12,C3288121,0.0,0.0,C988963450,521355.21,617832.32,0,0
164,PAYMENT,20270.71,C1118476198,0.0,0.0,M1446484363,0.0,0.0,0,0
164,CASH_OUT,97234.69,C254590229,0.0,0.0,C1640890496,1864856.86,1962091.55,0,0
164,PAYMENT,5728.0,C880118263,83419.0,77691.0,M1004995225,0.0,0.0,0,0
164,CASH_OUT,138945.93,C1507310164,0.0,0.0,C1919145102,376025.02,623165.66,0,0
164,CASH_OUT,147945.54,C300642023,0.0,0.0,C1333657824,603448.16,751393.71,0,0
164,CASH_OUT,148704.54,C1980123381,283570.04,134865.5,C2105591996,2650832.9,2799537.44,0,0
164,TRANSFER,267457.34,C67084,331.0,0.0,C285636300,111755.81,379213.15,0,0
164,CASH_OUT,88160.58,C1700877766,0.0,0.0,C1834996808,661692.45,749853.03,0,0
164,PAYMENT,8772.13,C1049157048,0.0,0.0,M285407164,0.0,0.0,0,0
164,CASH_IN,155491.42,C1205070347,10619.0,166110.42,C1395990747,1017048.08,861556.66,0,0
164,CASH_OUT,380590.55,C1397821941,0.0,0.0,C1964722044,2254741.21,2635331.76,0,0
164,TRANSFER,154646.38,C1011512834,0.0,0.0,C1463361810,8793661.94,8895193.35,0,0
164,TRANSFER,412288.71,C572158707,171214.0,0.0,C870558930,611685.57,1152824.02,0,0
164,CASH_IN,166145.54,C671396289,4812798.22,4978943.76,C555330178,713174.88,547029.35,0,0
164,PAYMENT,4493.98,C475585488,72661.0,68167.02,M1022640711,0.0,0.0,0,0
164,CASH_OUT,90475.56,C848590023,0.0,0.0,C281979953,115663.82,206139.38,0,0
164,CASH_IN,158994.35,C1372563388,446.0,159440.35,C1130498258,523892.3,364897.94,0,0
164,CASH_OUT,114033.69,C1763457792,17283.0,0.0,C1130053720,0.0,114033.69,0,0
164,CASH_IN,226359.0,C991175082,7905097.33,8131456.33,C927401334,1137133.47,910774.47,0,0
164,CASH_OUT,173839.28,C392498416,457.0,0.0,C331197102,0.0,173839.28,0,0
164,PAYMENT,3794.63,C1550264901,0.0,0.0,M1449823876,0.0,0.0,0,0
164,PAYMENT,1569.06,C1814681100,0.0,0.0,M1274745370,0.0,0.0,0,0
164,PAYMENT,614.83,C1115463769,51192.33,50577.5,M1463519540,0.0,0.0,0,0
164,CASH_OUT,141921.22,C375923718,68189.0,0.0,C191903982,42144.22,184065.44,0,0
164,CASH_OUT,206292.36,C1345625166,0.0,0.0,C1524141796,981725.71,1188018.07,0,0
164,TRANSFER,3263296.75,C1778016791,0.0,0.0,C1615443145,10353212.21,13616508.95,0,0
164,CASH_IN,221900.59,C2111647483,185.0,222085.59,C64748198,0.0,0.0,0,0
164,PAYMENT,17483.35,C1594233214,114984.79,97501.44,M89643122,0.0,0.0,0,0
164,TRANSFER,287329.78,C1344387075,0.0,0.0,C655663418,2602163.4,2716831.4,0,0
164,CASH_OUT,214309.44,C2014928296,0.0,0.0,C1609363429,268542.59,482852.03,0,0
164,PAYMENT,24236.58,C560492823,80774.31,56537.73,M875614088,0.0,0.0,0,0
164,CASH_OUT,68612.41,C1706155036,49979.0,0.0,C450868465,513588.97,582201.39,0,0
164,CASH_OUT,74783.0,C376120189,0.0,0.0,C728432914,169473.36,244256.36,0,0
164,PAYMENT,6458.42,C1245977426,148935.0,142476.58,M1516197628,0.0,0.0,0,0
164,CASH_OUT,82582.14,C718363853,0.0,0.0,C1730395963,623974.25,776672.19,0,0
164,CASH_IN,177201.47,C418469707,1601168.16,1778369.63,C1374333939,477073.26,299871.79,0,0
164,PAYMENT,13155.19,C682148282,186.0,0.0,M964909607,0.0,0.0,0,0
164,CASH_OUT,233595.06,C452801673,0.0,0.0,C1547538538,1859441.17,2254989.13,0,0
164,CASH_OUT,276824.67,C1931138529,207.0,0.0,C415987413,79451.3,356275.97,0,0
164,PAYMENT,423.9,C189403623,29871.0,29447.1,M2038546352,0.0,0.0,0,0
164,PAYMENT,12214.22,C723794352,18536.0,6321.78,M335370909,0.0,0.0,0,0
164,CASH_IN,193568.16,C210378093,586489.17,780057.32,C107131944,5881513.49,5687945.33,0,0
164,CASH_IN,294397.67,C448792899,4034.0,298431.67,C416604201,0.0,0.0,0,0
164,CASH_IN,87981.91,C1459900691,7326289.22,7414271.13,C539710531,544613.99,456632.08,0,0
164,CASH_OUT,34680.04,C1975588379,162389.1,127709.06,C2050715917,104131.1,138811.13,0,0
164,CASH_OUT,32902.85,C637112998,100622.0,67719.15,C63464892,0.0,32902.85,0,0
164,CASH_OUT,32611.41,C336941690,32651.0,39.59,C488021061,0.0,32611.41,0,0
164,PAYMENT,3410.59,C1303727363,190710.0,187299.41,M887057001,0.0,0.0,0,0
164,CASH_IN,74755.07,C2059610333,8963650.54,9038405.61,C1084899801,258515.74,183760.67,0,0
164,CASH_OUT,122162.1,C1455001607,17205.0,0.0,C108063567,6385089.29,6507251.4,0,0
164,PAYMENT,22950.97,C808049787,0.0,0.0,M1242720183,0.0,0.0,0,0
164,CASH_IN,226627.55,C775921773,4215924.89,4442552.44,C605817683,767182.22,540554.68,0,0
164,PAYMENT,14156.85,C152109894,10777.0,0.0,M1686262470,0.0,0.0,0,0
164,CASH_IN,69530.95,C1324706591,1787031.13,1856562.07,C1125278264,895241.44,825710.49,0,0
164,CASH_OUT,252241.84,C1003438884,0.0,0.0,C13669154,648208.08,900449.92,0,0
164,CASH_OUT,350288.06,C1434937730,0.0,0.0,C450125546,553803.05,904091.11,0,0
164,CASH_IN,109504.12,C2063152878,11735608.63,11845112.75,C104391102,122879.54,13375.42,0,0
164,TRANSFER,532985.88,C1051107433,176937.85,0.0,C1828683068,0.0,532985.88,0,0
165,PAYMENT,1598.5,C528557643,17038.0,15439.5,M1837437079,0.0,0.0,0,0
165,CASH_OUT,76997.69,C991260734,31339.0,0.0,C1897705333,0.0,76997.69,0,0
165,PAYMENT,5444.85,C1568887639,20818.0,15373.15,M1960559793,0.0,0.0,0,0
165,PAYMENT,14410.53,C97853959,224.0,0.0,M402860776,0.0,0.0,0,0
165,CASH_IN,193800.46,C2010722415,6046.0,199846.46,C361116484,355106.09,161305.63,0,0
165,PAYMENT,24012.17,C1632945085,1739.0,0.0,M532325245,0.0,0.0,0,0
165,PAYMENT,6261.27,C2062156978,272.0,0.0,M1667660438,0.0,0.0,0,0
165,CASH_OUT,192281.11,C1881892824,0.0,0.0,C1581159957,399503.17,591784.28,0,0
165,PAYMENT,2525.23,C785613523,0.0,0.0,M315501111,0.0,0.0,0,0
165,PAYMENT,1322.19,C1005170654,106003.74,104681.54,M1525811137,0.0,0.0,0,0
165,CASH_OUT,100027.04,C612768534,9976.0,0.0,C464209410,838169.71,938196.75,0,0
165,CASH_IN,305792.87,C1140878509,26416.0,332208.87,C683645014,0.0,0.0,0,0
165,PAYMENT,576.75,C1094372716,4074.0,3497.25,M1572652011,0.0,0.0,0,0
165,CASH_OUT,473434.97,C661605213,0.0,0.0,C804359048,669264.0,1142698.97,0,0
165,CASH_IN,140140.39,C1109829889,133482.0,273622.39,C2121274204,286893.58,146753.19,0,0
165,PAYMENT,472.82,C278909323,1505.0,1032.18,M1685039602,0.0,0.0,0,0
165,CASH_IN,33089.97,C1163586399,286486.74,319576.71,C790452906,88266.99,55177.02,0,0
165,PAYMENT,12163.13,C1170107520,0.0,0.0,M207965175,0.0,0.0,0,0
165,CASH_OUT,387742.45,C2139485061,39600.0,0.0,C70909301,2418898.87,2806641.32,0,0
165,CASH_OUT,115326.52,C232930425,107355.57,0.0,C578144347,525042.23,640368.76,0,0
165,PAYMENT,8190.62,C380355361,50643.0,42452.38,M192007413,0.0,0.0,0,0
165,PAYMENT,13154.59,C2067921007,2001.0,0.0,M283964596,0.0,0.0,0,0
165,PAYMENT,976.36,C1377584730,70077.0,69100.64,M2014320172,0.0,0.0,0,0
165,CASH_IN,159106.77,C375576183,21141.0,180247.77,C126627827,0.0,0.0,0,0
165,PAYMENT,8826.9,C1564519051,0.0,0.0,M2007426386,0.0,0.0,0,0
165,CASH_OUT,113842.71,C471108305,1173372.32,1059529.61,C1106842318,0.0,113842.71,0,0
165,PAYMENT,2180.19,C844087996,4550.0,2369.81,M1388039221,0.0,0.0,0,0
165,CASH_IN,136747.1,C1601821878,5054.0,141801.1,C1918597970,83184.36,0.0,0,0
165,CASH_IN,141448.31,C736619605,657.0,142105.31,C664815260,0.0,0.0,0,0
165,PAYMENT,16655.12,C1079815373,65890.0,49234.88,M1116405609,0.0,0.0,0,0
165,CASH_IN,129760.56,C2011985207,128489.82,258250.38,C367866297,133629.04,3868.49,0,0
166,CASH_IN,57935.46,C1452262878,12586677.09,12644612.55,C2040690699,3833895.6,3775960.14,0,0
166,CASH_OUT,251777.54,C336572016,0.0,0.0,C1991031691,3951209.46,4202987.0,0,0
166,CASH_IN,12468.25,C334879154,11405.0,23873.25,C1324635310,4497346.4,4484878.16,0,0
166,CASH_IN,40387.34,C736849166,4063873.41,4104260.75,C354463774,100601.67,60214.33,0,0
166,CASH_OUT,267249.23,C942930414,4866.0,0.0,C1183628867,503865.26,771114.49,0,0
166,CASH_IN,13961.21,C624609067,25052.0,39013.21,C594207555,678041.2,664079.99,0,0
166,CASH_IN,3980.08,C1636559404,2872108.72,2876088.8,C1897810220,14371.05,10390.97,0,0
166,CASH_IN,105824.24,C5880839,2285784.02,2391608.25,C1248946803,706839.82,601015.59,0,0
166,PAYMENT,5633.82,C459716282,7076.0,1442.18,M950071820,0.0,0.0,0,0
166,PAYMENT,18074.03,C1079065423,0.0,0.0,M687919147,0.0,0.0,0,0
166,PAYMENT,8596.99,C1456966062,0.0,0.0,M1893417539,0.0,0.0,0,0
166,CASH_OUT,132664.92,C1085082171,0.0,0.0,C27642108,1711504.03,1844168.94,0,0
166,CASH_OUT,174870.03,C39387565,21075.0,0.0,C1880698813,0.0,174870.03,0,0
166,CASH_OUT,413842.29,C962506242,0.0,0.0,C521328256,787478.51,1201320.79,0,0
166,CASH_OUT,273351.22,C1428443633,126216.54,0.0,C222514560,701777.72,975128.94,0,0
166,TRANSFER,234524.93,C93158708,0.0,0.0,C269342003,910311.55,1144836.48,0,0
166,PAYMENT,4875.01,C389757001,32388.0,27512.99,M1430279734,0.0,0.0,0,0
166,PAYMENT,6427.62,C989647842,0.0,0.0,M616047862,0.0,0.0,0,0
166,CASH_OUT,208869.46,C1337516282,886396.47,677527.01,C551499104,515300.75,724170.21,0,0
166,PAYMENT,5815.16,C258666904,12442.0,6626.84,M923276245,0.0,0.0,0,0
166,CASH_OUT,191659.23,C1981902779,25462.0,0.0,C229932694,1603640.35,1795299.58,0,0
166,CASH_OUT,174127.84,C1467437831,0.0,0.0,C659906802,1752685.55,1926813.39,0,0
166,CASH_OUT,140500.14,C1049891707,0.0,0.0,C1739267072,272597.71,413097.85,0,0
166,CASH_IN,58099.84,C324413479,2081596.57,2139696.41,C1983116721,1072437.24,1014337.4,0,0
166,CASH_OUT,98384.55,C1029204724,82368.81,0.0,C1022254892,1533929.97,1632314.52,0,0
167,PAYMENT,4231.91,C1842614748,9003.55,4771.64,M1059137272,0.0,0.0,0,0
167,CASH_OUT,336480.72,C1980001537,0.0,0.0,C188338452,602157.92,938638.65,0,0
167,PAYMENT,2190.68,C1538944614,164.0,0.0,M671537455,0.0,0.0,0,0
167,CASH_OUT,69380.74,C480740459,20381.0,0.0,C144503728,3115089.28,3184470.02,0,0
167,CASH_OUT,307000.5,C2084059797,0.0,0.0,C1078814158,10238801.23,10545801.73,0,0
167,PAYMENT,1186.41,C741633795,83358.0,82171.59,M1328489495,0.0,0.0,0,0
167,PAYMENT,13202.86,C688682646,10596.0,0.0,M1405307742,0.0,0.0,0,0
168,CASH_OUT,169413.37,C748802747,0.0,0.0,C283101808,447674.04,617087.41,0,0
168,CASH_OUT,138959.43,C30119607,39786.0,0.0,C872565002,2440608.7,2579568.13,0,0
169,CASH_OUT,149012.75,C1425169568,0.0,0.0,C2147468927,295439.57,444452.32,0,0
169,PAYMENT,16292.51,C1737493964,48564.0,32271.49,M1587853687,0.0,0.0,0,0
169,CASH_OUT,73903.65,C517090361,0.0,0.0,C2026975295,10491429.41,10565333.05,0,0
177,TRANSFER,413681.91,C1920492228,0.0,0.0,C1289700186,1133843.13,1547525.04,0,0
177,PAYMENT,6264.53,C1572375300,0.0,0.0,M1298412518,0.0,0.0,0,0
177,CASH_OUT,263159.41,C377541113,0.0,0.0,C1176716802,692538.54,955697.95,0,0
177,CASH_OUT,297909.8,C253194379,201024.0,0.0,C749786997,0.0,594056.88,0,0
177,CASH_IN,71956.88,C1685117493,937670.83,1009627.7,C688666509,1200844.79,1128887.91,0,0
177,CASH_IN,60655.96,C79091767,2030801.57,2091457.53,C273862314,2770056.48,2709400.52,0,0
177,CASH_OUT,16156.04,C1165758833,0.0,0.0,C354108338,3392992.2,3662932.34,0,0
177,PAYMENT,17643.8,C1188498759,0.0,0.0,M1123394843,0.0,0.0,0,0
177,CASH_OUT,299385.23,C944844230,0.0,0.0,C1151488145,2407413.42,2243598.98,0,0
177,CASH_OUT,130412.89,C1124500744,21037.0,0.0,C1100274836,0.0,105909.73,0,0
177,CASH_IN,107268.63,C1728158979,10267.0,117535.63,C305249270,0.0,0.0,0,0
177,CASH_OUT,139713.8,C993030322,0.0,0.0,C2140063265,502389.62,642103.43,0,0
177,CASH_OUT,226015.33,C1045671217,0.0,0.0,C937918370,469378.54,695393.87,0,0
177,TRANSFER,531867.34,C220530367,0.0,0.0,C1518842793,946025.93,1477893.27,0,0
177,TRANSFER,2682404.84,C1782997251,0.0,0.0,C2039019219,3586730.6,6269135.43,0,0
177,PAYMENT,5625.79,C340445784,0.0,0.0,M2140705991,0.0,0.0,0,0
177,CASH_OUT,213818.28,C1182917377,74001.68,0.0,C478738907,1527878.04,1741696.32,0,0
177,CASH_IN,4190.41,C1061509786,3130.0,7320.41,C491392275,0.0,0.0,0,0
177,PAYMENT,17388.6,C2109049387,21321.0,3932.4,M2039307559,0.0,0.0,0,0
177,PAYMENT,19708.9,C782017708,17365.0,0.0,M779587120,0.0,0.0,0,0
177,CASH_OUT,338742.75,C928855369,21632.0,0.0,C555892159,0.0,338742.75,0,0
177,CASH_OUT,436207.73,C1133049466,432.0,0.0,C1783721185,1058781.9,1446281.55,0,0
177,TRANSFER,288818.6,C676829676,0.0,0.0,C1185206123,362993.29,651811.89,0,0
177,CASH_IN,125878.14,C1750996413,39571.0,165449.14,C1833097592,3393250.38,3267372.24,0,0
177,CASH_OUT,354607.36,C1287995964,17076.0,0.0,C1096823101,442271.6,796878.96,0,0
177,CASH_IN,103491.44,C478230757,11927817.4,12031308.83,C463530280,1195005.9,1091514.47,0,0
177,PAYMENT,10765.23,C1574431706,21452.62,10687.39,M1443769063,0.0,0.0,0,0
177,PAYMENT,7843.75,C533478706,213.0,0.0,M173602449,0.0,0.0,0,0
177,CASH_IN,53621.0,C808176775,565040.3,618661.3,C941153672,443932.16,390311.16,0,0
177,PAYMENT,808.96,C590094060,131970.0,131161.04,M375423079,0.0,0.0,0,0
177,PAYMENT,12749.21,C781275961,0.0,0.0,M67957075,0.0,0.0,0,0
177,PAYMENT,1564.22,C1109681221,47327.0,45762.78,M2040694078,0.0,0.0,0,0
177,PAYMENT,20483.8,C1015295008,349835.44,329351.64,M582039607,0.0,0.0,0,0
178,CASH_OUT,145480.42,C683769512,354.0,0.0,C1094893744,0.0,145480.42,0,0
178,PAYMENT,7399.12,C2136624249,0.0,0.0,M2118803939,0.0,0.0,0,0
178,CASH_IN,77438.75,C1257066401,3029682.3,3107121.05,C894762491,96792.22,19353.48,0,0
178,PAYMENT,2509.96,C54176478,63871.92,61361.96,M1130539721,0.0,0.0,0,0
178,PAYMENT,17805.25,C2049780498,13470.15,0.0,M530573807,0.0,0.0,0,0
178,CASH_OUT,201823.57,C1019562664,11129.0,0.0,C59163858,134700.6,336524.17,0,0
178,PAYMENT,3130.4,C2010858262,0.0,0.0,M341196062,0.0,0.0,0,0
178,CASH_IN,123932.9,C1816422928,8264421.31,8388354.21,C1015261874,703883.87,579950.97,0,0
178,PAYMENT,11247.01,C1621188271,40761.0,29513.99,M862033881,0.0,0.0,0,0
178,CASH_OUT,61242.62,C1923238225,0.0,0.0,C1898271822,134956.58,196199.2,0,0
178,CASH_IN,342667.08,C1385476630,26076138.84,26418805.91,C35582148,454477.15,111810.08,0,0
178,CASH_IN,68248.24,C1786054658,2082685.48,2150933.72,C991359488,301468.27,233220.03,0,0
178,PAYMENT,18395.55,C1934161823,54682.12,36286.57,M300855988,0.0,0.0,0,0
178,PAYMENT,9886.07,C893997250,0.0,0.0,M831636901,0.0,0.0,0,0
178,PAYMENT,24656.0,C2119785236,0.0,0.0,M1341335837,0.0,0.0,0,0
178,CASH_OUT,70341.17,C822652336,0.0,0.0,C926581327,1613165.73,1683506.9,0,0
178,CASH_OUT,13236.16,C792124516,0.0,0.0,C653425370,3253099.67,3490958.23,0,0
178,CASH_OUT,296049.71,C1401839065,1083.0,0.0,C491905486,0.0,296049.71,0,0
178,TRANSFER,1860458.12,C1389023941,22271.0,0.0,C1633706102,51070.19,1911528.31,0,0
178,PAYMENT,11973.31,C310426039,0.0,0.0,M1194737664,0.0,0.0,0,0
178,CASH_OUT,64436.15,C395693301,0.0,0.0,C1785034621,432416.5,496852.65,0,0
178,CASH_OUT,349849.2,C1489037619,246289.0,0.0,C1034498778,0.0,349849.2,0,0
178,PAYMENT,12726.94,C853411574,0.0,0.0,M2111100888,0.0,0.0,0,0
178,PAYMENT,18679.91,C254140558,102368.0,83688.09,M42658650,0.0,0.0,0,0
178,PAYMENT,33612.0,C2110279479,2337.0,0.0,M426271404,0.0,0.0,0,0
178,TRANSFER,200930.0,C418781873,5566.0,0.0,C603335529,0.0,200930.0,0,0
178,CASH_IN,40419.67,C1790240706,205002.0,245421.67,C1594040321,987230.56,946810.9,0,0
178,CASH_OUT,128357.9,C1205198554,0.0,0.0,C1524916989,684528.86,812886.75,0,0
178,CASH_IN,19719.25,C224650060,5509.0,25228.25,C1465536247,0.0,0.0,0,0
178,CASH_IN,71986.37,C1142752750,142.0,72128.37,C1591553087,3055941.52,2983955.15,0,0
178,CASH_IN,63765.07,C2017857166,11494.0,75259.07,C578402064,5875349.29,5811584.22,0,0
178,CASH_IN,168567.25,C1520664883,8464244.9,8632812.14,C2088634335,169357.35,790.1,0,0
178,PAYMENT,19938.42,C2060456677,101543.0,81604.58,M2005554397,0.0,0.0,0,0
178,CASH_IN,232623.02,C13414288,26027420.01,26260043.03,C1528067001,599361.01,366737.98,0,0
178,CASH_OUT,343271.37,C1328966027,0.0,0.0,C1815545543,1106511.03,1449782.4,0,0
178,PAYMENT,15517.53,C213666247,0.0,0.0,M174698606,0.0,0.0,0,0
178,TRANSFER,733401.36,C1597744394,0.0,0.0,C1069318958,770169.78,1503571.14,0,0
178,PAYMENT,13792.45,C330714670,951184.0,937391.55,M2042156272,0.0,0.0,0,0
178,CASH_OUT,394301.4,C634509973,51553.0,0.0,C971972310,0.0,394301.4,0,0
178,PAYMENT,6132.35,C37534102,0.0,0.0,M1538451454,0.0,0.0,0,0
178,CASH_IN,362083.22,C1196746120,459.0,362542.22,C463789188,41701.88,0.0,0,0
179,PAYMENT,1205.99,C1173584945,20881.0,19675.01,M676644283,0.0,0.0,0,0
179,PAYMENT,36908.95,C729434591,0.0,0.0,M706034147,0.0,0.0,0,0
179,PAYMENT,38191.44,C928320443,0.0,0.0,M2058332191,0.0,0.0,0,0
179,CASH_OUT,368430.57,C1182489569,3471.2,0.0,C1590431086,884988.85,1253419.42,0,0
179,CASH_OUT,108882.66,C2123993866,0.0,0.0,C184163720,1160228.92,1269111.59,0,0
179,CASH_OUT,342006.74,C107298471,40369.0,0.0,C1560041045,408743.38,750750.13,0,0
179,PAYMENT,15570.31,C1774392800,49783.0,34212.69,M709385505,0.0,0.0,0,0
179,CASH_IN,125671.42,C1805341343,104730.0,230401.42,C1671386208,1192156.93,1066485.51,0,0
179,CASH_IN,52139.42,C1578457708,1453.0,53592.42,C1755927593,0.0,0.0,0,0
179,CASH_OUT,153823.49,C714992533,315.0,0.0,C1220695329,1373831.26,1527654.75,0,0
179,CASH_IN,346741.15,C1480560430,11662428.32,12009169.47,C827084938,6052938.95,5706197.8,0,0
179,CASH_IN,325952.89,C742963528,387.0,326339.89,C2056654339,497462.98,171510.09,0,0
179,CASH_IN,193109.28,C194690501,6423119.74,6616229.02,C1218772930,2542287.87,2349178.59,0,0
179,PAYMENT,5579.12,C655109826,15831.06,10251.93,M1281095220,0.0,0.0,0,0
179,CASH_IN,1371.52,C330317224,10055.0,11426.52,C963929994,94183.02,92811.5,0,0
179,PAYMENT,9244.98,C1236025461,25059.0,15814.02,M1713953414,0.0,0.0,0,0
179,PAYMENT,5571.71,C1269269034,20415.0,14843.29,M949886755,0.0,0.0,0,0
179,TRANSFER,228217.63,C1799550522,0.0,0.0,C1886044585,355266.66,583484.29,0,0
179,CASH_OUT,111156.5,C927357870,0.0,0.0,C70827725,2809776.99,2920933.49,0,0
179,CASH_OUT,302985.19,C855569003,0.0,0.0,C2111247464,1369461.63,1672446.82,0,0
179,CASH_OUT,115651.09,C1268138997,106347.0,0.0,C1116246612,288565.51,404216.6,0,0
179,TRANSFER,1658917.22,C1779022346,97248.0,0.0,C691834309,0.0,1658917.22,0,0
179,CASH_OUT,322347.41,C810109460,0.0,0.0,C1519590420,1797279.14,2119626.55,0,0
179,PAYMENT,21426.02,C640497478,19720.0,0.0,M1473721059,0.0,0.0,0,0
179,CASH_IN,94824.88,C96750622,13188613.98,13283438.86,C269661471,4694260.86,4599435.98,0,0
179,CASH_IN,331830.75,C435045825,16762674.49,17094505.24,C1471255784,697441.3,365610.55,0,0
179,TRANSFER,225361.44,C1592823554,225361.44,0.0,C1657758486,0.0,0.0,1,0
179,TRANSFER,949414.23,C525823851,44512.35,0.0,C1435503114,2023637.02,2973051.26,0,0
179,CASH_IN,275197.05,C361876718,50915.0,326112.05,C1057339300,0.0,0.0,0,0
179,CASH_IN,44230.73,C1377886061,1896751.66,1940982.4,C394775110,1752256.53,1708025.8,0,0
179,TRANSFER,636653.24,C1494416758,124755.42,0.0,C2083246214,826245.57,1462898.8,0,0
179,PAYMENT,5432.63,C264408668,6986.0,1553.37,M643771256,0.0,0.0,0,0
179,CASH_IN,241652.16,C1320193533,6978847.83,7220499.99,C1818235874,315057.8,73405.64,0,0
179,PAYMENT,8351.31,C1624428959,246536.0,238184.69,M1072548014,0.0,0.0,0,0
179,PAYMENT,915.59,C916607670,0.0,0.0,M1183299946,0.0,0.0,0,0
179,TRANSFER,524100.97,C879793038,287.0,0.0,C500519546,0.0,524100.97,0,0
179,CASH_OUT,188962.61,C1120578739,0.0,0.0,C184507541,1255277.45,1444240.06,0,0
179,PAYMENT,11687.34,C846784753,0.0,0.0,M1118248074,0.0,0.0,0,0
179,PAYMENT,5062.79,C91716977,60987.0,55924.21,M177944141,0.0,0.0,0,0
179,CASH_OUT,7230.56,C2080284707,5385.0,0.0,C336097174,0.0,7230.56,0,0
179,CASH_OUT,46721.39,C436770685,0.0,0.0,C1177165363,51991.63,98713.02,0,0
179,TRANSFER,968861.34,C247881968,0.0,0.0,C797623364,2422545.5,3391406.84,0,0
179,CASH_OUT,80173.11,C681801430,0.0,0.0,C1554552115,171879.71,252052.81,0,0
179,PAYMENT,12852.96,C597673320,21040.88,8187.92,M1477827385,0.0,0.0,0,0
179,PAYMENT,29932.57,C616887485,94953.32,65020.75,M1178775640,0.0,0.0,0,0
179,CASH_OUT,201448.03,C758151150,100202.0,0.0,C2098499748,225803.25,427251.28,0,0
179,CASH_OUT,658214.11,C422170932,0.0,0.0,C1365520873,835712.7,1493926.81,0,0
179,PAYMENT,13467.55,C348396575,731.0,0.0,M1839106421,0.0,0.0,0,0
179,PAYMENT,8498.87,C1414778297,0.0,0.0,M362126946,0.0,0.0,0,0
179,CASH_IN,53390.76,C2134106876,4257204.17,4310594.93,C269581701,2028876.88,1975486.12,0,0
179,PAYMENT,20222.04,C1741726094,107204.0,86981.96,M800212116,0.0,0.0,0,0
179,TRANSFER,370175.07,C278796013,0.0,0.0,C804485437,407901.16,778076.23,0,0
179,TRANSFER,101431.42,C297101520,8517.0,0.0,C294765127,21422.53,856539.38,0,0
179,CASH_IN,134383.45,C2124816850,22737.0,157120.45,C896196116,214423.24,80039.78,0,0
180,CASH_OUT,135059.84,C1715312754,0.0,0.0,C1478931958,1403444.54,1538504.38,0,0
180,PAYMENT,4674.66,C1091098263,0.0,0.0,M2090869431,0.0,0.0,0,0
180,PAYMENT,9196.11,C1136115564,0.0,0.0,M1529212588,0.0,0.0,0,0
180,TRANSFER,1750460.41,C25657170,12122.0,0.0,C906518127,108472.14,1858932.56,0,0
180,CASH_OUT,176331.57,C1235255536,21702.0,0.0,C171614884,55124.19,231455.76,0,0
180,PAYMENT,26307.29,C1226488053,380087.92,353780.63,M748757749,0.0,0.0,0,0
180,CASH_IN,11500.46,C461359875,4424519.68,4436020.13,C1490604813,1329516.5,1318016.04,0,0
180,CASH_OUT,118737.99,C552633152,11526.0,0.0,C830795836,490556.25,609294.25,0,0
180,CASH_OUT,95976.13,C1030456863,11355.0,0.0,C629908648,0.0,95976.13,0,0
180,PAYMENT,1325.39,C1082257006,168356.04,167030.65,M63176469,0.0,0.0,0,0
180,CASH_IN,77990.64,C386449213,2614961.98,2692952.62,C695950382,2443282.27,2365291.63,0,0
180,PAYMENT,2754.93,C271493636,3477.0,722.07,M695061128,0.0,0.0,0,0
180,CASH_IN,78034.12,C780349687,24689997.95,24768032.07,C2007670373,3465316.66,3387282.54,0,0
180,CASH_OUT,356826.1,C1879006936,0.0,0.0,C13329486,913517.3,1270343.4,0,0
180,PAYMENT,19126.26,C626200022,0.0,0.0,M313025336,0.0,0.0,0,0
180,CASH_IN,2980.63,C191484192,10316174.59,10319155.22,C1974976909,28870.4,25889.78,0,0
180,CASH_OUT,452117.23,C416860325,12712.02,0.0,C428931412,10249631.15,10632037.62,0,0
180,CASH_IN,222640.07,C1319920434,3234985.68,3457625.75,C703461650,3613061.48,3390421.41,0,0
180,PAYMENT,1358.08,C799724350,0.0,0.0,M225302115,0.0,0.0,0,0
180,CASH_OUT,176591.78,C1128941256,0.0,0.0,C1860311601,696992.73,873584.51,0,0
180,CASH_OUT,229484.67,C788705646,0.0,0.0,C610972378,595655.0,825139.67,0,0
180,PAYMENT,19994.78,C1992084116,816639.09,796644.31,M1818047168,0.0,0.0,0,0
180,CASH_OUT,35165.82,C624934457,0.0,0.0,C1327690053,139268.89,174434.71,0,0
180,CASH_IN,136280.04,C1463293829,366656.0,502936.04,C844229902,57160.01,0.0,0,0
180,CASH_OUT,165009.03,C1422939317,15677.0,0.0,C1604027935,0.0,165009.03,0,0
180,PAYMENT,12076.99,C1481941802,0.0,0.0,M499171840,0.0,0.0,0,0
180,CASH_OUT,248732.23,C1133795018,280746.28,32014.05,C1906090907,1523280.93,1772013.15,0,0
180,CASH_OUT,393849.76,C513469234,10229.0,0.0,C196022791,998672.44,1392522.19,0,0
180,CASH_IN,43859.84,C1963611509,2749497.5,2793357.34,C77737777,889469.7,845609.86,0,0
180,PAYMENT,3578.15,C1146096891,0.0,0.0,M1497795403,0.0,0.0,0,0
180,TRANSFER,522296.05,C428209798,0.0,0.0,C1774667750,947313.49,1469609.54,0,0
180,TRANSFER,210362.2,C1834445455,0.0,0.0,C1551430850,326802.28,537164.48,0,0
180,PAYMENT,15863.87,C1565507262,51807.0,35943.13,M1705270875,0.0,0.0,0,0
180,PAYMENT,5513.9,C1123493716,0.0,0.0,M177041900,0.0,0.0,0,0
180,CASH_IN,162444.16,C331259447,2662490.38,2824934.54,C547003516,3746051.95,3583607.8,0,0
180,CASH_OUT,115836.31,C1271087077,463.0,0.0,C1762252297,0.0,115836.31,0,0
180,CASH_IN,180660.59,C525814372,323656.0,504316.59,C1806170910,190491.72,9831.13,0,0
180,CASH_OUT,76353.82,C113728295,0.0,0.0,C1590590430,181883.25,258237.07,0,0
180,TRANSFER,1559765.14,C1931676093,226764.0,0.0,C1996923368,338419.58,1898184.73,0,0
180,CASH_OUT,32428.63,C868374076,0.0,0.0,C361374902,319669.75,352098.38,0,0
180,CASH_IN,224650.38,C715107897,7004.0,231654.38,C1301924961,216926.06,0.0,0,0
180,PAYMENT,11097.76,C1224250949,81585.0,70487.24,M1828277513,0.0,0.0,0,0
180,CASH_OUT,100980.62,C711527448,0.0,0.0,C2146887486,106983.42,207964.04,0,0
180,CASH_OUT,299161.19,C227707041,0.0,0.0,C1059298369,1592967.48,1892128.67,0,0
180,PAYMENT,14798.93,C2037146560,192869.77,178070.85,M368923260,0.0,0.0,0,0
180,CASH_OUT,79399.05,C539696432,96085.0,16685.95,C164257564,290005.82,369404.87,0,0
180,CASH_OUT,208936.86,C665559443,50503.0,0.0,C6225012,0.0,208936.86,0,0
180,CASH_OUT,140267.47,C1789574891,0.0,0.0,C415485950,275134.96,415402.44,0,0
180,CASH_OUT,213319.73,C810557851,0.0,0.0,C276749517,400224.56,613544.29,0,0
180,TRANSFER,1248832.63,C1215909023,0.0,0.0,C2078719816,2777653.34,4026485.97,0,0
180,CASH_IN,426351.73,C986814119,68816.0,495167.73,C486233934,1043056.8,616705.07,0,0
180,CASH_OUT,108077.4,C226366087,26460.0,0.0,C941408582,2232771.02,2340848.43,0,0
180,CASH_IN,120019.55,C190797997,10878874.94,10998894.48,C893680055,1393877.89,1273858.35,0,0
180,CASH_OUT,487901.18,C1840107428,21448.0,0.0,C608349145,335756.76,823657.94,0,0
180,CASH_IN,75599.25,C2073070019,298411.0,374010.25,C506243487,0.0,0.0,0,0
180,CASH_OUT,34210.62,C2123327765,0.0,0.0,C1310427156,587989.49,622200.11,0,0
180,CASH_IN,109123.4,C1754659554,20987.0,130110.4,C1161241374,1038476.79,929353.38,0,0
181,CASH_IN,59526.82,C1084947602,268415.14,327941.96,C979822225,304891.84,245365.02,0,0
181,CASH_OUT,460075.93,C311949931,0.0,0.0,C2026810301,611254.08,1071330.01,0,0
181,CASH_OUT,51013.76,C1679711332,0.0,0.0,C959598703,294691.0,345704.76,0,0
181,CASH_IN,100268.52,C1866338551,1600665.74,1700934.27,C1685140940,2592691.59,2492423.07,0,0
181,CASH_IN,5026.24,C431798449,4785448.26,4790474.5,C131989541,286239.8,281213.56,0,0
181,PAYMENT,47004.56,C279111463,31662.0,0.0,M317440890,0.0,0.0,0,0
181,TRANSFER,267338.74,C1592637093,0.0,0.0,C943862043,8399313.8,8666652.54,0,0
181,PAYMENT,26271.08,C1064853222,0.0,0.0,M1543359733,0.0,0.0,0,0
181,CASH_OUT,140134.09,C2136973854,0.0,0.0,C1968958228,835206.41,975340.5,0,0
181,CASH_OUT,52235.39,C1010262146,0.0,0.0,C251272236,157873.31,210108.7,0,0
181,PAYMENT,15822.79,C1830815354,1059.0,0.0,M1476860788,0.0,0.0,0,0
181,CASH_OUT,438594.89,C2008626324,0.0,0.0,C1742193715,5239719.35,5678314.24,0,0
181,CASH_OUT,118964.86,C1671677631,0.0,0.0,C1908184726,489630.76,608595.62,0,0
181,PAYMENT,2139.87,C879859510,0.0,0.0,M927720909,0.0,0.0,0,0
181,TRANSFER,1013124.98,C685909210,0.0,0.0,C285778272,7365250.53,8378375.51,0,0
181,PAYMENT,31731.24,C498018920,0.0,0.0,M125348044,0.0,0.0,0,0
181,PAYMENT,7507.58,C950201829,0.0,0.0,M688075603,0.0,0.0,0,0
181,PAYMENT,13195.55,C50580912,0.0,0.0,M1394489066,0.0,0.0,0,0
181,PAYMENT,15417.41,C1587370654,0.0,0.0,M1324673811,0.0,0.0,0,0
181,CASH_OUT,37621.41,C1518892243,45746.0,8124.59,C1917873067,13137.46,50758.87,0,0
181,PAYMENT,9255.67,C1587646443,0.0,0.0,M764020148,0.0,0.0,0,0
181,PAYMENT,8534.82,C867426347,115.0,0.0,M1125280657,0.0,0.0,0,0
181,CASH_OUT,221568.7,C1531973929,20187.0,0.0,C2054722545,5303.4,226872.1,0,0
181,CASH_OUT,185414.02,C973205267,6046.0,0.0,C875917495,13587792.52,14374099.01,0,0
181,CASH_OUT,164270.99,C119733371,67792.44,0.0,C1800131173,1891256.77,2204387.73,0,0
181,CASH_OUT,7693.17,C386615580,11443.0,3749.83,C197495749,72596.66,80289.83,0,0
181,CASH_OUT,146936.62,C871216031,20779.0,0.0,C1615290450,0.0,146936.62,0,0
181,CASH_OUT,72438.26,C538133485,209.0,0.0,C328203348,0.0,72438.26,0,0
181,PAYMENT,3158.51,C1509329140,185276.0,182117.49,M949335078,0.0,0.0,0,0
181,CASH_IN,282661.32,C373466835,393.0,283054.32,C1418029546,47241.61,0.0,0,0
181,CASH_IN,78683.12,C1561037133,1729783.78,1808466.9,C44932266,1850417.1,1771733.98,0,0
181,PAYMENT,24182.19,C1912651541,109377.98,85195.78,M480817184,0.0,0.0,0,0
181,PAYMENT,6778.9,C304545082,0.0,0.0,M517781695,0.0,0.0,0,0
181,CASH_OUT,417309.17,C1112685215,20913.0,0.0,C1668283479,208167.74,625476.91,0,0
181,CASH_IN,172176.5,C1343921012,8831919.03,9004095.53,C990738723,1736471.23,1564294.73,0,0
181,CASH_OUT,211264.23,C1542316150,25148.0,0.0,C1345763155,153414.1,364678.33,0,0
181,CASH_OUT,63198.55,C2088785710,0.0,0.0,C105648368,440678.69,503877.25,0,0
181,CASH_OUT,377572.04,C1890872448,0.0,0.0,C1719576854,2358822.15,2736394.19,0,0
181,CASH_OUT,141515.92,C228553014,30793.0,0.0,C1115162867,2114308.77,2255824.69,0,0
181,CASH_OUT,283568.64,C1068280539,0.0,0.0,C1333658308,423019.21,706587.84,0,0
181,TRANSFER,2717046.08,C838028464,1369.0,0.0,C1893188819,75709.65,2792755.73,0,0
181,CASH_OUT,68915.41,C1054994665,16213.0,0.0,C1335902501,2818328.18,2887243.6,0,0
181,PAYMENT,367.95,C457137425,0.0,0.0,M1290212026,0.0,0.0,0,0
181,PAYMENT,10484.34,C2028489304,30997.0,20512.66,M857391813,0.0,0.0,0,0
181,PAYMENT,13153.23,C427520428,16808.0,3654.77,M1137820967,0.0,0.0,0,0
182,CASH_OUT,70350.75,C439486163,24012.0,0.0,C1219508203,0.0,70350.75,0,0
182,CASH_IN,254990.08,C432349074,2397382.58,2652372.66,C533442136,5842115.7,5587125.62,0,0
182,CASH_IN,4463.43,C620278582,3123278.62,3127742.05,C223022284,236737.62,232274.19,0,0
182,CASH_IN,326123.94,C1276841743,4073156.37,4399280.3,C1792762595,1199538.78,873414.85,0,0
182,PAYMENT,9907.11,C2070018679,153096.88,143189.77,M150773089,0.0,0.0,0,0
182,PAYMENT,14298.68,C1381339443,0.0,0.0,M339502285,0.0,0.0,0,0
182,PAYMENT,4443.56,C1444346376,0.0,0.0,M811363343,0.0,0.0,0,0
182,CASH_OUT,184602.44,C1921525332,15043.0,0.0,C254922894,180112.9,364715.34,0,0
182,PAYMENT,9667.31,C364158936,23483.0,13815.69,M2121005931,0.0,0.0,0,0
182,CASH_OUT,230315.39,C1070788519,0.0,0.0,C612076653,3321673.88,3551989.26,0,0
182,PAYMENT,45089.01,C176755709,0.0,0.0,M1710329907,0.0,0.0,0,0
182,DEBIT,6884.58,C835040248,10745.0,3860.42,C692303021,268028.14,274912.73,0,0
182,CASH_IN,148305.16,C1072863023,15856.0,164161.16,C682235594,769607.34,621302.18,0,0
182,TRANSFER,344516.9,C28732957,0.0,0.0,C2084088857,1733953.07,2078469.97,0,0
182,PAYMENT,15741.12,C1382678837,40243.0,24501.88,M1182545481,0.0,0.0,0,0
182,CASH_IN,59466.58,C714104833,3095083.37,3154549.96,C1079717397,2091212.61,2031746.03,0,0
182,PAYMENT,10620.46,C1912938988,0.0,0.0,M848317807,0.0,0.0,0,0
182,CASH_OUT,48666.62,C1545643965,9192.0,0.0,C1338366035,919888.98,968555.61,0,0
182,CASH_OUT,141328.04,C897587046,85698.0,0.0,C1053366010,437141.07,578469.11,0,0
182,CASH_IN,226145.18,C1192939570,100537.0,326682.18,C1613725224,1084628.07,858482.9,0,0
182,PAYMENT,29248.92,C61715331,276573.24,247324.32,M407670718,0.0,0.0,0,0
182,CASH_OUT,311714.41,C1319994085,10674.0,0.0,C1035434845,169926.35,481640.76,0,0
182,CASH_OUT,136403.56,C771796870,0.0,0.0,C355243817,252050.92,388454.48,0,0
182,PAYMENT,1341.06,C1266732186,0.0,0.0,M2124994892,0.0,0.0,0,0
182,CASH_IN,104557.86,C1765069424,7564175.45,7668733.31,C459228785,12722073.0,12617515.13,0,0
182,CASH_IN,248533.46,C1385581518,103632.0,352165.46,C1403018964,1670733.43,1422199.96,0,0
182,PAYMENT,10436.78,C525480544,0.0,0.0,M1284586204,0.0,0.0,0,0
182,PAYMENT,5198.56,C360372454,168.0,0.0,M1571509259,0.0,0.0,0,0
182,CASH_OUT,222121.92,C1337527086,751.0,0.0,C1127559472,49386.31,329033.53,0,0
182,CASH_OUT,918140.34,C935979521,0.0,0.0,C1892915891,2042091.39,2960231.74,0,0
182,CASH_OUT,149930.45,C853455571,0.0,0.0,C494975540,168976.39,318906.83,0,0
182,PAYMENT,36331.57,C1650671654,191842.77,155511.2,M262627272,0.0,0.0,0,0
182,PAYMENT,6185.67,C169027863,318515.15,312329.49,M307044927,0.0,0.0,0,0
182,CASH_OUT,436501.56,C1295617734,0.0,0.0,C859009954,2833976.94,3772949.7,0,0
182,PAYMENT,17286.53,C1640745920,26482.0,9195.47,M1763356240,0.0,0.0,0,0
182,PAYMENT,8656.39,C1011141235,0.0,0.0,M1168120244,0.0,0.0,0,0
182,CASH_OUT,25805.01,C465066918,321.0,0.0,C1658614439,999101.66,1024906.67,0,0
182,PAYMENT,6608.37,C964481004,101599.0,94990.63,M629456321,0.0,0.0,0,0
182,CASH_IN,52153.14,C224464900,343421.0,395574.14,C277204602,206770.95,154617.81,0,0
182,CASH_OUT,282982.6,C1196644884,0.0,0.0,C950796898,1669239.71,1952222.31,0,0
183,PAYMENT,179.04,C1823048834,0.0,0.0,M944079121,0.0,0.0,0,0
183,PAYMENT,12934.29,C477068707,112526.0,99591.71,M912895037,0.0,0.0,0,0
183,CASH_OUT,138589.62,C1227497517,20955.0,0.0,C1062067802,0.0,138589.62,0,0
183,CASH_IN,126066.21,C538007561,64617.0,190683.21,C1059388837,0.0,0.0,0,0
183,CASH_IN,367400.4,C1403098693,74228.0,441628.4,C1457799669,112982.39,0.0,0,0
183,CASH_IN,37489.3,C1619744033,52836.0,90325.3,C1241580911,0.0,0.0,0,0
183,CASH_IN,162505.41,C1726737071,1332651.51,1495156.92,C942509674,335271.57,172766.17,0,0
183,PAYMENT,15341.87,C1762513782,25395.92,10054.04,M1480664403,0.0,0.0,0,0
183,CASH_OUT,501340.74,C1135062806,42252.0,0.0,C987910457,3547675.99,4049016.73,0,0
183,CASH_OUT,186390.57,C1136375334,101961.0,0.0,C2131929782,3104474.07,3290864.64,0,0
183,CASH_OUT,60044.47,C1524528556,49785.0,0.0,C2037764069,1055.0,0.0,0,0
183,PAYMENT,9553.18,C1671257878,32484.74,22931.56,M99265805,0.0,0.0,0,0
183,TRANSFER,403950.44,C1955046025,51751.0,0.0,C1261341691,1238586.81,1642537.24,0,0
183,CASH_IN,130949.17,C788969959,7375432.16,7506381.33,C1167286875,1304475.63,1173526.46,0,0
183,PAYMENT,21531.77,C2059360453,5017.0,0.0,M592127676,0.0,0.0,0,0
183,CASH_OUT,13489.06,C456432032,11173.0,0.0,C50432377,376934.48,390423.55,0,0
183,CASH_OUT,149531.36,C1005222575,9913.0,0.0,C1863921122,0.0,149531.36,0,0
183,PAYMENT,8863.14,C1004761381,0.0,0.0,M1982900468,0.0,0.0,0,0
183,CASH_IN,37733.09,C527397872,3206370.94,3244104.02,C347967630,931598.9,893865.81,0,0
183,PAYMENT,8417.36,C803145985,216511.67,208094.31,M191876684,0.0,0.0,0,0
183,PAYMENT,7360.51,C870197000,0.0,0.0,M901728531,0.0,0.0,0,0
183,CASH_OUT,285705.78,C1233793923,0.0,0.0,C1967069015,508733.18,794438.96,0,0
183,CASH_OUT,378757.88,C565711903,11217.0,0.0,C1018350693,133536.68,512294.57,0,0
183,CASH_IN,330402.82,C1728492777,2535966.15,2866368.96,C2097313079,2306878.58,1976475.76,0,0
183,PAYMENT,20917.55,C980698494,7330.13,0.0,M1409001949,0.0,0.0,0,0
183,CASH_OUT,11499.22,C2008213803,198517.0,187017.78,C298530558,0.0,11499.22,0,0
183,CASH_IN,161568.94,C1446045828,7048.0,168616.94,C197646966,0.0,0.0,0,0
183,PAYMENT,25412.6,C2140793478,577641.53,552228.93,M1882878963,0.0,0.0,0,0
183,PAYMENT,18518.85,C1046247302,0.0,0.0,M1743124720,0.0,0.0,0,0
183,CASH_IN,287164.36,C1580800916,182.0,287346.36,C647425969,0.0,0.0,0,0
183,CASH_OUT,304099.47,C1346140655,0.0,0.0,C66016182,3756990.11,4061089.58,0,0
183,CASH_IN,336855.77,C1018205531,9067339.08,9404194.85,C916936036,340500.71,3644.94,0,0
183,CASH_IN,449329.02,C1444590570,24877.0,474206.02,C1191955245,46039.1,0.0,0,0
183,CASH_OUT,379881.18,C1438572945,33895.0,0.0,C1040179160,167924.83,547806.02,0,0
183,TRANSFER,978966.06,C1594221139,0.0,0.0,C481597822,1359213.3,2338179.37,0,0
183,CASH_OUT,385423.66,C1600240507,0.0,0.0,C1493750094,4979321.5,5364745.15,0,0
183,CASH_OUT,179783.85,C231994271,0.0,0.0,C1034703696,204400.88,384184.73,0,0
183,CASH_OUT,172396.37,C276273327,11155.0,0.0,C1955069876,864814.01,1037210.38,0,0
183,CASH_OUT,101559.12,C971304907,41411.0,0.0,C684599620,0.0,101559.12,0,0
183,PAYMENT,10223.27,C1686964571,0.0,0.0,M393217361,0.0,0.0,0,0
183,CASH_IN,412990.98,C501954658,129107.0,542097.98,C1815196688,3630813.05,3217822.07,0,0
183,PAYMENT,12534.98,C1325399019,465072.43,452537.45,M1372811201,0.0,0.0,0,0
183,PAYMENT,20991.06,C1600921365,0.0,0.0,M1589154098,0.0,0.0,0,0
183,PAYMENT,7459.35,C80701636,22285.0,14825.65,M1048740255,0.0,0.0,0,0
183,PAYMENT,12803.38,C613540922,70.0,0.0,M158820246,0.0,0.0,0,0
183,CASH_OUT,72885.28,C1114474971,307292.0,234406.72,C1273550610,0.0,72885.28,0,0
183,CASH_IN,108690.11,C1539954364,19797.0,128487.11,C1775330531,1721937.77,1613247.66,0,0
183,PAYMENT,37418.85,C1808846000,0.0,0.0,M1641058069,0.0,0.0,0,0
183,PAYMENT,10295.94,C1526462771,35508.75,25212.81,M760209369,0.0,0.0,0,0
183,PAYMENT,34340.46,C5971692,40728.64,6388.18,M109029572,0.0,0.0,0,0
184,CASH_OUT,444109.18,C2044613970,160536.83,0.0,C608737832,955374.46,1663145.31,0,0
184,CASH_OUT,276276.1,C418296714,671.0,0.0,C1117704054,237386.61,513662.72,0,0
184,PAYMENT,6564.44,C2115434216,16958.12,10393.68,M2124649497,0.0,0.0,0,0
184,CASH_OUT,150742.68,C1633245092,0.0,0.0,C522786464,581931.35,732674.04,0,0
184,CASH_IN,384045.51,C754776385,11599.0,395644.51,C79971626,863646.31,419470.37,0,0
184,CASH_IN,269872.58,C1325519573,52234.0,322106.58,C667644290,0.0,0.0,0,0
184,PAYMENT,12367.54,C1801001144,154847.22,142479.68,M1728291663,0.0,0.0,0,0
184,CASH_IN,134120.29,C2036657271,101104.0,235224.29,C2073336099,208441.48,296992.3,0,0
184,CASH_OUT,243486.53,C2037873866,2734.0,0.0,C827876871,0.0,243486.53,0,0
184,CASH_OUT,276915.52,C876850738,0.0,0.0,C1004287379,2401061.44,2677976.96,0,0
184,TRANSFER,351767.26,C1912811779,166.0,0.0,C1833467691,8862815.88,9214583.14,0,0
184,CASH_IN,206448.74,C1192649286,31404.0,237852.74,C1906486665,432130.88,225682.15,0,0
184,CASH_OUT,23000.81,C1475470152,0.0,0.0,C2074774762,233446.48,256447.3,0,0
184,PAYMENT,16302.01,C877954894,104203.18,87901.16,M1474781803,0.0,0.0,0,0
184,CASH_IN,58098.67,C1344548500,25620838.56,25678937.22,C528970283,835296.58,777197.91,0,0
184,CASH_OUT,38728.55,C1754275296,0.0,0.0,C1073782658,878345.53,917074.07,0,0
184,CASH_OUT,251569.55,C972167484,0.0,0.0,C903161994,349657.54,601227.09,0,0
184,TRANSFER,1933442.31,C849414671,511920.21,0.0,C1127955844,2012375.0,3945817.31,0,0
184,CASH_IN,449990.31,C1389876810,126.0,450116.31,C1931109030,4127437.53,3677447.22,0,0
184,PAYMENT,14130.92,C931307366,396343.17,382212.24,M1798103384,0.0,0.0,0,0
184,PAYMENT,14683.43,C2112507389,268601.64,253918.21,M81097024,0.0,0.0,0,0
184,CASH_OUT,121632.89,C289419220,0.0,0.0,C581030723,1039674.91,1161307.79,0,0
184,PAYMENT,4383.51,C1249448631,602.0,0.0,M1042068188,0.0,0.0,0,0
184,PAYMENT,18702.45,C1150228408,188460.47,169758.02,M1845126382,0.0,0.0,0,0
184,CASH_IN,280240.44,C17785127,5171541.14,5451781.58,C759227456,8264245.44,7984005.0,0,0
184,CASH_OUT,101688.97,C1334295503,0.0,0.0,C755613173,6991932.59,7093621.56,0,0
184,CASH_IN,196210.43,C198513903,4198444.05,4394654.48,C185196393,2328694.45,2132484.02,0,0
184,CASH_OUT,211197.17,C294612204,0.0,0.0,C1751506684,5950157.53,6161354.69,0,0
184,TRANSFER,414115.18,C1130783424,0.0,0.0,C962542801,2885833.45,3299948.62,0,0
184,CASH_IN,275422.64,C850422192,9182.0,284604.64,C2015584714,82427.08,0.0,0,0
184,CASH_IN,128329.74,C1723238298,115224.0,243553.74,C1303614149,0.0,0.0,0,0
184,CASH_OUT,86835.8,C481112676,238925.46,152089.66,C791046774,1945103.08,2031938.88,0,0
184,PAYMENT,16948.53,C1380161723,604623.41,587674.89,M381979933,0.0,0.0,0,0
184,PAYMENT,6917.45,C1907554106,0.0,0.0,M2036988458,0.0,0.0,0,0
184,CASH_OUT,133631.08,C110556501,148.0,0.0,C910152189,25461.99,159093.07,0,0
184,CASH_OUT,91529.58,C1713810705,0.0,0.0,C641214674,2006085.5,2097615.08,0,0
184,CASH_IN,90687.53,C594792269,14620285.23,14710972.76,C1485172763,166355.91,75668.37,0,0
184,CASH_OUT,179418.53,C994750430,11542.0,0.0,C1065241977,0.0,179418.53,0,0
184,CASH_OUT,226370.59,C569728223,24178.71,0.0,C1602080564,293780.25,520150.84,0,0
184,TRANSFER,1721610.05,C1896660756,10776.0,0.0,C545691809,2126.66,1723736.71,0,0
184,PAYMENT,7190.34,C1921932592,82589.0,75398.66,M1718230736,0.0,0.0,0,0
184,TRANSFER,986598.78,C82018852,12487.0,0.0,C1204956931,13649.17,1000247.94,0,0
184,CASH_OUT,83338.24,C1660728128,30291.0,0.0,C477771586,86822.76,170161.0,0,0
184,CASH_IN,35315.84,C522889415,6459905.71,6495221.55,C1950539623,86214.28,50898.44,0,0
184,CASH_IN,411735.43,C1387666922,1614894.39,2026629.83,C645674832,2769087.33,2357351.9,0,0
184,CASH_OUT,154158.37,C1941055360,0.0,0.0,C363586244,612898.76,767057.13,0,0
184,CASH_IN,85786.0,C422091999,10217.0,96003.0,C1790170056,770356.36,684570.37,0,0
184,PAYMENT,32646.24,C1369299473,125642.38,92996.14,M491466340,0.0,0.0,0,0
184,CASH_OUT,146477.46,C63404792,229.0,0.0,C882727762,562639.42,709116.88,0,0
184,CASH_OUT,70155.3,C1719276937,10146.0,0.0,C939060852,0.0,70155.3,0,0
185,CASH_OUT,8552.91,C941612736,0.0,0.0,C583340511,2190756.56,2199309.47,0,0
185,PAYMENT,15307.66,C952932505,292159.05,276851.39,M585518301,0.0,0.0,0,0
185,PAYMENT,7700.75,C212401710,0.0,0.0,M1521448056,0.0,0.0,0,0
185,CASH_OUT,255915.51,C1379590572,31006.0,0.0,C2120767719,0.0,255915.51,0,0
185,CASH_IN,15133.73,C687791972,10199.0,25332.73,C462407578,1571258.99,1556125.26,0,0
185,CASH_OUT,107634.64,C738580451,22005.0,0.0,C852211622,0.0,107634.64,0,0
185,CASH_IN,119824.74,C690224721,39465.0,159289.74,C2085170678,335671.73,215846.99,0,0
185,CASH_OUT,115721.03,C54984321,25537.48,0.0,C1798406363,4281431.64,4397152.66,0,0
185,CASH_OUT,267588.65,C2140370044,0.0,0.0,C568061228,799802.33,1067390.98,0,0
185,CASH_OUT,261978.42,C875011172,0.0,0.0,C1389844993,1920897.85,2182876.27,0,0
185,CASH_OUT,106057.57,C1487268064,142380.0,36322.43,C1653157398,222602.55,328660.12,0,0
185,PAYMENT,12435.91,C654369739,141114.0,128678.09,M463839336,0.0,0.0,0,0
185,CASH_OUT,257071.76,C1935812409,6775.0,0.0,C1740059908,9189288.99,9446360.76,0,0
185,PAYMENT,7910.55,C1649398985,0.0,0.0,M1754740351,0.0,0.0,0,0
185,CASH_OUT,279719.71,C33602062,0.0,0.0,C1637157819,8910912.28,9190631.99,0,0
185,PAYMENT,38681.99,C143106582,11432.0,0.0,M501465722,0.0,0.0,0,0
185,CASH_OUT,3217.12,C1936674969,15272.0,12054.88,C1257881038,0.0,3217.12,0,0
185,CASH_IN,205155.18,C1840720195,3722508.18,3927663.35,C46182322,356316.68,151161.5,0,0
185,CASH_IN,128755.67,C894285934,1661309.87,1790065.54,C1665312707,2879070.22,2750314.56,0,0
185,PAYMENT,1034.41,C381236276,0.0,0.0,M1933240865,0.0,0.0,0,0
185,PAYMENT,11133.24,C1985392388,0.0,0.0,M878958122,0.0,0.0,0,0
185,CASH_IN,157373.2,C856954652,3213768.17,3371141.37,C1898364205,578549.38,421176.18,0,0
185,PAYMENT,51603.58,C2105907088,123522.05,71918.47,M1975261100,0.0,0.0,0,0
185,PAYMENT,5286.53,C1781561885,0.0,0.0,M1689971002,0.0,0.0,0,0
185,PAYMENT,15963.16,C218252803,69123.0,53159.84,M1707927001,0.0,0.0,0,0
185,CASH_OUT,292153.37,C619301689,0.0,0.0,C1892491035,10336641.86,10628795.24,0,0
185,PAYMENT,7356.53,C453388792,0.0,0.0,M489200396,0.0,0.0,0,0
185,CASH_OUT,76257.61,C1975937104,61434.0,0.0,C1447772866,0.0,76257.61,0,0
185,TRANSFER,1387172.92,C174242798,10731.0,0.0,C1991409601,22562698.31,23949871.23,0,0
185,CASH_IN,29522.71,C590892128,49676.0,79198.71,C1789753342,0.0,0.0,0,0
185,CASH_IN,103412.65,C467381896,1101.0,104513.65,C1720971172,5960274.76,5856862.1,0,0
185,CASH_OUT,229622.49,C57172468,1959.0,0.0,C720733577,1766384.31,1996006.8,0,0
185,CASH_OUT,160389.45,C111843628,0.0,0.0,C701689723,925136.94,1085526.39,0,0
185,CASH_IN,148985.2,C1167340053,3505813.32,3654798.52,C2041657341,361079.32,212094.12,0,0
185,PAYMENT,9830.18,C509627706,3648.86,0.0,M1432145835,0.0,0.0,0,0
185,CASH_IN,54477.07,C179327009,60198.0,114675.07,C1793289023,0.0,0.0,0,0
185,CASH_IN,125224.76,C1984733313,597074.0,722298.76,C1356151949,807326.37,682101.61,0,0
185,CASH_OUT,152007.08,C1599696922,0.0,0.0,C1163677840,551220.94,703228.02,0,0
185,PAYMENT,12344.27,C921896785,0.0,0.0,M1777982386,0.0,0.0,0,0
185,TRANSFER,130591.44,C1270521569,0.0,0.0,C1765011918,3078935.76,3209527.21,0,0
185,PAYMENT,449.76,C37635961,0.0,0.0,M1212755396,0.0,0.0,0,0
185,TRANSFER,747815.51,C2131677379,0.0,0.0,C711324303,1496343.76,2244159.27,0,0
185,PAYMENT,29468.17,C865339161,258756.0,229287.83,M1509951948,0.0,0.0,0,0
185,TRANSFER,233198.06,C1676246774,81148.0,0.0,C696337457,9095475.1,9328673.16,0,0
185,CASH_OUT,114025.01,C1895987105,0.0,0.0,C2114618350,496701.53,610726.54,0,0
185,CASH_OUT,327185.53,C28231905,95694.0,0.0,C300620164,0.0,327185.53,0,0
185,PAYMENT,1548.13,C897842765,0.0,0.0,M29877940,0.0,0.0,0,0
185,CASH_IN,17145.81,C567329442,503612.0,520757.81,C1762584880,222377.63,67833.28,0,0
185,CASH_IN,234770.24,C340334249,3211464.72,3446234.96,C1496526196,376169.12,141398.89,0,0
185,CASH_IN,219480.81,C1722304110,8544844.79,8764325.6,C373787058,1193532.84,974052.03,0,0
186,CASH_IN,84691.84,C1763932582,226443.1,311134.94,C1772253404,536008.94,478226.4,0,0
186,CASH_OUT,210219.33,C1418251754,123749.45,0.0,C2126659995,1569831.11,1780050.44,0,0
186,CASH_IN,3278.04,C1749621756,9191567.57,9194845.61,C1252395965,133198.99,129920.95,0,0
186,CASH_IN,260577.26,C1400166976,243544.75,504122.01,C816919821,333183.77,72606.51,0,0
186,CASH_OUT,19387.23,C775031510,328554.0,309166.77,C2119889806,2079386.81,2098774.04,0,0
186,CASH_OUT,301284.29,C1885521294,1228.0,0.0,C2097458881,2642983.33,2944267.62,0,0
186,CASH_IN,105295.39,C278919553,8534289.9,8639585.29,C46489330,4389468.06,4284172.67,0,0
186,PAYMENT,14158.45,C230623886,299065.77,284907.32,M652700279,0.0,0.0,0,0
186,CASH_OUT,234661.98,C715333924,0.0,0.0,C1228644,455397.64,690059.62,0,0
186,CASH_OUT,3572.58,C435074854,0.0,0.0,C1456071719,226926.04,230498.62,0,0
186,CASH_OUT,62923.2,C1929934063,0.0,0.0,C843096957,2057595.01,2120518.21,0,0
186,CASH_IN,169759.21,C703176727,536400.85,706160.06,C942428133,1553728.9,1383969.69,0,0
186,CASH_OUT,107089.83,C884143568,0.0,0.0,C1285819005,1100944.56,1208034.39,0,0
186,TRANSFER,947324.41,C1742020185,9743.0,0.0,C283801088,246635.4,1193959.81,0,0
186,CASH_OUT,153187.46,C356518471,51421.0,0.0,C1891260645,0.0,153187.46,0,0
186,TRANSFER,125276.9,C1261209722,0.0,0.0,C1231373551,8555039.55,8680316.44,0,0
186,PAYMENT,14750.97,C485183134,635425.0,620674.03,M1833478624,0.0,0.0,0,0
186,CASH_IN,163617.53,C1018924906,24828.0,188445.53,C1472786337,290398.42,126780.89,0,0
186,CASH_OUT,75619.84,C16808186,265156.2,189536.36,C2146652369,108765.52,184385.36,0,0
186,PAYMENT,8128.25,C1649790317,0.0,0.0,M1206425860,0.0,0.0,0,0
186,CASH_OUT,48361.93,C1423859963,0.0,0.0,C285343586,1118034.57,1166396.5,0,0
186,CASH_IN,354581.89,C397362776,1597619.84,1952201.73,C2139217402,1222958.78,868376.9,0,0
186,PAYMENT,3242.06,C876512546,418843.28,415601.22,M1030652259,0.0,0.0,0,0
186,CASH_IN,63923.0,C232352248,5330.0,69253.0,C2003893764,131209.08,67286.07,0,0
186,PAYMENT,6088.22,C1821321663,142450.51,136362.29,M1377229268,0.0,0.0,0,0
186,CASH_OUT,249669.7,C1644002171,0.0,0.0,C1420824782,483479.24,733148.94,0,0
186,CASH_OUT,154732.65,C365483612,20041.0,0.0,C2079441909,1677011.47,1831744.12,0,0
186,CASH_IN,1983.58,C897576811,27247885.66,27249869.23,C1105788996,1079206.74,1178069.34,0,0
186,CASH_OUT,12238.61,C1690247174,33295.0,21056.39,C1458605482,187660.37,199898.98,0,0
186,CASH_IN,235164.4,C1670087567,10799399.55,11034563.94,C1026231181,1820379.34,1585214.95,0,0
186,PAYMENT,558.87,C1913246149,332.0,0.0,M697908411,0.0,0.0,0,0
186,TRANSFER,1007974.06,C1887856156,0.0,0.0,C1435477845,7290346.65,8298320.72,0,0
186,PAYMENT,35966.55,C1076490437,11684.0,0.0,M673866451,0.0,0.0,0,0
186,CASH_OUT,127499.79,C1872338387,29728.0,0.0,C2037306280,1076640.14,1204139.92,0,0
186,PAYMENT,20199.03,C273054508,455.0,0.0,M935148646,0.0,0.0,0,0
186,CASH_OUT,78267.66,C2072872525,105.0,0.0,C718167912,0.0,78267.66,0,0
186,CASH_OUT,26682.24,C293896518,256.0,0.0,C847395122,3162464.52,3189146.76,0,0
186,CASH_IN,119910.7,C453256513,96372.0,216282.7,C295451635,99696.4,0.0,0,0
186,CASH_IN,230620.05,C1080553247,23973438.64,24204058.69,C1155850058,8867468.4,8636848.35,0,0
186,CASH_IN,154095.21,C439016073,846.0,154941.21,C1678120364,2341331.89,2187236.68,0,0
186,CASH_IN,347083.5,C1889033394,10832.0,357915.5,C1522850354,0.0,0.0,0,0
186,CASH_OUT,151819.37,C168705573,0.0,0.0,C1994644909,234728.49,386547.85,0,0
186,PAYMENT,5253.91,C1443066758,0.0,0.0,M932419539,0.0,0.0,0,0
186,PAYMENT,3307.73,C1678255047,59749.37,56441.64,M1230089366,0.0,0.0,0,0
186,CASH_OUT,40186.33,C1763233167,21597.0,0.0,C970243443,0.0,40186.33,0,0
186,CASH_OUT,220323.5,C1793669254,0.0,0.0,C1048564488,241222.58,461546.08,0,0
186,PAYMENT,9574.26,C1938539845,0.0,0.0,M2122028602,0.0,0.0,0,0
186,CASH_OUT,176992.83,C1735786347,0.0,0.0,C851601093,615371.22,792364.06,0,0
186,PAYMENT,2331.65,C713283983,288812.9,286481.26,M1196067627,0.0,0.0,0,0
186,CASH_OUT,172636.89,C707281908,22215.0,0.0,C389359550,33360.91,205997.8,0,0
186,CASH_OUT,71364.37,C482667451,0.0,0.0,C189639251,393851.06,465215.43,0,0
186,PAYMENT,5825.84,C1479283280,0.0,0.0,M943857731,0.0,0.0,0,0
186,CASH_IN,119659.21,C1218551850,10418.0,130077.21,C1858597234,25063.08,0.0,0,0
186,CASH_OUT,195820.77,C1134146579,69414.0,0.0,C1147961490,90411.0,286231.77,0,0
186,CASH_OUT,304822.94,C1792719795,0.0,0.0,C1211897186,3691583.79,3996406.72,0,0
186,CASH_IN,349111.09,C1687258776,5339811.3,5688922.39,C215128404,5699160.97,5350049.88,0,0
186,CASH_IN,165938.41,C993334584,2023460.82,2189399.23,C11686818,236245.78,70307.37,0,0
186,CASH_OUT,92607.82,C42770258,85846.0,0.0,C1338642414,0.0,92607.82,0,0
186,CASH_IN,392203.52,C585141450,39873.0,432076.52,C2036263274,209176.25,0.0,0,0
186,CASH_OUT,141116.72,C189598678,0.0,0.0,C151296816,671721.76,812838.48,0,0
186,CASH_IN,101103.17,C268787716,2977785.5,3078888.67,C1148807585,467066.04,365962.86,0,0
186,CASH_IN,78008.8,C1959063837,5100662.14,5178670.95,C821694660,329120.64,251111.84,0,0
186,PAYMENT,8160.09,C1653249471,42735.46,34575.37,M831076941,0.0,0.0,0,0
186,PAYMENT,15165.16,C1255257254,13615.0,0.0,M28833466,0.0,0.0,0,0
186,CASH_OUT,54760.51,C606616827,30999.0,0.0,C503075905,0.0,54760.51,0,0
186,PAYMENT,10456.59,C1610533578,0.0,0.0,M1524897921,0.0,0.0,0,0
186,CASH_OUT,53962.08,C613729904,0.0,0.0,C1066280041,6128099.11,6182061.19,0,0
186,CASH_IN,205091.05,C1410730745,1138251.64,1343342.69,C1127479700,285175.97,80084.92,0,0
186,CASH_OUT,8178.93,C797721351,122124.63,113945.7,C1347396193,44101.0,0.0,0,0
187,PAYMENT,1162.19,C1600211159,0.0,0.0,M2044081738,0.0,0.0,0,0
187,PAYMENT,754.25,C1589268338,0.0,0.0,M106248285,0.0,0.0,0,0
187,CASH_OUT,185968.93,C606360627,6790.0,0.0,C2035641526,25370.03,211338.96,0,0
187,PAYMENT,12914.52,C608393997,202986.0,190071.48,M843130813,0.0,0.0,0,0
187,PAYMENT,4892.2,C51776599,0.0,0.0,M786525683,0.0,0.0,0,0
187,CASH_OUT,98679.03,C107695092,105820.0,7140.97,C1754458907,18919.03,117598.06,0,0
187,CASH_IN,44706.67,C75852338,113.0,44819.67,C1024560593,192001.86,147295.19,0,0
187,CASH_OUT,191785.72,C1732684260,50517.0,0.0,C1187288968,1588871.92,1780657.64,0,0
187,CASH_OUT,58573.17,C1513331415,0.0,0.0,C1666906751,702745.24,761318.42,0,0
187,PAYMENT,11916.85,C810718923,108064.0,96147.15,M1992267608,0.0,0.0,0,0
187,CASH_OUT,211495.91,C882480073,35571.0,0.0,C1439850566,1183098.05,1562659.84,0,0
187,TRANSFER,517743.92,C1998295299,6816.0,0.0,C850640683,53982.38,571726.3,0,0
187,CASH_OUT,64499.93,C1595485366,0.0,0.0,C1943970324,403571.18,468071.1,0,0
187,PAYMENT,6355.63,C1274637865,0.0,0.0,M2035275500,0.0,0.0,0,0
187,CASH_OUT,31893.26,C1948531472,17.0,0.0,C2057972153,120496.13,152389.39,0,0
187,PAYMENT,2247.17,C1128001046,0.0,0.0,M397492263,0.0,0.0,0,0
187,CASH_OUT,151404.36,C1545257918,0.0,0.0,C1920590293,262768.09,503471.46,0,0
187,CASH_OUT,229931.01,C717044123,294061.81,64130.8,C159551587,3075512.6,3305443.61,0,0
187,PAYMENT,11467.57,C678182112,146907.0,135439.43,M1352669438,0.0,0.0,0,0
187,CASH_IN,94041.07,C1895237801,18368352.33,18462393.4,C1844756890,648126.07,554085.0,0,0
187,CASH_IN,20816.1,C915318917,3169641.83,3190457.92,C1178833252,112630.17,91814.07,0,0
187,CASH_OUT,194166.65,C1863031559,10313.0,0.0,C1376994039,0.0,194166.65,0,0
187,PAYMENT,775.81,C2065607909,0.0,0.0,M1692377152,0.0,0.0,0,0
187,PAYMENT,1735.91,C1863851584,3768.0,2032.09,M347515338,0.0,0.0,0,0
187,DEBIT,2659.43,C2129597116,349930.0,347270.57,C1414757222,283573.38,286232.81,0,0
187,CASH_IN,257759.32,C1937017392,15333243.71,15591003.03,C938340274,7074857.5,6639819.56,0,0
187,PAYMENT,8510.64,C1849917224,130987.0,122476.36,M1320559138,0.0,0.0,0,0
187,CASH_OUT,5340.92,C1752026158,0.0,0.0,C1676175194,112166.84,117507.76,0,0
187,CASH_OUT,25502.31,C509430987,0.0,0.0,C1985823348,1577072.86,1602575.17,0,0
187,CASH_OUT,65361.45,C1437240616,0.0,0.0,C317480048,344695.87,410057.32,0,0
187,CASH_IN,108563.49,C1004765366,10616089.76,10724653.25,C1603943619,2076171.21,1967607.72,0,0
187,CASH_OUT,46703.63,C206307661,195139.0,148435.37,C949741873,160838.1,207541.72,0,0
187,CASH_OUT,116129.04,C1876477333,46264.0,0.0,C211814744,317248.25,433377.29,0,0
187,PAYMENT,4162.27,C1396211751,0.0,0.0,M700478595,0.0,0.0,0,0
187,CASH_IN,160592.13,C1349732011,995.0,161587.13,C1666038627,115936.28,0.0,0,0
187,PAYMENT,1985.5,C580886738,172342.9,170357.4,M1738134368,0.0,0.0,0,0
187,CASH_OUT,220200.97,C1294282718,0.0,0.0,C1395837245,408623.47,628824.44,0,0
187,CASH_IN,288652.42,C204145079,2604484.56,2893136.98,C1933801413,778917.79,490265.37,0,0
187,CASH_IN,11923.87,C537618037,252796.83,264720.7,C1680216977,344978.86,151937.78,0,0
187,PAYMENT,13999.17,C1643379170,0.0,0.0,M1774330081,0.0,0.0,0,0
187,PAYMENT,12320.82,C1374040172,18066.71,5745.88,M1163122785,0.0,0.0,0,0
187,CASH_IN,6012.8,C365080043,106640.0,112652.8,C1814672412,647283.91,641271.11,0,0
187,PAYMENT,16284.05,C130420838,0.0,0.0,M577258170,0.0,0.0,0,0
187,TRANSFER,381815.63,C1437338259,0.0,0.0,C337303143,383161.39,764977.03,0,0
187,CASH_OUT,41115.88,C43295404,0.0,0.0,C2084905045,2571508.29,2612624.17,0,0
187,PAYMENT,7424.14,C878182299,498196.0,490771.86,M1438387225,0.0,0.0,0,0
187,CASH_IN,220415.93,C1159958767,240600.0,461015.93,C287361131,174978.64,0.0,0,0
187,CASH_OUT,123334.88,C1671572920,51098.0,0.0,C1560684825,0.0,123334.88,0,0
187,TRANSFER,422030.66,C213055367,0.0,0.0,C1184828957,576113.37,998144.04,0,0
187,PAYMENT,7128.98,C427733313,0.0,0.0,M1626878756,0.0,0.0,0,0
187,PAYMENT,6500.48,C461521042,10998.0,4497.52,M289824031,0.0,0.0,0,0
187,CASH_OUT,151337.12,C1172840083,0.0,0.0,C1096187491,1054739.7,1206076.82,0,0
187,CASH_OUT,40574.97,C921547575,0.0,0.0,C2080366361,53813.53,94388.51,0,0
187,CASH_OUT,53970.09,C508926042,29747.0,0.0,C1578543427,0.0,53970.09,0,0
187,PAYMENT,18025.88,C821965349,0.0,0.0,M1804748379,0.0,0.0,0,0
187,CASH_OUT,140840.44,C1642791474,0.0,0.0,C1448329555,1522323.84,1663164.29,0,0
187,CASH_IN,504132.75,C1925517463,61529.0,565661.75,C17284782,0.0,0.0,0,0
187,TRANSFER,1160463.31,C722302245,11064.0,0.0,C1891738825,85567.15,1246030.46,0,0
187,PAYMENT,8329.29,C367053524,8166.0,0.0,M1170417628,0.0,0.0,0,0
187,CASH_IN,7180.59,C1846601302,5528891.58,5536072.17,C140206277,2054149.98,2046969.39,0,0
187,PAYMENT,1631.47,C1263994220,0.0,0.0,M1262104277,0.0,0.0,0,0
187,PAYMENT,10587.11,C448807546,2264.0,0.0,M1405006141,0.0,0.0,0,0
187,CASH_IN,161249.62,C1947516424,2964786.42,3126036.04,C800201652,2052403.74,1891154.12,0,0
187,PAYMENT,6336.89,C1856622105,0.0,0.0,M1366715913,0.0,0.0,0,0
187,CASH_IN,165277.94,C598954656,2279.0,167556.94,C2127127327,3175387.53,3010109.58,0,0
187,CASH_OUT,255015.25,C1045493226,5045.0,0.0,C2005811383,205811.03,460826.28,0,0
187,PAYMENT,16927.4,C2042996280,21297.0,4369.6,M61533470,0.0,0.0,0,0
187,CASH_IN,269479.79,C1054810590,5082295.79,5351775.57,C1110284472,299571.42,30091.63,0,0
187,TRANSFER,615425.42,C772985526,0.0,0.0,C1900056620,1446514.62,2061940.04,0,0
187,CASH_OUT,56993.05,C2128693953,40722.0,0.0,C900823889,0.0,56993.05,0,0
187,CASH_OUT,215804.14,C890104675,0.0,0.0,C1158788473,307408.27,523212.41,0,0
187,CASH_OUT,438766.66,C2073478480,0.0,0.0,C372251985,1486224.76,1924991.42,0,0
187,CASH_OUT,129405.03,C1704664158,21391.0,0.0,C1902506151,30912.48,160317.5,0,0
187,CASH_IN,137682.62,C144190354,163894.0,301576.62,C1300423782,648333.34,510650.73,0,0
187,CASH_OUT,36805.59,C1962906841,9906.0,0.0,C1513316379,368340.46,405146.05,0,0
187,TRANSFER,1003430.15,C558073788,1421.0,0.0,C282995598,27226.8,1030656.95,0,0
187,PAYMENT,4478.1,C1620501191,0.0,0.0,M1337135388,0.0,0.0,0,0
187,CASH_OUT,37594.7,C309774404,140103.16,102508.46,C731519581,0.0,37594.7,0,0
187,CASH_OUT,61443.23,C1455515197,30660.0,0.0,C973492919,1760317.0,1821760.23,0,0
187,PAYMENT,788.91,C635806625,0.0,0.0,M638229608,0.0,0.0,0,0
187,PAYMENT,287.23,C634082819,0.0,0.0,M2012787944,0.0,0.0,0,0
187,TRANSFER,567968.27,C313388390,0.0,0.0,C1612878259,1815343.58,2383311.85,0,0
187,CASH_OUT,160006.66,C1468432963,0.0,0.0,C951903871,2004805.39,2164812.05,0,0
187,CASH_OUT,317171.42,C635056148,157965.0,0.0,C442088781,0.0,317171.42,0,0
187,CASH_IN,36756.65,C854925974,5866687.72,5903444.38,C2038730877,537583.15,500826.5,0,0
187,CASH_IN,28403.04,C1540669386,2838628.29,2867031.33,C109137074,170321.56,141918.52,0,0
188,CASH_OUT,135545.5,C272537048,20037.0,0.0,C1229691805,0.0,135545.5,0,0
188,CASH_OUT,116084.89,C1765608976,0.0,0.0,C1085184864,917203.3,1033288.19,0,0
188,PAYMENT,14567.95,C412146475,168154.78,153586.82,M1747603211,0.0,0.0,0,0
188,CASH_OUT,102092.8,C1856889118,0.0,0.0,C124931148,387810.61,489903.42,0,0
188,CASH_OUT,107374.26,C1995264151,0.0,0.0,C1780404226,181188.5,288562.76,0,0
188,CASH_OUT,43536.8,C73458053,0.0,0.0,C866639185,1191765.99,1235302.78,0,0
188,CASH_IN,114899.6,C593713875,16398.0,131297.6,C1576771640,352479.11,237579.5,0,0
188,PAYMENT,11310.62,C932904478,17709.35,6398.72,M121609831,0.0,0.0,0,0
188,PAYMENT,14017.79,C1252628467,0.0,0.0,M1736707537,0.0,0.0,0,0
188,CASH_IN,90096.24,C840671381,6959958.22,7050054.46,C2022610568,1051488.76,961392.51,0,0
188,PAYMENT,905.76,C1800144337,31865.84,30960.08,M977025846,0.0,0.0,0,0
188,TRANSFER,548912.81,C2088682305,93098.0,0.0,C931319000,113516.23,662429.04,0,0
188,CASH_OUT,167522.29,C1005754692,0.0,0.0,C1521704415,9624705.69,9792227.98,0,0
188,CASH_OUT,261359.23,C1414218526,24559.0,0.0,C289286304,2582683.09,2844042.32,0,0
188,CASH_OUT,61159.01,C73860506,35077.0,0.0,C2007575119,129315.92,190474.92,0,0
188,CASH_IN,262950.94,C620764788,939722.29,1202673.23,C1673710850,454001.78,191050.84,0,0
188,CASH_IN,131526.87,C1645587959,5280970.06,5412496.94,C1128685085,6100097.62,5968570.75,0,0
188,CASH_OUT,15972.18,C774206654,10869.0,0.0,C2085109738,0.0,15972.18,0,0
188,PAYMENT,19269.3,C1687159716,502682.92,483413.62,M364729902,0.0,0.0,0,0
188,CASH_OUT,207016.91,C807097738,49886.0,0.0,C2108553550,1076805.63,1516954.9,0,0
188,PAYMENT,11769.94,C1247489198,7039.29,0.0,M1170571556,0.0,0.0,0,0
188,PAYMENT,17493.62,C1674001415,0.0,0.0,M1540886206,0.0,0.0,0,0
188,CASH_OUT,8500.79,C779592888,131323.33,122822.54,C2076330957,344594.89,353095.69,0,0
188,CASH_OUT,42004.37,C203950228,11277.0,0.0,C260398434,289149.62,331153.98,0,0
188,CASH_OUT,348706.55,C1538860469,0.0,0.0,C1960924303,420777.41,769483.97,0,0
188,CASH_IN,86995.25,C2030219891,1306005.72,1393000.97,C1424782599,3651480.23,3564484.98,0,0
188,CASH_OUT,269652.24,C802909937,1839.0,0.0,C1721895171,202820.07,472472.31,0,0
188,CASH_OUT,32607.76,C457950488,57368.0,24760.24,C547003516,3583607.8,3616215.56,0,0
188,CASH_OUT,473256.03,C1300838455,0.0,0.0,C521794618,611803.69,1188446.53,0,0
188,PAYMENT,3695.3,C1795182349,197.0,0.0,M1071559140,0.0,0.0,0,0
188,CASH_OUT,66019.48,C1478505198,39625.0,0.0,C1152282114,22817.86,0.0,0,0
188,CASH_OUT,94733.12,C1581596255,0.0,0.0,C1953054315,5716660.51,5811393.62,0,0
188,CASH_OUT,138070.8,C2144295927,0.0,0.0,C1014348659,210749.98,348820.77,0,0
188,CASH_OUT,36453.75,C1891237154,1175.0,0.0,C1010183748,0.0,36453.75,0,0
188,PAYMENT,1659.51,C1240134081,1396.0,0.0,M382955373,0.0,0.0,0,0
188,PAYMENT,9825.39,C729732879,12433.0,2607.61,M1281594567,0.0,0.0,0,0
188,CASH_OUT,142697.47,C810171179,0.0,0.0,C685325315,3901358.2,4044055.67,0,0
188,CASH_OUT,228722.95,C517355873,276091.0,47368.05,C225707519,6082568.69,6311291.64,0,0
188,CASH_IN,231792.53,C1194975814,40112.0,271904.53,C827699908,0.0,0.0,0,0
188,PAYMENT,3451.57,C234432396,72706.0,69254.43,M945635726,0.0,0.0,0,0
188,PAYMENT,2272.95,C965319033,0.0,0.0,M263073266,0.0,0.0,0,0
188,CASH_OUT,228436.72,C1853001636,0.0,0.0,C1896450136,256329.92,484766.64,0,0
188,CASH_IN,384364.68,C328497300,4579618.02,4963982.7,C700213504,2811893.04,2427528.36,0,0
188,PAYMENT,4388.31,C1130599710,97.0,0.0,M1091283456,0.0,0.0,0,0
188,PAYMENT,9713.0,C1351616273,50026.0,40313.0,M1213411398,0.0,0.0,0,0
188,PAYMENT,6160.29,C674374272,616.0,0.0,M1931918864,0.0,0.0,0,0
188,TRANSFER,371475.41,C74268825,12799.59,0.0,C1173121971,2349423.12,2720898.53,0,0
188,TRANSFER,578704.85,C703025550,0.0,0.0,C613128565,970311.22,1549016.07,0,0
188,PAYMENT,13503.86,C1614156392,33714.26,20210.41,M1790102899,0.0,0.0,0,0
189,CASH_OUT,198693.21,C1107074547,0.0,0.0,C1949341984,1432523.05,1631216.26,0,0
189,CASH_OUT,354096.99,C413916961,25035.88,0.0,C820951747,728441.49,1082538.48,0,0
189,TRANSFER,109491.03,C1335380685,59239.0,0.0,C381666019,161081.93,270572.97,0,0
189,CASH_IN,136505.01,C1452622752,7223.0,143728.01,C140725940,1953826.08,1817321.07,0,0
189,CASH_IN,6886.99,C1643406319,51807.0,58693.99,C758033330,34644.29,27757.3,0,0
189,PAYMENT,12856.34,C400187571,10213.0,0.0,M1528751248,0.0,0.0,0,0
189,CASH_OUT,161411.13,C934812234,10519.15,0.0,C22126679,200994.86,362406.0,0,0
189,PAYMENT,18768.51,C2124057722,160.0,0.0,M1136194427,0.0,0.0,0,0
189,CASH_IN,74290.46,C2050056973,4474501.93,4548792.39,C853567591,413855.27,339564.81,0,0
189,PAYMENT,11128.33,C1180412267,107356.0,96227.67,M2128229020,0.0,0.0,0,0
189,PAYMENT,14893.99,C1591173488,267891.0,252997.01,M1953781526,0.0,0.0,0,0
189,PAYMENT,8219.95,C598946702,26078.0,17858.05,M8257437,0.0,0.0,0,0
189,PAYMENT,4296.67,C2049185222,48952.91,44656.24,M1183853985,0.0,0.0,0,0
189,CASH_OUT,212189.18,C1281707170,20208.0,0.0,C1547603604,273164.78,485353.96,0,0
189,CASH_IN,145383.91,C195465810,6753141.27,6898525.18,C1901704426,877293.63,731909.73,0,0
189,CASH_IN,274429.94,C864962350,1528715.41,1803145.35,C1411651566,4077137.26,3802707.32,0,0
189,DEBIT,4093.85,C1283409972,7002.0,2908.15,C1943188452,172079.76,176173.6,0,0
189,PAYMENT,4625.13,C1676098264,281139.4,276514.28,M82304738,0.0,0.0,0,0
189,CASH_OUT,12902.24,C715335850,0.0,0.0,C874792257,2567312.76,2580215.0,0,0
189,PAYMENT,10950.87,C910697366,5138.0,0.0,M363366493,0.0,0.0,0,0
189,CASH_IN,122385.89,C1375430,31090.0,153475.89,C1736202831,0.0,0.0,0,0
189,PAYMENT,21269.9,C679636187,0.0,0.0,M2107625101,0.0,0.0,0,0
189,PAYMENT,7865.93,C1650356176,5038.0,0.0,M1982731981,0.0,0.0,0,0
189,CASH_OUT,318783.22,C943511437,72555.0,0.0,C1041505921,3274637.62,3593420.85,0,0
189,CASH_OUT,19553.8,C216246352,20949.0,1395.2,C450227866,0.0,19553.8,0,0
189,PAYMENT,241.98,C783877140,0.0,0.0,M1979262165,0.0,0.0,0,0
190,CASH_IN,399418.93,C201703630,3202118.06,3601536.99,C2106898039,836473.24,437054.31,0,0
190,CASH_OUT,173019.96,C930858197,0.0,0.0,C1990036697,480670.33,653690.28,0,0
190,PAYMENT,17672.6,C1919579956,0.0,0.0,M628293103,0.0,0.0,0,0
190,PAYMENT,11203.6,C407127032,14528.44,3324.84,M930153336,0.0,0.0,0,0
190,CASH_OUT,139305.22,C646015445,0.0,0.0,C2125721174,368954.15,508259.37,0,0
190,CASH_IN,92705.54,C1634486527,74252.0,166957.54,C1713054929,47455.72,0.0,0,0
190,PAYMENT,747.97,C300428259,17200.0,16452.03,M128485742,0.0,0.0,0,0
190,CASH_OUT,206568.4,C1888788793,0.0,0.0,C95367309,214269.0,408093.02,0,0
190,PAYMENT,10783.79,C505383835,372.0,0.0,M101219519,0.0,0.0,0,0
190,PAYMENT,4277.3,C235008025,33209.86,28932.56,M207780230,0.0,0.0,0,0
190,CASH_OUT,30520.01,C352107010,5529.0,0.0,C138059340,0.0,30520.01,0,0
190,PAYMENT,6037.72,C177943555,61760.38,55722.66,M1787785750,0.0,0.0,0,0
190,CASH_IN,231996.72,C1251880295,2391142.11,2623138.83,C781487179,281397.35,49400.63,0,0
190,CASH_IN,31590.07,C2026679104,17418155.59,17449745.66,C1937607570,88366.28,56776.21,0,0
190,PAYMENT,12354.77,C526236824,20247.0,7892.23,M347504132,0.0,0.0,0,0
190,PAYMENT,5259.52,C1048790091,10439.0,5179.48,M1574639424,0.0,0.0,0,0
190,PAYMENT,14694.18,C706700900,166628.0,151933.82,M2026310279,0.0,0.0,0,0
191,CASH_IN,248877.76,C1731344340,23544785.15,23793662.91,C1937886607,1149455.04,900577.29,0,0
191,TRANSFER,652351.44,C471082942,21363.67,0.0,C134317925,818969.33,1471320.77,0,0
191,PAYMENT,7390.37,C1734248873,0.0,0.0,M2091234859,0.0,0.0,0,0
191,TRANSFER,135200.37,C1208951534,135200.37,0.0,C1975333584,0.0,0.0,1,0
191,PAYMENT,9855.42,C275237086,21115.0,11259.58,M824876590,0.0,0.0,0,0
191,PAYMENT,9558.0,C1812857528,13089.0,3531.0,M739149592,0.0,0.0,0,0
191,PAYMENT,504.0,C39344415,41059.41,40555.41,M1491982830,0.0,0.0,0,0
191,CASH_OUT,130730.17,C964054797,166918.18,36188.01,C665492840,532826.55,663556.72,0,0
191,PAYMENT,7320.66,C1769017473,22414.0,15093.34,M1108537065,0.0,0.0,0,0
191,CASH_IN,112778.61,C705826431,437738.63,550517.23,C62097833,2635279.5,2522500.89,0,0
191,CASH_OUT,252678.91,C1642574558,81422.93,0.0,C1103826794,488771.94,741450.85,0,0
191,PAYMENT,1860.63,C18592385,10855.0,8994.37,M109403628,0.0,0.0,0,0
191,PAYMENT,10815.39,C1028490468,39811.0,28995.61,M1699920913,0.0,0.0,0,0
192,PAYMENT,7504.67,C341107266,778.0,0.0,M1146634471,0.0,0.0,0,0
192,CASH_IN,35725.54,C1002355778,1989619.88,2025345.41,C703336835,398913.11,363187.58,0,0
192,CASH_OUT,585511.14,C1167167977,585511.14,0.0,C1270499710,67757.07,653268.21,1,0
192,CASH_IN,8041.44,C1211347515,8397247.12,8405288.56,C699187211,16031504.85,16023463.41,0,0
192,PAYMENT,5244.17,C718877792,99805.8,94561.63,M510041370,0.0,0.0,0,0
192,PAYMENT,1170.04,C1316482400,93326.0,92155.96,M20159506,0.0,0.0,0,0
192,DEBIT,3691.68,C304897862,139068.0,135376.32,C1484480773,73357.42,77049.1,0,0
192,TRANSFER,1001768.04,C531855116,0.0,0.0,C530803804,4732382.41,5734150.44,0,0
194,TRANSFER,651477.38,C726278083,651477.38,0.0,C1737159019,0.0,0.0,1,0
195,PAYMENT,4500.34,C1019097118,6551.94,2051.6,M1106446141,0.0,0.0,0,0
201,CASH_IN,98165.54,C211404446,39570.0,137735.54,C1804102987,1369435.64,1271270.1,0,0
201,TRANSFER,16182.7,C782494245,16182.7,0.0,C699173824,0.0,0.0,1,0
201,TRANSFER,48122.59,C1330019370,0.0,0.0,C1124908389,967357.13,1015479.72,0,0
201,CASH_IN,89874.78,C778862053,6084324.41,6174199.2,C614278988,1374388.78,1284514.0,0,0
201,PAYMENT,3832.93,C415706727,18130.0,14297.07,M1995171321,0.0,0.0,0,0
201,TRANSFER,808315.16,C1743341770,10445.0,0.0,C695063476,19971.04,828286.19,0,0
201,CASH_IN,110839.85,C1083508460,2372981.99,2483821.85,C246503327,841424.08,730584.23,0,0
201,PAYMENT,4362.85,C46971370,50984.0,46621.15,M1996623686,0.0,0.0,0,0
201,CASH_IN,262364.87,C108349520,30384.0,292748.87,C280487743,0.0,0.0,0,0
201,CASH_IN,129438.05,C1725364238,4816590.11,4946028.17,C83629623,271781.94,142343.88,0,0
201,PAYMENT,2308.54,C1216247181,1228.0,0.0,M895003297,0.0,0.0,0,0
201,TRANSFER,35683.79,C4482351,0.0,0.0,C263975013,483267.48,518951.28,0,0
201,CASH_OUT,114208.94,C1886343113,0.0,0.0,C1101459430,3039352.6,3153561.55,0,0
201,CASH_OUT,57600.58,C1577137556,0.0,0.0,C679379337,114647.01,172247.59,0,0
201,PAYMENT,361.91,C638880902,167296.51,166934.6,M1358300344,0.0,0.0,0,0
201,PAYMENT,4855.76,C351303869,659.0,0.0,M1934489579,0.0,0.0,0,0
201,CASH_OUT,94097.5,C1424946797,0.0,0.0,C1500273769,2310570.44,2404667.94,0,0
201,TRANSFER,30844.19,C1052130271,20407.0,0.0,C610058767,83548.32,114392.5,0,0
201,CASH_IN,10066.18,C1090326356,3666249.88,3676316.06,C510508465,10003023.07,9992956.88,0,0
201,PAYMENT,320.01,C1619592022,141111.0,140790.99,M918741740,0.0,0.0,0,0
201,PAYMENT,8768.57,C1346136389,0.0,0.0,M1749328906,0.0,0.0,0,0
201,CASH_IN,59797.01,C1332777960,31418.0,91215.01,C832716202,874444.04,814647.03,0,0
201,PAYMENT,4317.47,C155269507,69354.0,65036.53,M623050393,0.0,0.0,0,0
201,PAYMENT,3694.76,C560737003,1758.0,0.0,M1617093617,0.0,0.0,0,0
201,CASH_OUT,182089.91,C1657643770,0.0,0.0,C174665052,1283448.2,1465538.11,0,0
202,PAYMENT,10984.38,C260885398,38826.32,27841.94,M1488996463,0.0,0.0,0,0
202,CASH_OUT,93313.63,C446466231,11228.0,0.0,C1847070123,0.0,93313.63,0,0
202,CASH_OUT,174641.45,C1242436570,0.0,0.0,C1449303552,195147.79,369789.24,0,0
202,CASH_OUT,272543.19,C1411795153,0.0,0.0,C216599098,468733.09,741276.28,0,0
202,PAYMENT,5345.97,C2128180197,21341.0,15995.03,M375035128,0.0,0.0,0,0
202,CASH_OUT,76869.05,C761787460,0.0,0.0,C343214289,102113.98,178983.03,0,0
202,PAYMENT,1152.21,C1419879352,128894.19,127741.98,M1182742005,0.0,0.0,0,0
202,CASH_OUT,169405.88,C1222323760,11636.0,0.0,C1662535086,693357.04,862762.92,0,0
202,PAYMENT,10062.18,C405180078,28578.47,18516.28,M357665802,0.0,0.0,0,0
202,TRANSFER,378567.78,C1398395710,20708.0,0.0,C1620075407,504489.23,883057.02,0,0
202,CASH_OUT,557407.17,C24189488,0.0,0.0,C1943372622,588235.62,1145642.79,0,0
202,CASH_OUT,209657.49,C981846036,356237.0,146579.51,C1236062350,0.0,209657.49,0,0
202,PAYMENT,14136.86,C1040721595,0.0,0.0,M1101449563,0.0,0.0,0,0
202,CASH_OUT,191146.71,C377855002,21962.0,0.0,C50166744,301998.27,493144.98,0,0
202,PAYMENT,1043.15,C1291920758,0.0,0.0,M26720855,0.0,0.0,0,0
202,CASH_OUT,149088.44,C578641259,0.0,0.0,C1931568076,3403867.71,3552956.15,0,0
202,CASH_OUT,62853.12,C366213686,0.0,0.0,C2083953121,1144898.23,1207751.34,0,0
202,TRANSFER,289945.12,C1097328233,1509.0,0.0,C571343134,1403874.45,1693819.57,0,0
202,CASH_OUT,212992.98,C1457152937,0.0,0.0,C161574690,1206343.85,1419336.84,0,0
202,CASH_OUT,96624.73,C2075601934,0.0,0.0,C1532350025,135263.87,231888.61,0,0
202,CASH_OUT,215735.4,C308097086,0.0,0.0,C107088040,1674694.71,1890430.11,0,0
202,CASH_OUT,147381.51,C880399098,13991.0,0.0,C832491700,0.0,147381.51,0,0
202,CASH_IN,61750.56,C2039354450,2774683.52,2836434.08,C1106020404,202802.45,141051.89,0,0
202,PAYMENT,24499.75,C660197324,0.0,0.0,M1774939261,0.0,0.0,0,0
202,CASH_IN,207540.39,C1757042042,5267463.18,5475003.57,C436595683,2165620.42,1958080.03,0,0
202,CASH_OUT,4678.34,C684350484,0.0,0.0,C652611413,863063.38,867741.72,0,0
202,PAYMENT,5039.52,C889685115,0.0,0.0,M651987016,0.0,0.0,0,0
202,CASH_IN,264196.09,C655055189,12284445.97,12548642.06,C362144226,320430.07,56233.97,0,0
202,CASH_OUT,633345.78,C1706001097,19318.0,0.0,C955216657,1075973.39,1709319.17,0,0
202,PAYMENT,3838.54,C18272822,341375.45,337536.91,M585708341,0.0,0.0,0,0
202,CASH_IN,105390.81,C946262911,70197.0,175587.81,C1472656354,1118846.44,1013455.63,0,0
202,CASH_OUT,262194.48,C517156192,16510.0,0.0,C1169066678,2040861.11,2303055.59,0,0
202,CASH_IN,270544.96,C1483430196,900.0,271444.96,C1821452285,77742.65,0.0,0,0
202,CASH_OUT,30749.36,C1575252950,0.0,0.0,C1707574337,875855.67,906605.03,0,0
202,CASH_IN,213296.57,C1351958856,64976.0,278272.57,C539131157,6780788.94,6567492.37,0,0
202,TRANSFER,144344.73,C741983287,50165.0,0.0,C25411414,17265.89,161610.62,0,0
202,CASH_OUT,62551.32,C2085875244,0.0,0.0,C21995790,370357.93,432909.26,0,0
202,PAYMENT,9467.84,C404470630,0.0,0.0,M1425666106,0.0,0.0,0,0
202,CASH_IN,1090.67,C384123507,8395513.33,8396604.01,C851445933,10620.0,9529.33,0,0
202,PAYMENT,1964.5,C923154861,11962.0,9997.5,M820813244,0.0,0.0,0,0
202,CASH_OUT,69616.82,C1675183538,4411.0,0.0,C1525731899,406139.75,475756.57,0,0
202,CASH_OUT,72191.77,C134413940,16364.0,0.0,C133667766,112333.27,184525.03,0,0
202,CASH_IN,60631.6,C969826592,13569609.61,13630241.21,C1026611113,3738313.85,3677682.24,0,0
202,CASH_IN,404339.45,C1026641285,4826900.4,5231239.85,C957264347,1208011.74,803672.29,0,0
202,CASH_IN,314890.83,C1364235811,2024463.74,2339354.57,C1760682593,586060.71,271169.88,0,0
202,PAYMENT,7899.73,C64035105,0.0,0.0,M1690615500,0.0,0.0,0,0
202,CASH_IN,151489.99,C265798640,2559785.68,2711275.67,C669485226,782074.79,630584.8,0,0
202,CASH_IN,460996.96,C564495208,6554168.19,7015165.15,C643996026,4162770.03,3701773.07,0,0
202,CASH_IN,218898.06,C776830858,3789915.62,4008813.67,C1352023872,690746.01,471847.95,0,0
202,CASH_OUT,200241.44,C1138883897,16692.0,0.0,C348920110,77523.65,277765.08,0,0
202,CASH_OUT,110951.41,C1247436176,0.0,0.0,C781046945,2545798.33,2656749.75,0,0
202,PAYMENT,6604.12,C933705161,37287.0,30682.88,M2054903728,0.0,0.0,0,0
202,CASH_OUT,72851.81,C431093004,289.0,0.0,C177657549,158482.04,231333.86,0,0
202,CASH_OUT,155786.81,C140774531,4658.0,0.0,C165209277,54166.51,209953.32,0,0
202,PAYMENT,13811.47,C672524227,0.0,0.0,M1362152953,0.0,0.0,0,0
202,PAYMENT,681.5,C769191426,8133.0,7451.5,M1742855092,0.0,0.0,0,0
202,TRANSFER,3665.45,C925790739,0.0,0.0,C1551889328,756733.71,760399.16,0,0
202,PAYMENT,11211.98,C97174403,21387.0,10175.02,M47693384,0.0,0.0,0,0
202,TRANSFER,839822.54,C114252134,0.0,0.0,C204111341,8092324.15,8932146.68,0,0
202,PAYMENT,5973.25,C632061018,11419.0,5445.75,M599912239,0.0,0.0,0,0
203,PAYMENT,17928.02,C616295566,51946.0,34017.98,M1631572268,0.0,0.0,0,0
203,PAYMENT,12664.8,C1543187202,0.0,0.0,M620715727,0.0,0.0,0,0
203,PAYMENT,2722.79,C469317915,0.0,0.0,M1223116711,0.0,0.0,0,0
203,CASH_OUT,96768.06,C1232095279,343830.0,247061.94,C459370477,1562116.58,1658884.64,0,0
203,CASH_IN,224389.85,C743502089,308230.0,532619.85,C1753252271,244939.87,20550.02,0,0
203,CASH_OUT,100364.06,C2013649975,11472.0,0.0,C799502823,9498.71,109862.77,0,0
203,CASH_IN,322799.57,C691513956,5590.0,328389.57,C341038084,0.0,0.0,0,0
203,CASH_OUT,437488.75,C519241419,104699.0,0.0,C316006676,0.0,437488.75,0,0
203,PAYMENT,14027.36,C1802737083,0.0,0.0,M1363320819,0.0,0.0,0,0
203,CASH_IN,197988.97,C1406700235,70526.0,268514.97,C578355644,2768620.86,2570631.89,0,0
203,CASH_OUT,220497.32,C188361457,8254.0,0.0,C1170434210,733367.04,953864.36,0,0
203,CASH_OUT,177640.85,C1450161079,10699.0,0.0,C297477646,53129.88,230770.74,0,0
203,PAYMENT,20215.73,C1952716094,82534.0,62318.27,M1327550588,0.0,0.0,0,0
203,PAYMENT,1933.26,C213484209,4014.88,2081.62,M2032292928,0.0,0.0,0,0
203,CASH_OUT,372760.86,C1745088173,61233.0,0.0,C1694652735,0.0,372760.86,0,0
203,CASH_IN,166679.99,C1813561410,3010323.81,3177003.8,C911290127,197908.97,31228.98,0,0
203,PAYMENT,10440.61,C818904875,0.0,0.0,M1571526752,0.0,0.0,0,0
203,CASH_OUT,199378.94,C1974458773,107.0,0.0,C1289658802,0.0,199378.94,0,0
203,TRANSFER,184497.9,C1879112548,75875.0,0.0,C491317883,2200803.05,2385300.96,0,0
203,CASH_OUT,220347.82,C1048094198,0.0,0.0,C1668505392,2080421.38,2300769.19,0,0
203,CASH_OUT,144382.56,C1482079685,10345.0,0.0,C313160489,86441.78,230824.34,0,0
203,PAYMENT,1363.33,C76625408,735384.49,734021.16,M308995764,0.0,0.0,0,0
203,CASH_OUT,52075.89,C1885084068,0.0,0.0,C1251746752,1959332.27,2011408.16,0,0
203,CASH_IN,413279.42,C1756624222,2611530.35,3024809.77,C688938343,849976.66,436697.24,0,0
203,CASH_OUT,308849.8,C618193721,15498.0,0.0,C430682263,0.0,308849.8,0,0
203,PAYMENT,17756.19,C870487228,94610.0,76853.81,M1912581121,0.0,0.0,0,0
203,PAYMENT,385.09,C1418517365,216568.68,216183.59,M456394360,0.0,0.0,0,0
203,CASH_IN,237158.86,C946360661,608.0,237766.86,C1965341080,9677825.92,9440667.07,0,0
203,CASH_IN,35719.22,C551436398,10717641.78,10753361.01,C2053001573,2892659.59,2856940.37,0,0
203,CASH_IN,133985.82,C884235048,8349821.48,8483807.3,C1041115645,6089419.18,5955433.36,0,0
203,CASH_OUT,252308.78,C1832370038,0.0,0.0,C1021026993,1183925.25,1436234.03,0,0
203,CASH_IN,37568.31,C1444875617,6707464.37,6745032.68,C1467922899,124930.24,87361.94,0,0
203,CASH_IN,25305.27,C187318310,6344159.75,6369465.02,C1573125233,1624872.71,1599567.44,0,0
203,CASH_IN,108274.38,C448466371,1742843.81,1851118.19,C1457547154,375048.85,266774.47,0,0
203,PAYMENT,10428.82,C1648700310,31186.0,20757.18,M1552621337,0.0,0.0,0,0
203,CASH_OUT,452174.58,C944649268,12154.0,0.0,C1800858808,754943.35,1207117.94,0,0
203,CASH_IN,319955.68,C512165299,89335.0,409290.68,C410662132,0.0,0.0,0,0
203,TRANSFER,1047588.35,C820592964,14207.0,0.0,C793477246,849638.06,1897226.41,0,0
203,TRANSFER,451288.22,C1661163793,6012.0,0.0,C239803276,3883566.48,4334854.7,0,0
203,CASH_OUT,464100.54,C1403079566,0.0,0.0,C1231662140,608986.39,1256499.02,0,0
203,CASH_OUT,64673.9,C1483152325,0.0,0.0,C285990786,1868792.69,2589668.09,0,0
203,PAYMENT,27832.3,C2011400194,35259.0,7426.7,M1438045470,0.0,0.0,0,0
203,CASH_OUT,47291.85,C1088648734,0.0,0.0,C2037046689,16118.08,63409.93,0,0
203,PAYMENT,8024.98,C981172003,9235.0,1210.02,M305688312,0.0,0.0,0,0
203,PAYMENT,8541.2,C860870443,444927.21,436386.01,M252234470,0.0,0.0,0,0
203,CASH_OUT,242976.74,C979783079,0.0,0.0,C2094161748,2348186.08,2591162.82,0,0
203,CASH_IN,319729.7,C485169310,10113246.79,10432976.49,C703978339,3229225.2,2909495.51,0,0
203,CASH_OUT,331102.05,C1432805933,0.0,0.0,C1096227682,828762.47,1159864.52,0,0
203,CASH_OUT,390779.96,C23953261,60.0,0.0,C530338634,39428.01,430207.97,0,0
203,PAYMENT,54140.41,C708248439,0.0,0.0,M1021814421,0.0,0.0,0,0
204,PAYMENT,4967.26,C822044537,16882.92,11915.67,M1116261390,0.0,0.0,0,0
204,TRANSFER,461723.99,C27540130,33077.0,0.0,C1470059343,322308.18,784032.17,0,0
204,PAYMENT,1080.46,C915018994,0.0,0.0,M115754580,0.0,0.0,0,0
204,CASH_IN,255345.8,C276791030,8454.0,263799.8,C432250489,481491.25,226145.45,0,0
204,CASH_OUT,44121.21,C476121849,10751.0,0.0,C1457085839,815833.84,859955.05,0,0
204,CASH_OUT,52851.59,C1378528287,273560.83,220709.24,C892119589,272949.53,325801.13,0,0
204,CASH_OUT,223028.19,C990980629,19929.0,0.0,C690987309,0.0,223028.19,0,0
204,PAYMENT,25856.29,C1306412273,0.0,0.0,M1676262196,0.0,0.0,0,0
204,CASH_OUT,327600.72,C1476246516,0.0,0.0,C325100308,1018034.98,1345635.7,0,0
204,PAYMENT,11403.78,C593414299,0.0,0.0,M1611292655,0.0,0.0,0,0
204,CASH_IN,298014.91,C657607140,102461.0,400475.91,C154865503,111563.39,0.0,0,0
204,TRANSFER,134746.52,C688409645,0.0,0.0,C1904453816,362708.34,497454.86,0,0
204,CASH_OUT,11778.42,C132296817,0.0,0.0,C2017174597,12038170.03,12063843.34,0,0
204,CASH_OUT,56559.4,C587669234,0.0,0.0,C698512649,3670241.18,3726800.58,0,0
204,CASH_OUT,88459.16,C245952910,0.0,0.0,C2136421118,282078.45,370537.61,0,0
204,CASH_OUT,144512.96,C948952466,0.0,0.0,C169724136,1420462.36,1564975.32,0,0
204,CASH_OUT,68910.98,C1816835407,0.0,0.0,C1001119324,527929.02,596840.0,0,0
204,CASH_OUT,115241.05,C549309747,0.0,0.0,C782980565,367805.93,483046.98,0,0
204,CASH_IN,69669.68,C381914479,627.0,70296.68,C358884721,300031.07,230361.39,0,0
204,CASH_OUT,42281.63,C33987925,152546.0,110264.37,C199632272,0.0,59316.29,0,0
204,PAYMENT,4602.4,C74077970,0.0,0.0,M612705463,0.0,0.0,0,0
204,CASH_OUT,103939.75,C1702047128,36665.0,0.0,C1934993787,0.0,103939.75,0,0
204,CASH_OUT,141352.9,C978086956,80087.0,0.0,C1578831395,160126.76,301479.66,0,0
204,PAYMENT,9802.51,C492845562,0.0,0.0,M35374597,0.0,0.0,0,0
204,CASH_IN,75951.81,C1775901279,1727903.11,1803854.93,C2083377044,98119.09,22167.28,0,0
204,CASH_OUT,159011.15,C2006087398,136142.0,0.0,C1042473946,3943359.3,4102370.45,0,0
204,CASH_IN,150415.38,C390018368,29451825.17,29602240.55,C111623540,635746.18,485330.8,0,0
204,PAYMENT,7424.02,C1262284420,0.0,0.0,M737163227,0.0,0.0,0,0
204,CASH_OUT,287865.49,C796327382,85108.0,0.0,C1918488764,7385622.93,7673488.42,0,0
204,CASH_IN,88401.67,C546844354,4695353.55,4783755.22,C2133175511,336799.09,248397.42,0,0
204,CASH_OUT,412685.62,C1249058278,357106.09,0.0,C1168062507,1613968.9,2026654.53,0,0
204,CASH_OUT,261689.02,C1524281093,511.0,0.0,C2000176220,0.0,261689.02,0,0
204,PAYMENT,1040.61,C154475169,334.0,0.0,M1095858641,0.0,0.0,0,0
204,PAYMENT,3701.35,C727066054,200627.0,196925.65,M803735711,0.0,0.0,0,0
204,CASH_OUT,124774.79,C992715945,20501.0,0.0,C1516315339,367042.67,491817.46,0,0
204,PAYMENT,8663.87,C677391757,198674.44,190010.57,M2062026446,0.0,0.0,0,0
204,CASH_OUT,28361.54,C2005983065,2084.0,0.0,C878299939,2553418.21,2581779.75,0,0
204,PAYMENT,30429.56,C2108636763,31421.0,991.44,M256914189,0.0,0.0,0,0
204,CASH_OUT,187504.48,C1422890349,0.0,0.0,C1979115613,2247937.96,2435442.44,0,0
204,TRANSFER,1076072.82,C340351971,34737.57,0.0,C1208018998,3325919.23,4401992.05,0,0
204,CASH_OUT,346523.56,C1134370979,124658.0,0.0,C555315510,65031.52,411555.08,0,0
204,CASH_IN,279373.5,C763912591,7981007.17,8260380.67,C49162304,725678.06,446304.56,0,0
204,CASH_IN,4412.55,C444314574,19630.0,24042.55,C1706410461,0.0,0.0,0,0
204,CASH_IN,290375.29,C1984181948,2444408.96,2734784.25,C1531833507,2766474.45,2476099.16,0,0
204,CASH_IN,114169.97,C1630031055,1349469.17,1463639.14,C475039358,507395.7,393225.73,0,0
204,CASH_OUT,114749.49,C1970219595,39673.0,0.0,C1881267262,14494910.98,14609660.47,0,0
204,TRANSFER,1303350.45,C1614276994,0.0,0.0,C1529690262,4243314.68,5319000.9,0,0
204,CASH_OUT,145899.26,C1375692032,256268.0,110368.74,C876394746,308788.53,454687.79,0,0
204,CASH_IN,185178.48,C2054629900,75.0,185253.48,C1475995578,7355261.83,7170083.35,0,0
204,CASH_OUT,11799.04,C597139032,0.0,0.0,C700129218,99020.0,0.0,0,0
204,CASH_IN,152606.44,C1656083756,15685.0,168291.44,C1191773602,4590972.31,4438365.87,0,0
204,CASH_IN,76760.56,C1101627244,1373388.57,1450149.13,C1975918135,8634079.6,8557319.04,0,0
205,PAYMENT,8410.6,C1665938393,0.0,0.0,M1940063703,0.0,0.0,0,0
205,CASH_OUT,185790.94,C1704708960,0.0,0.0,C1547581943,942091.2,1127882.14,0,0
205,CASH_IN,71377.56,C1147805083,14965.0,86342.56,C2023200777,88014.24,16636.68,0,0
205,PAYMENT,722.07,C92154261,116371.46,115649.4,M137956931,0.0,0.0,0,0
205,TRANSFER,1077934.81,C335830227,15462.0,0.0,C562519895,26625.17,1104559.97,0,0
205,PAYMENT,1111.2,C1896808270,30474.0,29362.8,M657114658,0.0,0.0,0,0
205,CASH_OUT,150015.45,C885908618,0.0,0.0,C977144247,31237351.35,31387366.8,0,0
205,CASH_IN,2771.54,C851213856,4093457.78,4096229.31,C1743551431,536820.9,534049.37,0,0
205,TRANSFER,104818.34,C2110466685,13970.81,0.0,C2130038444,186274.95,291093.28,0,0
205,CASH_IN,257900.11,C1216184646,25359.0,283259.11,C1191017887,0.0,0.0,0,0
205,PAYMENT,7116.59,C585095909,0.0,0.0,M564552118,0.0,0.0,0,0
205,CASH_OUT,39860.09,C165126306,10202.0,0.0,C73077936,97069.68,136929.77,0,0
205,CASH_IN,79623.59,C1097441105,16383240.35,16462863.94,C933732683,397294.38,317670.79,0,0
205,CASH_IN,90232.81,C605869421,6744106.39,6834339.2,C401682566,219271.9,129039.09,0,0
205,CASH_OUT,73836.26,C1776067472,1275.0,0.0,C1387098908,0.0,73836.26,0,0
205,TRANSFER,128078.56,C1768010987,31.0,0.0,C1963594411,0.0,128078.56,0,0
205,TRANSFER,2720521.41,C1923866856,2019.0,0.0,C144318746,0.0,2720521.41,0,0
205,CASH_IN,386970.04,C1198259583,1625229.41,2012199.45,C330181391,4015489.83,3628519.79,0,0
205,CASH_OUT,113768.23,C1742897793,10304.45,0.0,C351649738,1568552.23,1682320.46,0,0
205,CASH_OUT,34965.01,C1963558638,40833.0,5867.99,C796091198,1176557.93,1211522.95,0,0
205,CASH_OUT,280908.63,C925173787,18784.75,0.0,C1218993199,386898.31,667806.94,0,0
205,PAYMENT,75582.86,C1164244393,0.0,0.0,M274961806,0.0,0.0,0,0
205,PAYMENT,9260.06,C1200595440,15699.0,6438.94,M1879955080,0.0,0.0,0,0
205,PAYMENT,48348.36,C244909218,75636.18,27287.83,M288186990,0.0,0.0,0,0
205,CASH_IN,197876.96,C2028110924,16803.0,214679.96,C57892942,540090.27,342213.31,0,0
205,CASH_OUT,254315.48,C1885069137,0.0,0.0,C1345867302,3289503.85,3543819.33,0,0
205,CASH_IN,121313.97,C1656692096,7868855.25,7990169.22,C770737860,349844.72,228530.75,0,0
205,PAYMENT,7339.63,C1068369670,151967.0,144627.37,M1161420612,0.0,0.0,0,0
205,PAYMENT,9364.85,C997925450,411654.28,402289.42,M813485440,0.0,0.0,0,0
205,PAYMENT,13634.64,C430927127,533.0,0.0,M1212898625,0.0,0.0,0,0
205,CASH_OUT,159136.24,C489788366,52657.0,0.0,C119715735,2080458.87,2239595.11,0,0
205,PAYMENT,52575.2,C1947026658,0.0,0.0,M552275485,0.0,0.0,0,0
205,PAYMENT,2609.42,C70935864,11869.0,9259.58,M153672895,0.0,0.0,0,0
205,PAYMENT,11696.0,C2067701043,0.0,0.0,M1102060439,0.0,0.0,0,0
205,CASH_IN,133364.71,C1995139924,901304.35,1034669.06,C1186819207,3018098.17,2884733.46,0,0
205,CASH_IN,72728.15,C820675933,339793.61,412521.76,C1632094452,758381.08,685652.92,0,0
205,CASH_OUT,322540.4,C852189521,39078.0,0.0,C435124419,37501.85,360042.24,0,0
205,CASH_IN,51113.56,C263866983,5761345.64,5812459.2,C1343932775,914362.16,863248.6,0,0
205,CASH_OUT,194974.33,C143556630,5443.0,0.0,C1156405348,0.0,194974.33,0,0
205,CASH_IN,161433.91,C1928559924,8084338.27,8245772.19,C1673773702,182064.82,20630.91,0,0
205,CASH_IN,231338.11,C1730579583,6250990.77,6482328.88,C779396325,846975.74,886584.08,0,0
205,CASH_OUT,57909.13,C2064790117,79838.0,21928.87,C1714988282,0.0,57909.13,0,0
205,CASH_OUT,60804.56,C638401382,255.0,0.0,C1267400029,1229226.95,1290031.51,0,0
205,PAYMENT,5819.54,C45152021,0.0,0.0,M1681979937,0.0,0.0,0,0
205,CASH_IN,61197.13,C1284285377,5006.0,66203.13,C1027863744,112122.18,50925.04,0,0
205,TRANSFER,188557.71,C1281138137,21059.0,0.0,C1221713278,22404.0,0.0,0,0
205,PAYMENT,13077.9,C1814906483,96660.0,83582.1,M686435478,0.0,0.0,0,0
205,CASH_OUT,52952.23,C477949533,50862.0,0.0,C895780664,1223418.83,1276371.06,0,0
205,CASH_OUT,136788.53,C1083592095,0.0,0.0,C1418611167,1781138.78,1917927.3,0,0
205,CASH_OUT,62872.25,C164673033,0.0,0.0,C1424626193,148922.01,211794.26,0,0
205,CASH_OUT,99495.28,C1420790283,0.0,0.0,C831073103,2484185.39,2583680.68,0,0
205,PAYMENT,2345.28,C1095913364,0.0,0.0,M1508714842,0.0,0.0,0,0
205,CASH_IN,114297.99,C977254072,4074465.49,4188763.48,C873356821,499044.14,384746.15,0,0
205,CASH_OUT,302252.58,C575081845,830.0,0.0,C688330284,0.0,302252.58,0,0
205,CASH_IN,84634.36,C16590752,1572878.44,1657512.8,C1457303625,90199.99,5565.63,0,0
205,PAYMENT,10668.17,C1078942429,0.0,0.0,M1400285024,0.0,0.0,0,0
205,CASH_OUT,258450.5,C1066365884,0.0,0.0,C1686109390,1283572.48,1542022.99,0,0
205,CASH_IN,64562.2,C534432538,1027074.06,1091636.26,C1640823743,162154.56,97592.36,0,0
205,CASH_OUT,249369.99,C1884446602,0.0,0.0,C594784958,550869.97,800239.96,0,0
205,TRANSFER,183825.91,C587033453,0.0,0.0,C310999829,2642318.26,2826144.17,0,0
205,CASH_OUT,1301.7,C1605534443,5327.0,4025.3,C1297592476,2653288.47,2654590.17,0,0
206,PAYMENT,8705.84,C607571985,5339.31,0.0,M1224416649,0.0,0.0,0,0
206,CASH_IN,100584.73,C1335004125,40571.0,141155.73,C307317936,59566.82,0.0,0,0
206,PAYMENT,16786.41,C1694331145,386088.55,369302.14,M448258819,0.0,0.0,0,0
206,CASH_OUT,298167.0,C692055205,21468.0,0.0,C1584216606,1611372.27,1870797.89,0,0
206,PAYMENT,5955.22,C1935027916,40271.0,34315.78,M323289745,0.0,0.0,0,0
206,PAYMENT,11795.73,C310031460,337.0,0.0,M1238230077,0.0,0.0,0,0
206,PAYMENT,1471.3,C1947197701,159310.71,157839.4,M345357483,0.0,0.0,0,0
206,PAYMENT,21409.86,C1940802220,0.0,0.0,M1962371164,0.0,0.0,0,0
206,CASH_OUT,113227.74,C1690954636,40143.0,0.0,C1470273924,0.0,113227.74,0,0
206,PAYMENT,7222.62,C960363329,92000.41,84777.79,M1847898040,0.0,0.0,0,0
206,CASH_OUT,18292.0,C125676558,574.0,0.0,C231532874,29320357.96,29338649.96,0,0
206,CASH_OUT,18983.66,C846963590,10578.9,0.0,C771855811,72523.37,91507.03,0,0
206,CASH_OUT,238393.34,C2034873638,0.0,0.0,C717774401,6665966.94,6904360.29,0,0
206,CASH_IN,165916.4,C2048059048,3405238.97,3571155.37,C1592568948,395130.24,229213.83,0,0
206,CASH_IN,133996.24,C2115994628,16912718.77,17046715.01,C1878323826,772596.12,638599.88,0,0
206,CASH_OUT,247213.27,C1711318872,3735.0,0.0,C1580446196,0.0,247213.27,0,0
206,CASH_OUT,201630.15,C1403624264,0.0,0.0,C1018826766,388326.18,589956.33,0,0
206,CASH_IN,62330.91,C2114798991,919407.19,981738.1,C1957092004,71232.58,8901.67,0,0
206,CASH_IN,285.85,C122813403,1078984.61,1079270.46,C517893792,86429.8,86143.95,0,0
206,CASH_OUT,290518.5,C269998025,183411.99,0.0,C912754623,10721557.41,11012075.91,0,0
206,PAYMENT,302.15,C350508035,383206.81,382904.66,M2057298386,0.0,0.0,0,0
206,CASH_IN,189394.99,C957689434,51247.0,240641.99,C777370287,0.0,0.0,0,0
206,CASH_OUT,284696.49,C1258514149,89686.0,0.0,C286587865,74714.37,359410.87,0,0
206,CASH_IN,162045.54,C113556937,42153.0,204198.54,C1744964377,20145.32,0.0,0,0
206,CASH_OUT,43362.15,C861106645,4318.0,0.0,C1483220562,5690142.18,5606283.63,0,0
206,PAYMENT,1216.14,C1485101311,0.0,0.0,M2146773583,0.0,0.0,0,0
206,CASH_OUT,10068.02,C1457106188,68410.0,58341.98,C919304278,0.0,10068.02,0,0
206,PAYMENT,10047.84,C1685671568,0.0,0.0,M375202350,0.0,0.0,0,0
206,CASH_OUT,349965.17,C1675651711,0.0,0.0,C1301373868,670872.12,1020837.28,0,0
206,CASH_OUT,5278.31,C1344677350,4177.0,0.0,C967380558,18658.33,23936.64,0,0
206,CASH_IN,93564.75,C28203272,106864.0,200428.75,C710584304,68294.87,0.0,0,0
206,CASH_OUT,129721.85,C826132969,51498.0,0.0,C714933586,2016051.05,2145772.9,0,0
206,PAYMENT,5670.82,C1475826125,0.0,0.0,M1514322092,0.0,0.0,0,0
206,CASH_OUT,199451.61,C1452402294,0.0,0.0,C156223820,9983135.45,10182587.07,0,0
206,PAYMENT,4759.91,C925848942,0.0,0.0,M852751349,0.0,0.0,0,0
206,PAYMENT,20139.0,C1845634166,352642.34,332503.34,M1879235226,0.0,0.0,0,0
206,CASH_IN,173904.36,C1313299841,10585856.92,10759761.28,C2050103637,6372847.72,6198943.36,0,0
206,PAYMENT,15388.74,C1435819681,0.0,0.0,M103944503,0.0,0.0,0,0
206,PAYMENT,27038.94,C1364009709,0.0,0.0,M1889533464,0.0,0.0,0,0
206,CASH_OUT,990630.25,C866722579,990630.25,0.0,C1551990809,332494.61,1323124.85,1,0
206,PAYMENT,22267.17,C815323981,0.0,0.0,M124438343,0.0,0.0,0,0
206,CASH_OUT,11176.59,C959125238,50650.0,39473.41,C157546393,0.0,11176.59,0,0
206,PAYMENT,16800.38,C1826601386,153688.0,136887.62,M209294851,0.0,0.0,0,0
206,CASH_IN,135976.75,C1421294221,39873.0,175849.75,C1472124573,3431222.59,3295245.84,0,0
206,TRANSFER,609582.3,C1176510156,0.0,0.0,C893303622,3469495.67,4079077.96,0,0
206,CASH_OUT,130414.4,C437893214,31444.0,0.0,C2005056857,0.0,130414.4,0,0
206,TRANSFER,457138.36,C1708600024,0.0,0.0,C763292738,1207381.13,1664519.49,0,0
206,CASH_IN,40440.24,C1987006620,8561.0,49001.24,C1051733094,366873.88,326433.63,0,0
206,CASH_OUT,220863.16,C59525086,24654.0,0.0,C1307945794,38568.49,259431.65,0,0
206,CASH_OUT,439849.56,C1928377727,0.0,0.0,C75331753,2096243.12,2536092.69,0,0
207,PAYMENT,649.75,C617790029,65075.0,64425.25,M1343053907,0.0,0.0,0,0
207,CASH_IN,198756.82,C841807913,19020627.92,19219384.74,C2043371101,1233537.41,1034780.59,0,0
207,PAYMENT,10113.49,C398040118,0.0,0.0,M156042207,0.0,0.0,0,0
207,PAYMENT,963.1,C730681334,24636.0,23672.9,M1459762173,0.0,0.0,0,0
207,PAYMENT,1214.88,C589928414,45137.61,43922.73,M1763521810,0.0,0.0,0,0
207,PAYMENT,1319.52,C1334921027,3285.63,1966.1,M502929870,0.0,0.0,0,0
207,CASH_OUT,79253.59,C1908730498,0.0,0.0,C1737130002,92030.98,171284.57,0,0
207,PAYMENT,3758.67,C920557747,155204.0,151445.33,M1668416603,0.0,0.0,0,0
207,CASH_IN,101460.63,C100691404,13594.0,115054.63,C516053947,1220679.32,1119218.69,0,0
207,CASH_OUT,190294.34,C1506152761,0.0,0.0,C186069425,2009330.64,2309301.93,0,0
207,CASH_OUT,288321.89,C1472438597,0.0,0.0,C1973065432,2225717.83,2514039.72,0,0
207,CASH_OUT,19960.41,C94273759,105781.0,85820.59,C1787967707,816792.42,836752.82,0,0
207,CASH_IN,189192.07,C1723605862,9482019.59,9671211.67,C1635258370,5324780.28,5135588.21,0,0
207,TRANSFER,616374.36,C1924784306,0.0,0.0,C403947963,678496.86,1294871.22,0,0
207,CASH_OUT,9435.32,C1551126096,0.0,0.0,C2007188426,658438.48,667873.79,0,0
207,CASH_OUT,203921.23,C828802058,56179.0,0.0,C224943589,0.0,203921.23,0,0
207,TRANSFER,1766339.73,C990199984,0.0,0.0,C732851720,2664324.3,4430664.03,0,0
207,CASH_IN,64471.99,C1052902557,4724893.79,4789365.78,C391616943,417942.37,353470.38,0,0
207,CASH_IN,269600.74,C1079184396,30095.0,299695.74,C1744953864,0.0,0.0,0,0
207,PAYMENT,12155.33,C762617264,100850.98,88695.65,M816636577,0.0,0.0,0,0
207,PAYMENT,7215.09,C1021261286,1103.0,0.0,M2080693394,0.0,0.0,0,0
207,CASH_OUT,13297.51,C2070174862,0.0,0.0,C1995113499,892526.38,905823.89,0,0
207,PAYMENT,14841.13,C190370486,0.0,0.0,M1602093617,0.0,0.0,0,0
207,CASH_OUT,165598.68,C250331364,0.0,0.0,C1009972184,301394.77,466993.45,0,0
207,CASH_OUT,135105.27,C169394356,0.0,0.0,C590798777,397749.15,532854.42,0,0
207,PAYMENT,16438.6,C355868751,0.0,0.0,M1740473599,0.0,0.0,0,0
207,CASH_OUT,59639.88,C1890526377,20491.0,0.0,C1320810388,3091461.24,3151101.13,0,0
207,CASH_IN,566123.57,C293806246,2581762.9,3147886.47,C1761374242,571612.64,5489.07,0,0
207,CASH_OUT,483159.73,C1451303980,50351.0,0.0,C637961159,563177.9,1046337.63,0,0
207,CASH_OUT,84608.05,C1847901301,22968.0,0.0,C86087976,7753.22,92361.26,0,0
207,TRANSFER,38427.47,C433911450,38427.47,0.0,C2145994547,0.0,0.0,1,0
207,CASH_OUT,142865.49,C589379111,631.0,0.0,C1387854453,0.0,142865.49,0,0
207,PAYMENT,11740.22,C2091296027,61421.0,49680.78,M946544325,0.0,0.0,0,0
207,PAYMENT,12700.79,C638563889,88067.96,75367.17,M614984186,0.0,0.0,0,0
207,CASH_OUT,159634.85,C725022298,21131.0,0.0,C361766420,1019720.59,1179355.44,0,0
207,TRANSFER,794802.54,C1579069722,16187.0,0.0,C1401316767,10985643.87,11780446.41,0,0
207,CASH_OUT,385773.82,C1083945806,10966.0,0.0,C1892769340,63739.17,449512.99,0,0
207,TRANSFER,867757.51,C1993626158,0.0,0.0,C390678542,31855321.23,32723078.74,0,0
207,PAYMENT,6762.98,C1481253634,31420.0,24657.02,M1131969951,0.0,0.0,0,0
207,CASH_OUT,66448.09,C2091678170,0.0,0.0,C1789960874,683519.39,749967.48,0,0
208,TRANSFER,528312.53,C1753864454,572973.61,44661.08,C1213484877,1486704.02,2015016.56,0,0
208,CASH_OUT,100856.66,C1867839460,66027.0,0.0,C36886661,1315788.58,1416645.23,0,0
208,CASH_OUT,17551.79,C1314746172,0.0,0.0,C1939808106,830777.57,848329.36,0,0
208,PAYMENT,4125.03,C1473527171,6497.74,2372.71,M1009631315,0.0,0.0,0,0
208,CASH_IN,211754.79,C1362637277,6331.0,218085.79,C1442850262,1616278.33,1404523.54,0,0
208,CASH_OUT,207578.24,C398643829,0.0,0.0,C1134505559,231038.32,438616.56,0,0
208,CASH_IN,164583.88,C625040473,3.0,164586.88,C835585504,0.0,0.0,0,0
208,CASH_OUT,390617.69,C1531194990,0.0,0.0,C678974024,5946197.88,8177479.14,0,0
208,TRANSFER,555064.85,C1069641453,47425.0,0.0,C1569221017,0.0,555064.85,0,0
208,PAYMENT,3042.8,C1233846283,94834.43,91791.63,M867349748,0.0,0.0,0,0
208,CASH_OUT,351522.43,C1321653656,216592.0,0.0,C2113353379,6231369.15,6582891.58,0,0
208,CASH_OUT,58497.62,C547311623,202851.0,144353.38,C1022079667,43200.19,101697.81,0,0
208,CASH_OUT,300582.61,C1931810605,7013.0,0.0,C1240250715,3149277.17,3449859.78,0,0
208,CASH_IN,57204.61,C840236709,5706951.58,5764156.19,C1568635436,1478205.7,1421001.08,0,0
208,CASH_OUT,46962.2,C177671278,0.0,0.0,C352444993,942675.05,1177887.03,0,0
208,CASH_OUT,74633.21,C1964177769,9214.64,0.0,C1821362159,121345.67,195978.88,0,0
208,PAYMENT,4799.72,C1346206754,21265.0,16465.28,M859218732,0.0,0.0,0,0
208,PAYMENT,4044.11,C1931911751,0.0,0.0,M2029245468,0.0,0.0,0,0
208,PAYMENT,6128.24,C999554549,0.0,0.0,M1900022166,0.0,0.0,0,0
208,CASH_IN,150246.7,C707084250,13956848.89,14107095.59,C966958635,344856.77,194610.07,0,0
208,PAYMENT,30792.37,C1634438708,0.0,0.0,M1426953358,0.0,0.0,0,0
208,CASH_OUT,189823.84,C1401531939,0.0,0.0,C400353332,276768.2,466592.05,0,0
208,CASH_OUT,136460.65,C1965915122,0.0,0.0,C1334724344,143052.35,279513.0,0,0
208,CASH_IN,281205.71,C1257494748,12453996.84,12735202.56,C1504996879,2332913.38,2051707.67,0,0
208,PAYMENT,5616.55,C1655130308,0.0,0.0,M18816921,0.0,0.0,0,0
208,CASH_IN,50791.4,C1723184237,132799.0,183590.4,C594146278,168155.34,117363.94,0,0
208,PAYMENT,8385.08,C1209705424,20822.0,12436.92,M621143102,0.0,0.0,0,0
208,CASH_OUT,275125.12,C258501026,0.0,0.0,C470081147,1794230.53,2069355.65,0,0
208,PAYMENT,5417.87,C277842904,0.0,0.0,M1915295556,0.0,0.0,0,0
208,PAYMENT,11874.75,C462544204,0.0,0.0,M166181450,0.0,0.0,0,0
208,PAYMENT,6895.84,C1493313688,158.73,0.0,M241752008,0.0,0.0,0,0
208,CASH_OUT,5441.21,C2117798011,0.0,0.0,C911264488,174193.14,179634.34,0,0
208,CASH_OUT,59212.64,C1289545483,0.0,0.0,C1943188243,117019.29,176231.92,0,0
208,CASH_OUT,152982.59,C2142121333,0.0,0.0,C984222169,332644.26,485626.85,0,0
208,CASH_OUT,30645.77,C2065978413,0.0,0.0,C704961209,1877130.47,1907776.25,0,0
208,PAYMENT,14939.87,C1639312448,0.0,0.0,M1790996211,0.0,0.0,0,0
208,PAYMENT,1453.34,C950740205,0.0,0.0,M194169855,0.0,0.0,0,0
208,TRANSFER,1189570.72,C596871274,0.0,0.0,C1263198869,3023101.05,4212671.78,0,0
209,PAYMENT,9534.5,C1460902504,0.0,0.0,M1185570438,0.0,0.0,0,0
209,CASH_OUT,68043.24,C304246537,201460.0,133416.76,C2101674042,613305.39,681348.63,0,0
209,PAYMENT,109.44,C50986615,0.0,0.0,M728290050,0.0,0.0,0,0
209,CASH_OUT,245371.51,C1955706326,9812.0,0.0,C690631584,105140.14,350511.65,0,0
209,PAYMENT,15220.51,C1736841416,15162.0,0.0,M886626545,0.0,0.0,0,0
209,CASH_OUT,5625.75,C1079032167,79819.0,74193.25,C1671320453,13121.17,18746.92,0,0
209,TRANSFER,261450.16,C1385742600,21468.0,0.0,C104392582,20853.47,282303.63,0,0
209,CASH_IN,341215.17,C689864257,366.0,341581.17,C2130037210,762781.96,421566.79,0,0
209,CASH_IN,74737.43,C364982067,253843.0,328580.43,C1342505245,2285925.24,2211187.82,0,0
209,CASH_OUT,382824.77,C134597338,0.0,0.0,C809832861,4454291.35,4837116.12,0,0
209,CASH_OUT,126713.71,C713880725,16654.4,0.0,C71068218,3167257.4,3293971.11,0,0
209,CASH_OUT,17831.07,C56336201,0.0,0.0,C1312859001,217682.97,235514.05,0,0
209,PAYMENT,3566.93,C2047324762,0.0,0.0,M857464633,0.0,0.0,0,0
209,PAYMENT,13730.3,C494416722,24637.88,10907.58,M155868664,0.0,0.0,0,0
209,PAYMENT,33009.56,C1516591837,0.0,0.0,M401955663,0.0,0.0,0,0
209,PAYMENT,5484.79,C1655743358,9546.0,4061.21,M1824909976,0.0,0.0,0,0
209,PAYMENT,56472.22,C1643007185,0.0,0.0,M969512131,0.0,0.0,0,0
209,PAYMENT,3765.91,C1943179469,0.0,0.0,M1408191065,0.0,0.0,0,0
209,PAYMENT,7080.24,C359682840,45566.0,38485.76,M1639882340,0.0,0.0,0,0
209,CASH_IN,144195.66,C240392837,3133.0,147328.66,C1082495064,1962808.54,1818612.88,0,0
209,CASH_OUT,14028.46,C565075535,136799.0,122770.54,C888332270,189734.17,203762.63,0,0
209,CASH_IN,217384.77,C1397543093,1705.0,219089.77,C1875251085,3549152.86,3331768.09,0,0
209,CASH_IN,10207.47,C1905068094,2536643.37,2546850.84,C761011074,500376.12,490168.65,0,0
209,PAYMENT,11271.0,C944023559,0.0,0.0,M648683077,0.0,0.0,0,0
209,CASH_OUT,401076.01,C1128565759,166757.1,0.0,C1577944512,1948537.48,2349613.49,0,0
209,CASH_IN,403983.95,C2038447176,550.0,404533.95,C369190753,0.0,0.0,0,0
209,TRANSFER,480638.86,C1773885146,19637.0,0.0,C1642948718,15729575.44,16210214.3,0,0
209,CASH_IN,310161.41,C1912847460,95592.0,405753.41,C453017027,244274.51,0.0,0,0
209,PAYMENT,19021.34,C945060329,10787.0,0.0,M1694444262,0.0,0.0,0,0
209,PAYMENT,6544.3,C1926298805,0.0,0.0,M207943000,0.0,0.0,0,0
209,CASH_IN,194151.43,C1612308945,6447896.98,6642048.41,C605895314,829727.6,635576.17,0,0
209,CASH_OUT,65712.05,C2039016199,1068.0,0.0,C1485188453,0.0,65712.05,0,0
209,CASH_OUT,321190.65,C209481784,0.0,0.0,C2008200793,1218813.81,1540004.47,0,0
209,CASH_OUT,14586.1,C98128787,0.0,0.0,C381703314,936871.45,951457.55,0,0
209,CASH_IN,69254.77,C475265347,448.0,69702.77,C705249158,864956.71,795701.94,0,0
209,PAYMENT,7696.69,C1013865439,86515.25,78818.56,M1248973486,0.0,0.0,0,0
209,CASH_IN,210037.2,C603920985,99616.0,309653.2,C964452284,0.0,0.0,0,0
209,CASH_IN,145449.01,C1673311288,7052162.27,7197611.28,C986216425,1747267.71,1601818.7,0,0
209,CASH_IN,200453.62,C2050697562,9643794.75,9844248.37,C1273674528,1079083.14,878629.51,0,0
209,CASH_OUT,239344.02,C1188309205,0.0,0.0,C77024209,1209557.9,1448901.92,0,0
209,CASH_OUT,57359.21,C1273085121,10348.0,0.0,C643640886,191693.2,249052.41,0,0
209,CASH_IN,190317.55,C1123792285,11684.0,202001.55,C1252707799,516940.4,326622.86,0,0
209,CASH_OUT,343061.05,C1474049120,12460.0,0.0,C760111221,0.0,343061.05,0,0
209,PAYMENT,3885.5,C954804994,20289.0,16403.5,M1461985691,0.0,0.0,0,0
209,CASH_IN,80790.16,C1643355111,16449089.0,16529879.16,C195594600,1238821.19,1158031.04,0,0
209,CASH_OUT,404363.86,C1112165073,30536.0,0.0,C952737773,464018.35,868382.21,0,0
209,CASH_IN,20599.76,C869220231,83057.96,103657.72,C1795759632,365922.85,345323.09,0,0
209,PAYMENT,4793.2,C971951509,0.0,0.0,M2035415633,0.0,0.0,0,0
209,CASH_OUT,469781.52,C1301845889,67763.0,0.0,C259369927,2716640.61,3186422.13,0,0
209,PAYMENT,900.32,C1239239942,22685.0,21784.68,M1551840901,0.0,0.0,0,0
209,CASH_OUT,28534.86,C1688234529,7242.0,0.0,C1596745591,249990.42,278525.29,0,0
209,CASH_OUT,166585.95,C1399112500,0.0,0.0,C1504609810,618338.88,784924.83,0,0
209,CASH_IN,73668.55,C1162834341,7004656.32,7078324.87,C956849691,1168404.4,1094735.85,0,0
210,CASH_IN,115966.24,C952224700,69457.0,185423.24,C315665048,0.0,0.0,0,0
210,CASH_IN,97897.82,C2002722642,300874.43,398772.25,C745011558,349975.47,252077.66,0,0
210,CASH_IN,369064.36,C815014113,1865619.23,2234683.59,C1215051776,674427.2,305362.84,0,0
210,PAYMENT,10176.48,C1006290844,102784.21,92607.73,M1377783798,0.0,0.0,0,0
210,CASH_OUT,80963.15,C582364539,50221.0,0.0,C1350824972,0.0,80963.15,0,0
210,CASH_OUT,52467.41,C1755821634,0.0,0.0,C2084000972,1608622.64,1661090.05,0,0
210,CASH_IN,46048.36,C1288222242,1926.0,47974.36,C2005239245,269934.63,223886.27,0,0
210,PAYMENT,7651.47,C988274350,0.0,0.0,M604911816,0.0,0.0,0,0
210,CASH_OUT,279076.83,C1372550588,0.0,0.0,C1859040539,666810.45,945887.28,0,0
210,TRANSFER,261429.71,C559206945,0.0,0.0,C1632043145,1488518.03,1749947.74,0,0
210,CASH_IN,380756.92,C481389247,1797406.55,2178163.47,C265592793,1512497.58,1131740.66,0,0
210,CASH_IN,240900.36,C752928863,52876.0,293776.36,C214785197,0.0,0.0,0,0
210,CASH_OUT,383426.36,C2055980584,150693.0,0.0,C239330900,18447473.74,18830900.11,0,0
210,CASH_IN,37510.08,C615965578,341278.61,378788.68,C702348895,504191.0,466680.92,0,0
210,CASH_OUT,450269.72,C860294951,20994.0,0.0,C1781083319,5315423.84,5765693.56,0,0
210,CASH_OUT,5395.32,C442318203,0.0,0.0,C779426511,185486.45,190881.76,0,0
210,CASH_OUT,39970.55,C1133269449,0.0,0.0,C1516152586,2840181.63,2880152.17,0,0
210,PAYMENT,698.68,C1419813655,234.0,0.0,M215163383,0.0,0.0,0,0
210,CASH_IN,579877.59,C497700425,2689732.06,3269609.65,C613360930,1763084.38,1183206.79,0,0
210,PAYMENT,7426.69,C267814818,0.0,0.0,M1166109574,0.0,0.0,0,0
210,CASH_IN,11982.76,C581521339,7141516.21,7153498.97,C554071550,39556.38,27573.62,0,0
210,CASH_OUT,47241.59,C547730653,0.0,0.0,C1187391840,866632.28,913873.88,0,0
210,CASH_OUT,44812.5,C139385062,221283.35,176470.85,C769935428,262711.7,425525.41,0,0
210,PAYMENT,14223.77,C181816468,0.0,0.0,M2086125451,0.0,0.0,0,0
210,PAYMENT,2561.16,C887399660,0.0,0.0,M1850142927,0.0,0.0,0,0
210,CASH_OUT,97475.4,C669642568,107743.0,10267.6,C1008159662,1721645.59,1819121.0,0,0
210,CASH_OUT,104330.86,C421886033,62057.0,0.0,C764799749,0.0,104330.86,0,0
210,PAYMENT,156.05,C1197668625,8106.07,7950.02,M2121265769,0.0,0.0,0,0
210,CASH_OUT,345733.87,C1381489286,105.0,0.0,C1586625654,88896.65,434630.51,0,0
210,CASH_OUT,720.44,C672915267,25834.0,25113.56,C2106616283,0.0,720.44,0,0
210,PAYMENT,9275.47,C1782128423,425456.0,416180.53,M250007235,0.0,0.0,0,0
210,CASH_OUT,78059.64,C589388782,0.0,0.0,C2063212274,4508843.38,4586903.02,0,0
210,PAYMENT,1561.84,C772665770,506038.0,504476.16,M1986255841,0.0,0.0,0,0
210,CASH_OUT,315591.75,C676492596,10053.0,0.0,C1277366984,105712.36,421304.11,0,0
210,CASH_OUT,77410.96,C534513349,0.0,0.0,C1845437474,716353.33,793764.29,0,0
210,CASH_OUT,44486.38,C936212072,252718.0,208231.62,C1335212115,2974490.49,3018976.87,0,0
210,CASH_IN,61555.22,C1414176637,101763.0,163318.22,C555715378,0.0,0.0,0,0
210,PAYMENT,9342.6,C1158504702,0.0,0.0,M1712814065,0.0,0.0,0,0
211,CASH_OUT,38317.51,C211329068,12170.0,0.0,C1558163264,0.0,38317.51,0,0
211,CASH_OUT,18298.03,C772922874,0.0,0.0,C196583373,5940415.43,5958713.47,0,0
211,PAYMENT,1263.6,C722815978,95052.82,93789.22,M1046742986,0.0,0.0,0,0
211,TRANSFER,126661.97,C650388936,235343.0,108681.03,C435074457,221063.31,633803.64,0,0
211,PAYMENT,1560.62,C1262595668,0.0,0.0,M811392692,0.0,0.0,0,0
211,PAYMENT,6725.73,C42671913,1008.0,0.0,M1681980023,0.0,0.0,0,0
211,CASH_OUT,14425.86,C228813037,39807.85,25381.98,C2026422804,495541.29,509967.15,0,0
211,TRANSFER,715817.76,C1317376736,19598.0,0.0,C1203476048,0.0,715817.76,0,0
211,CASH_IN,198516.97,C369063825,1186984.34,1385501.31,C1019352992,29757924.45,29360130.55,0,0
211,PAYMENT,7280.91,C1877592682,597122.0,589841.09,M1621414125,0.0,0.0,0,0
211,PAYMENT,6722.56,C1361392712,0.0,0.0,M1949326313,0.0,0.0,0,0
211,CASH_OUT,137798.03,C575634990,40333.0,0.0,C1498545373,1132269.74,1270067.78,0,0
211,CASH_IN,58718.89,C282438788,13368467.18,13427186.07,C1870227295,6455610.53,6396891.64,0,0
211,CASH_OUT,67926.29,C1725014267,237344.97,169418.68,C729471898,520819.29,588745.58,0,0
211,CASH_IN,49718.55,C1133835336,63142.0,112860.55,C1417531519,0.0,0.0,0,0
211,PAYMENT,1523.92,C1408049292,0.0,0.0,M1554015627,0.0,0.0,0,0
211,CASH_OUT,143004.38,C1304306659,0.0,0.0,C1802898607,317156.21,460160.58,0,0
211,CASH_OUT,166306.01,C1246485249,0.0,0.0,C161433017,2292487.98,2458793.99,0,0
211,PAYMENT,1173.79,C1675887028,79.0,0.0,M2080189017,0.0,0.0,0,0
211,TRANSFER,393899.64,C1712579158,0.0,0.0,C478545649,467935.2,861834.85,0,0
211,TRANSFER,427894.78,C1289386310,0.0,0.0,C1228836718,1316346.56,1744241.34,0,0
211,PAYMENT,5037.29,C526146648,16169.87,11132.58,M683578317,0.0,0.0,0,0
211,PAYMENT,9485.44,C1473973945,258361.0,248875.56,M2140661713,0.0,0.0,0,0
211,CASH_IN,86301.27,C1432425952,34412.0,120713.27,C312486062,422210.57,335909.3,0,0
211,CASH_IN,84719.64,C565467131,13776421.96,13861141.6,C572627330,93674.98,8955.34,0,0
211,PAYMENT,3636.71,C514237251,0.0,0.0,M1835375705,0.0,0.0,0,0
211,CASH_OUT,158835.47,C1318307123,232491.48,73656.01,C1860173439,6127112.96,6285948.42,0,0
211,PAYMENT,10467.81,C1745759163,58587.27,48119.46,M1761271025,0.0,0.0,0,0
211,PAYMENT,905.21,C545769578,49957.0,49051.79,M612497838,0.0,0.0,0,0
211,CASH_OUT,102776.63,C575343134,0.0,0.0,C1792660361,2658172.04,2760948.67,0,0
211,CASH_OUT,133512.59,C551548957,0.0,0.0,C1830773917,1202265.55,1335778.14,0,0
211,PAYMENT,21952.07,C306748792,61848.0,39895.93,M211343762,0.0,0.0,0,0
211,CASH_IN,65720.42,C2024577610,71494.0,137214.42,C1873930290,622841.38,557120.96,0,0
211,PAYMENT,6066.8,C1778517927,14643.8,8577.0,M81047338,0.0,0.0,0,0
211,CASH_IN,76713.05,C2105957799,11798.0,88511.05,C687794672,0.0,0.0,0,0
211,CASH_IN,153825.54,C1094901234,64765.94,218591.47,C982523841,532673.83,378848.29,0,0
211,CASH_OUT,205647.81,C1002211613,0.0,0.0,C1551069277,759078.19,964726.0,0,0
211,CASH_OUT,77138.91,C1189997063,43156.0,0.0,C1826629324,0.0,77138.91,0,0
211,CASH_IN,84140.03,C1834770053,3497.0,87637.03,C1543462380,154459.17,70319.14,0,0
211,CASH_OUT,164497.54,C376476245,0.0,0.0,C393799032,914261.02,1078758.56,0,0
211,CASH_OUT,138505.72,C1272023259,8167.0,0.0,C1574856446,569386.61,707892.33,0,0
211,PAYMENT,1601.83,C277906024,6614.0,5012.17,M871422461,0.0,0.0,0,0
211,TRANSFER,86570.1,C2077912349,0.0,0.0,C380968469,179650.56,266220.66,0,0
211,CASH_IN,46448.89,C1165291894,22463046.03,22509494.92,C668280126,706751.92,660303.02,0,0
211,CASH_OUT,241640.15,C1756741181,0.0,0.0,C1296524678,394756.28,636396.43,0,0
211,TRANSFER,294330.96,C1168031235,1309.0,0.0,C803841044,80397.82,374728.78,0,0
211,CASH_IN,318487.55,C1249301847,4434042.08,4752529.63,C440152277,427696.07,109208.51,0,0
211,PAYMENT,7138.63,C169574600,49731.0,42592.37,M1170384797,0.0,0.0,0,0
211,CASH_OUT,231889.73,C878140052,85909.0,0.0,C1401894447,0.0,231889.73,0,0
211,CASH_IN,122289.99,C2110075682,2570462.74,2692752.73,C307452902,1357344.91,1235054.92,0,0
211,PAYMENT,1646.35,C1380372586,0.0,0.0,M31100741,0.0,0.0,0,0
211,CASH_IN,194948.86,C587923169,10200339.48,10395288.34,C216084411,2012820.56,1817871.7,0,0
211,PAYMENT,1484.12,C571754077,596.0,0.0,M556053733,0.0,0.0,0,0
211,PAYMENT,1088.21,C31241676,11187.0,10098.79,M1567478627,0.0,0.0,0,0
211,PAYMENT,5752.66,C1295462497,0.0,0.0,M1158865748,0.0,0.0,0,0
211,PAYMENT,8522.18,C1161076918,0.0,0.0,M576182433,0.0,0.0,0,0
211,CASH_IN,70799.95,C169609541,11146.74,81946.69,C1261349764,97293.16,26493.21,0,0
211,CASH_OUT,11272.35,C38292018,0.0,0.0,C1875106483,22406.88,33679.23,0,0
211,TRANSFER,497651.69,C1942588837,2192.11,0.0,C1651724075,711978.13,1209629.82,0,0
212,CASH_OUT,30948.33,C455384896,20162.0,0.0,C927157037,0.0,30948.33,0,0
212,CASH_OUT,51668.93,C1505841870,0.0,0.0,C1914278558,456605.66,508274.59,0,0
212,PAYMENT,10347.71,C599736154,0.0,0.0,M922354526,0.0,0.0,0,0
212,PAYMENT,17196.41,C184860399,0.0,0.0,M541663478,0.0,0.0,0,0
212,PAYMENT,12249.76,C2100512746,23932.07,11682.31,M1315039898,0.0,0.0,0,0
212,CASH_IN,192871.46,C1828822382,132573.0,325444.46,C349317069,815272.85,622401.39,0,0
212,TRANSFER,149588.63,C1691488897,0.0,0.0,C911111179,2144706.91,2294295.55,0,0
212,CASH_OUT,70194.99,C565224835,0.0,0.0,C2053866941,741693.32,811888.31,0,0
212,PAYMENT,18821.5,C1422669964,0.0,0.0,M1604199003,0.0,0.0,0,0
212,CASH_OUT,114814.83,C58417678,0.0,0.0,C1700004291,678696.15,793510.98,0,0
212,PAYMENT,4759.52,C1106239764,76141.97,71382.45,M1730109533,0.0,0.0,0,0
212,TRANSFER,279273.02,C2042354537,0.0,0.0,C1667075177,537088.26,685707.62,0,0
212,CASH_OUT,167087.93,C1475954850,31403.0,0.0,C1640484327,0.0,167087.93,0,0
212,CASH_IN,117293.6,C529046033,4450419.61,4567713.21,C196869909,2878052.45,2760758.85,0,0
212,CASH_IN,7417.3,C174001360,617.0,8034.3,C771555525,0.0,0.0,0,0
212,CASH_IN,67957.83,C2008063408,100759.0,168716.83,C349804618,0.0,0.0,0,0
212,PAYMENT,1368.5,C686685512,95010.0,93641.5,M1005258169,0.0,0.0,0,0
212,PAYMENT,8452.42,C2034269197,0.0,0.0,M1577659184,0.0,0.0,0,0
212,TRANSFER,167994.83,C1014904638,6456.23,0.0,C1444670223,312854.55,480849.39,0,0
212,CASH_IN,96467.95,C1020112725,3652411.8,3748879.75,C29244959,6954872.59,6858404.64,0,0
212,TRANSFER,606525.8,C1094306592,0.0,0.0,C541111606,2334553.09,2941078.89,0,0
212,CASH_OUT,3117.53,C1337788726,70335.0,67217.47,C1173012035,0.0,3117.53,0,0
212,TRANSFER,181019.56,C1560025540,152801.0,0.0,C92953344,47560.89,228580.45,0,0
212,CASH_OUT,9735.18,C184721141,9036.0,0.0,C447095161,163302.68,173037.86,0,0
212,PAYMENT,1246.92,C479722273,20655.0,19408.08,M402973421,0.0,0.0,0,0
212,PAYMENT,28998.26,C1616209464,0.0,0.0,M2130166331,0.0,0.0,0,0
212,PAYMENT,14106.54,C1469465167,4233.0,0.0,M682547699,0.0,0.0,0,0
212,CASH_OUT,14489.04,C1971310236,63281.25,48792.21,C1794185207,32397.73,46886.76,0,0
212,PAYMENT,1567.6,C403171773,0.0,0.0,M353664335,0.0,0.0,0,0
212,PAYMENT,3519.09,C633419289,20130.0,16610.91,M858111364,0.0,0.0,0,0
212,PAYMENT,2548.07,C1379147738,10754.0,8205.93,M270316439,0.0,0.0,0,0
212,PAYMENT,16804.49,C1374211040,196804.94,180000.46,M1003160362,0.0,0.0,0,0
212,CASH_OUT,67340.58,C227642054,1976.0,0.0,C140755494,1168254.45,1235595.03,0,0
212,CASH_OUT,12174.9,C1987776030,715342.0,703167.1,C1689516186,500628.76,512803.66,0,0
212,CASH_OUT,7538.18,C1833104356,11112.0,3573.82,C857549021,0.0,7538.18,0,0
212,CASH_IN,86362.72,C1188885188,5381698.73,5468061.46,C1020211816,2277206.32,2190843.59,0,0
212,PAYMENT,26835.05,C1589456851,52423.0,25587.95,M90714586,0.0,0.0,0,0
212,CASH_IN,110460.81,C24731002,21370.0,131830.81,C1440298410,563543.06,453082.25,0,0
212,CASH_IN,45436.57,C1096625012,10226804.12,10272240.69,C1312992719,333251.25,287814.68,0,0
212,PAYMENT,1564.81,C364836357,15177.0,13612.19,M684046748,0.0,0.0,0,0
212,CASH_OUT,33916.53,C1650850023,31425.0,0.0,C94008945,638831.6,672748.13,0,0
212,CASH_IN,305749.29,C1790845369,2487222.64,2792971.93,C206042334,2428328.99,2122579.7,0,0
212,CASH_IN,199298.49,C2055925595,2754335.59,2953634.08,C1961442702,7606836.61,7407538.12,0,0
212,PAYMENT,5857.84,C1966536518,4663.0,0.0,M961793459,0.0,0.0,0,0
212,PAYMENT,2964.61,C2046747542,0.0,0.0,M843504557,0.0,0.0,0,0
212,PAYMENT,6578.16,C513765442,99412.0,92833.84,M1392747464,0.0,0.0,0,0
212,CASH_OUT,367067.53,C292176136,0.0,0.0,C1543609733,5919866.91,6286934.44,0,0
212,CASH_OUT,100911.02,C1075216074,0.0,0.0,C45068594,1039874.03,1140785.05,0,0
212,CASH_IN,136762.87,C2139172400,6050929.6,6187692.47,C105236005,1276253.33,1139490.46,0,0
212,TRANSFER,8661.0,C1598338502,0.0,0.0,C1674390925,5629710.24,5638371.24,0,0
212,CASH_OUT,141172.58,C88126116,0.0,0.0,C1923145562,1570963.13,1712135.71,0,0
212,CASH_IN,497456.82,C245725901,2826191.9,3323648.72,C623138003,2459597.79,1962140.96,0,0
212,CASH_OUT,113731.32,C1933583443,0.0,0.0,C1176703843,159506.82,273238.14,0,0
212,CASH_OUT,232974.04,C1855081947,0.0,0.0,C1840953459,565259.78,798233.82,0,0
212,CASH_OUT,135734.45,C646930782,0.0,0.0,C821652941,1318285.5,1454019.95,0,0
212,CASH_OUT,157992.86,C1070329324,22171.0,0.0,C129568682,3879749.35,4037742.21,0,0
212,PAYMENT,10650.31,C1411783086,0.0,0.0,M66217737,0.0,0.0,0,0
213,PAYMENT,12497.85,C1637873644,22004.51,9506.66,M1656106461,0.0,0.0,0,0
213,PAYMENT,19590.33,C744312758,27486.0,7895.67,M351180491,0.0,0.0,0,0
213,PAYMENT,12068.39,C665921276,433312.0,421243.61,M1214419792,0.0,0.0,0,0
213,PAYMENT,11511.3,C1284646518,1311.0,0.0,M675250772,0.0,0.0,0,0
213,PAYMENT,26318.78,C1473616084,0.0,0.0,M2102079044,0.0,0.0,0,0
213,PAYMENT,6784.25,C336913042,48966.0,42181.75,M1688454642,0.0,0.0,0,0
213,CASH_IN,400792.33,C1566066919,1497399.75,1898192.08,C1284666736,3250025.73,2849233.4,0,0
213,TRANSFER,371104.14,C270983049,30511.0,0.0,C1113900125,10092.09,381196.23,0,0
213,TRANSFER,2567337.17,C1138497926,0.0,0.0,C2072642112,12812998.83,15380336.0,0,0
213,CASH_OUT,197304.05,C1840793906,0.0,0.0,C1317274241,205735.75,403039.8,0,0
213,PAYMENT,39592.88,C949707861,0.0,0.0,M1986409739,0.0,0.0,0,0
213,PAYMENT,15471.91,C1466737363,0.0,0.0,M1125920686,0.0,0.0,0,0
213,PAYMENT,4645.06,C1543125833,0.0,0.0,M1558290669,0.0,0.0,0,0
213,PAYMENT,14307.73,C1329437686,49151.0,34843.27,M242547808,0.0,0.0,0,0
213,PAYMENT,8655.49,C1886747048,0.0,0.0,M1059643861,0.0,0.0,0,0
213,PAYMENT,62438.28,C85577206,301725.85,239287.58,M942863900,0.0,0.0,0,0
213,TRANSFER,1275291.6,C501893268,0.0,0.0,C1916299638,2332013.8,3607305.4,0,0
213,CASH_OUT,56927.14,C180209290,11154.0,0.0,C534569465,13470.11,70397.25,0,0
213,CASH_OUT,54796.59,C1237185001,0.0,0.0,C1827696797,4153838.88,4208635.47,0,0
213,PAYMENT,9577.23,C164631669,21711.0,12133.77,M1896008657,0.0,0.0,0,0
213,CASH_OUT,161937.23,C1172076674,0.0,0.0,C1697217302,600245.9,762183.13,0,0
213,CASH_OUT,169190.05,C758054169,0.0,0.0,C41763685,3358955.81,3328843.18,0,0
213,CASH_IN,36958.6,C1769503119,10671006.43,10707965.03,C743342279,1917742.87,1880784.27,0,0
213,CASH_OUT,495922.25,C1319252993,94599.22,0.0,C1715170713,570182.19,1066104.44,0,0
213,TRANSFER,1184631.06,C1768426354,12732.04,0.0,C1918232364,6035564.17,7220195.23,0,0
213,PAYMENT,3505.41,C1820617682,49543.0,46037.59,M156075877,0.0,0.0,0,0
214,CASH_OUT,204014.52,C1188187508,0.0,0.0,C1997070355,5953368.4,6157382.92,0,0
214,CASH_IN,288603.74,C910034210,509008.04,797611.78,C1116194504,295060.54,6456.8,0,0
214,PAYMENT,5450.29,C181227865,31284.0,25833.71,M1689909716,0.0,0.0,0,0
214,CASH_OUT,24058.83,C64188132,20588.0,0.0,C70298235,1957607.99,1981666.83,0,0
214,TRANSFER,1274063.98,C1526282337,142578.14,0.0,C582377474,1479713.89,2753777.87,0,0
214,CASH_IN,137486.39,C1592529505,73165.0,210651.39,C1625154400,51018.24,0.0,0,0
214,CASH_OUT,148186.83,C1667453104,0.0,0.0,C1270832323,552455.45,700642.28,0,0
214,CASH_OUT,150095.06,C1004502678,0.0,0.0,C1755624659,7233643.28,7383738.34,0,0
214,CASH_IN,174418.98,C1190712875,3466633.82,3641052.81,C1422151388,1100580.61,926161.62,0,0
214,TRANSFER,312533.14,C1682963108,20202.0,0.0,C130362548,0.0,312533.14,0,0
214,PAYMENT,2527.52,C266011280,12584.0,10056.48,M321769666,0.0,0.0,0,0
214,TRANSFER,206942.65,C370905099,5527.0,0.0,C1757829449,9410.76,216353.41,0,0
214,CASH_IN,166399.54,C1351818817,989274.04,1155673.58,C2015896683,1222195.97,1055796.43,0,0
214,PAYMENT,19677.13,C1158901565,0.0,0.0,M1664536965,0.0,0.0,0,0
214,PAYMENT,7165.53,C110371566,187344.0,180178.47,M1164516250,0.0,0.0,0,0
214,CASH_OUT,234531.79,C1927663479,0.0,0.0,C188285271,316658.02,551189.81,0,0
214,PAYMENT,8412.35,C2041236629,705811.0,697398.65,M1273891803,0.0,0.0,0,0
214,CASH_OUT,95990.81,C1006759468,0.0,0.0,C1392872121,333244.28,429235.09,0,0
215,CASH_OUT,108715.31,C1170716639,0.0,0.0,C1050847181,3266774.87,3375490.18,0,0
215,CASH_IN,279128.92,C1430203096,19845.52,298974.44,C2017554854,9837933.13,9558804.21,0,0
215,CASH_OUT,202483.82,C1573214113,0.0,0.0,C1908828835,269524.4,472008.22,0,0
215,CASH_IN,197112.37,C47446199,225620.07,422732.43,C1126710063,1292042.55,1094930.18,0,0
215,PAYMENT,9601.96,C346608973,90100.0,80498.04,M607367207,0.0,0.0,0,0
215,PAYMENT,4109.28,C2001214837,101886.0,97776.72,M941347108,0.0,0.0,0,0
215,PAYMENT,1498.43,C1190660279,0.0,0.0,M706694941,0.0,0.0,0,0
215,PAYMENT,14892.16,C1857172458,162141.88,147249.72,M971089438,0.0,0.0,0,0
216,TRANSFER,246364.06,C433935153,2601.0,0.0,C2123084184,266922.02,513286.08,0,0
216,PAYMENT,36582.63,C1383744155,11195.26,0.0,M377889679,0.0,0.0,0,0
216,TRANSFER,774276.58,C644709338,7247.67,0.0,C703376746,935127.47,1709404.05,0,0
217,CASH_IN,87022.56,C848364456,4021434.26,4108456.82,C28541338,1482846.34,1395823.78,0,0
217,DEBIT,132.55,C1817376027,11216.0,11083.45,C2002382035,138351.32,138483.87,0,0
217,CASH_OUT,298729.62,C1358732217,0.0,0.0,C677375504,727250.81,1025980.43,0,0
217,CASH_IN,122604.53,C1416514516,4348547.67,4471152.2,C991658906,287383.51,164778.98,0,0
217,CASH_IN,150295.64,C898711152,4837298.03,4987593.67,C912885893,489823.42,339527.79,0,0
217,PAYMENT,4140.14,C22089437,457.0,0.0,M270063432,0.0,0.0,0,0
217,PAYMENT,3612.31,C1411932372,10959.0,7346.69,M1013523080,0.0,0.0,0,0
217,PAYMENT,2782.61,C1064156660,313.0,0.0,M1739703436,0.0,0.0,0,0
225,CASH_IN,153313.25,C887634865,111435.0,264748.25,C1837475546,766878.88,613565.62,0,0
225,CASH_IN,180171.55,C1989294075,4493837.0,4674008.55,C1643803326,576120.13,395948.58,0,0
225,CASH_OUT,209870.51,C1607486786,16516.18,0.0,C645820844,2219877.46,2429747.97,0,0
225,CASH_IN,198583.07,C125440228,2556211.62,2754794.69,C1929446944,342372.69,143789.62,0,0
225,CASH_IN,76597.55,C649890849,25111004.26,25187601.82,C382389804,561123.47,484525.92,0,0
225,CASH_IN,186729.09,C1646183549,9897448.16,10084177.25,C522286590,223469.09,36740.0,0,0
225,PAYMENT,32780.46,C1996699116,100428.0,67647.54,M1832679125,0.0,0.0,0,0
225,CASH_OUT,157348.43,C883084745,0.0,0.0,C810221553,2384389.04,2541737.47,0,0
225,PAYMENT,4114.96,C1433565888,54.0,0.0,M1620301786,0.0,0.0,0,0
225,CASH_IN,361346.03,C1770943811,7868874.43,8230220.46,C830470058,510403.36,149057.33,0,0
225,TRANSFER,1386570.77,C1769910842,0.0,0.0,C471672906,3368822.62,4755393.39,0,0
225,TRANSFER,689874.96,C1008478616,0.0,0.0,C1895553947,873543.73,1563418.69,0,0
225,CASH_OUT,445495.82,C715538594,0.0,0.0,C1889607692,1644450.76,2089946.57,0,0
225,PAYMENT,76089.54,C542215563,307.0,0.0,M1436394220,0.0,0.0,0,0
225,TRANSFER,2134438.0,C535655142,0.0,0.0,C856115138,2280178.91,4414616.91,0,0
225,PAYMENT,36650.79,C1171235354,247114.0,210463.21,M264713998,0.0,0.0,0,0
225,TRANSFER,939850.38,C1781720714,0.0,0.0,C479164896,2158317.67,3098168.05,0,0
225,CASH_OUT,141235.86,C1305066421,0.0,0.0,C293450818,5358416.27,5499652.13,0,0
225,CASH_IN,390525.0,C680777038,49947.0,440472.0,C1308219868,0.0,0.0,0,0
225,CASH_IN,95533.45,C482857539,6858659.33,6954192.79,C1095530285,377746.05,282212.59,0,0
225,CASH_OUT,16387.73,C1932323730,107316.0,90928.27,C51197981,0.0,16387.73,0,0
225,PAYMENT,24406.69,C345284796,0.0,0.0,M585566597,0.0,0.0,0,0
225,PAYMENT,32592.94,C1589898728,49530.0,16937.06,M240436191,0.0,0.0,0,0
225,TRANSFER,811312.89,C580530020,0.0,0.0,C764333244,5766760.5,6578073.39,0,0
225,PAYMENT,18455.35,C1787946199,101279.0,82823.65,M1353344988,0.0,0.0,0,0
225,PAYMENT,10844.36,C562016782,0.0,0.0,M1237220260,0.0,0.0,0,0
225,PAYMENT,14804.69,C540484679,5146.0,0.0,M1958908665,0.0,0.0,0,0
225,CASH_OUT,620172.5,C1452631412,191096.83,0.0,C384825051,3370282.28,3990454.78,0,0
225,CASH_OUT,55666.8,C1518252568,0.0,0.0,C1438251861,664334.35,720001.15,0,0
225,CASH_IN,193833.59,C1039520183,5086513.56,5280347.15,C385997826,6776139.15,6582305.55,0,0
225,CASH_IN,27894.58,C1107713208,1352051.13,1379945.71,C85596850,5315641.5,5287746.92,0,0
225,PAYMENT,16484.38,C103334316,22622.0,6137.62,M1604156423,0.0,0.0,0,0
225,CASH_OUT,118716.12,C379725008,313.0,0.0,C1725294837,0.0,118716.12,0,0
226,CASH_IN,131604.6,C1716476725,5426832.33,5558436.92,C669191690,781910.24,650305.65,0,0
226,TRANSFER,101114.3,C2028542123,0.0,0.0,C514995538,2310884.79,2411999.09,0,0
226,CASH_OUT,212459.22,C555289399,0.0,0.0,C855085682,5794700.57,6007159.79,0,0
226,TRANSFER,814559.54,C696287884,0.0,0.0,C540354997,865738.62,1680298.15,0,0
226,CASH_OUT,71145.65,C32773807,58391.0,0.0,C1394272132,0.0,71145.65,0,0
226,PAYMENT,5733.6,C194889831,0.0,0.0,M28855919,0.0,0.0,0,0
226,TRANSFER,551734.45,C214529062,17532.0,0.0,C1390981358,518988.04,1070722.5,0,0
226,PAYMENT,49858.5,C1585718677,0.0,0.0,M896103001,0.0,0.0,0,0
226,CASH_IN,99544.68,C2113124964,7665145.67,7764690.35,C87815363,333521.72,233977.04,0,0
226,TRANSFER,2714581.71,C1592526478,51979.0,0.0,C1631180337,0.0,2714581.71,0,0
226,PAYMENT,68971.18,C461200210,0.0,0.0,M1879863019,0.0,0.0,0,0
226,CASH_OUT,133935.84,C1844141686,0.0,0.0,C408028746,840345.56,974281.4,0,0
226,PAYMENT,40380.11,C827292822,3109.0,0.0,M1232739867,0.0,0.0,0,0
226,PAYMENT,8445.18,C1137615684,335203.44,326758.26,M109013381,0.0,0.0,0,0
226,PAYMENT,14291.56,C740784448,26612.0,12320.44,M1811126814,0.0,0.0,0,0
226,PAYMENT,13007.84,C614819204,0.0,0.0,M501082315,0.0,0.0,0,0
226,CASH_OUT,46733.29,C715159446,16259.0,0.0,C1149129896,3121.69,49854.98,0,0
226,CASH_IN,82432.57,C1947347359,1951355.11,2033787.68,C2107527177,4662471.1,4580038.53,0,0
226,CASH_OUT,9960382.4,C1041938819,9960382.4,0.0,C1108421533,95048.58,10055430.98,1,0
226,PAYMENT,26624.45,C680470438,41610.0,14985.55,M1417857864,0.0,0.0,0,0
226,CASH_IN,142605.38,C173901910,4706182.68,4848788.07,C1674885937,445848.71,303243.32,0,0
226,PAYMENT,57527.84,C1498108859,7779.98,0.0,M1082940542,0.0,0.0,0,0
226,CASH_OUT,132815.24,C1646918145,0.0,0.0,C1812000885,190281.99,323097.23,0,0
226,CASH_IN,191297.94,C497725469,7116.0,198413.94,C231773377,428265.62,236967.68,0,0
226,CASH_OUT,96170.86,C1789401854,434.0,0.0,C294900736,2851561.67,2947732.53,0,0
226,CASH_OUT,215624.43,C1914240661,190954.79,0.0,C2126793481,3952592.39,4355129.55,0,0
226,TRANSFER,1170033.44,C196303641,1706.0,0.0,C1113412462,34317.61,1204351.06,0,0
226,CASH_OUT,43195.88,C1678733040,19966.0,0.0,C1107588338,1186575.13,1470497.88,0,0
226,CASH_OUT,399170.89,C268279721,200499.0,0.0,C638218202,2630083.18,3029254.07,0,0
226,CASH_OUT,150097.76,C1091321636,0.0,0.0,C772715565,1025237.68,964489.36,0,0
226,CASH_OUT,106311.11,C1517094753,10566.0,0.0,C2128448262,67510.09,173821.2,0,0
226,CASH_OUT,161239.36,C350794508,6074.0,0.0,C1612136871,761194.46,922433.82,0,0
226,CASH_OUT,546609.66,C2086138559,27190.0,0.0,C415920770,131532.58,678142.24,0,0
226,PAYMENT,93856.92,C749327492,329872.26,236015.34,M1346627210,0.0,0.0,0,0
226,CASH_OUT,748606.83,C162411544,0.0,0.0,C1291604246,4054196.05,4802802.88,0,0
226,CASH_IN,198390.64,C7045472,7180480.36,7378871.0,C1806556468,1767322.88,1568932.24,0,0
226,CASH_IN,107992.92,C1473978573,3851295.72,3959288.64,C672262190,3300761.07,3192768.15,0,0
226,PAYMENT,38422.51,C700857539,39852.63,1430.12,M1199952082,0.0,0.0,0,0
226,CASH_OUT,311206.2,C865706236,566.0,0.0,C304043970,0.0,311206.2,0,0
226,PAYMENT,13602.87,C390045043,148931.0,135328.13,M282595528,0.0,0.0,0,0
226,CASH_IN,282355.81,C1894590262,5368207.41,5650563.22,C1898110229,841353.34,558997.53,0,0
226,TRANSFER,183828.13,C1281743059,3264.76,0.0,C181361904,2729201.79,2913029.93,0,0
226,PAYMENT,9110.01,C610603339,0.0,0.0,M284176770,0.0,0.0,0,0
226,CASH_OUT,219586.36,C689094400,0.0,0.0,C1173671739,336372.45,555958.81,0,0
226,CASH_OUT,126127.7,C347608324,0.0,0.0,C98001818,164184.36,290312.06,0,0
226,CASH_OUT,135684.19,C1333111985,19867.0,0.0,C706692060,170730.53,306414.72,0,0
226,PAYMENT,31494.74,C1702597582,61667.0,30172.26,M919981978,0.0,0.0,0,0
226,CASH_OUT,399192.16,C681114632,1378.0,0.0,C992064290,68395.98,467588.14,0,0
226,CASH_OUT,290906.09,C1704503963,15499.0,0.0,C1590084176,3984106.76,4275012.85,0,0
226,CASH_OUT,213203.28,C1701169068,0.0,0.0,C1672665860,1252127.54,1465330.82,0,0
226,CASH_OUT,151630.14,C1055672058,6287.3,0.0,C910207282,478975.24,630605.38,0,0
226,CASH_IN,116442.91,C162295897,109322.0,225764.91,C656706104,0.0,0.0,0,0
226,CASH_IN,339582.78,C1089150364,3516215.37,3855798.14,C849359061,1476023.05,1136440.27,0,0
226,CASH_IN,142736.34,C701964999,10617433.84,10760170.19,C124041306,1498284.95,1355548.6,0,0
226,CASH_OUT,524172.96,C1650271593,0.0,0.0,C1199547225,1312765.99,1836938.95,0,0
226,CASH_OUT,33901.07,C625188553,21610.0,0.0,C1390358265,6851569.76,6885470.83,0,0
226,CASH_IN,29962.25,C1270147747,2109213.38,2139175.63,C326571161,50112.5,20150.26,0,0
227,CASH_OUT,189644.99,C1634157338,95102.0,0.0,C1862006689,0.0,189644.99,0,0
227,CASH_OUT,104366.66,C53062283,0.0,0.0,C503542858,271650.06,376016.72,0,0
227,CASH_IN,35700.12,C1212762190,18487.0,54187.12,C557950056,85067.64,49367.52,0,0
227,PAYMENT,5508.63,C2038735123,32175.0,26666.37,M644279476,0.0,0.0,0,0
227,PAYMENT,29467.68,C526381166,0.0,0.0,M519383247,0.0,0.0,0,0
227,PAYMENT,16357.38,C985310718,0.0,0.0,M1476547800,0.0,0.0,0,0
227,CASH_OUT,140313.44,C804508839,0.0,0.0,C1535553652,521008.84,661322.28,0,0
227,PAYMENT,51370.85,C316030424,115278.51,63907.66,M1345184954,0.0,0.0,0,0
227,CASH_IN,267718.96,C566809516,2304.78,270023.74,C1755316852,327626.18,59907.21,0,0
227,CASH_IN,77484.57,C585320136,191.0,77675.57,C1004632468,0.0,0.0,0,0
227,TRANSFER,1233001.83,C472027968,0.0,0.0,C107671770,5391239.49,6624241.32,0,0
227,CASH_OUT,148374.81,C1911306404,735.0,0.0,C1202515103,0.0,148374.81,0,0
227,CASH_IN,118420.72,C583871533,11284.0,129704.72,C251937400,0.0,0.0,0,0
227,CASH_OUT,150440.67,C1773410571,0.0,0.0,C981098024,722507.18,872947.85,0,0
227,PAYMENT,13123.17,C648298644,0.0,0.0,M1944076978,0.0,0.0,0,0
227,PAYMENT,20470.8,C17334301,0.0,0.0,M1333375792,0.0,0.0,0,0
227,TRANSFER,227172.1,C477773688,0.0,0.0,C612223520,282293.34,509465.44,0,0
227,PAYMENT,34653.87,C43125878,0.0,0.0,M249189264,0.0,0.0,0,0
227,CASH_IN,263435.52,C1270500453,21302.0,284737.52,C1007514467,130384.74,0.0,0,0
227,CASH_OUT,81977.39,C457979702,40582.0,0.0,C1761522336,31182.0,113159.39,0,0
227,PAYMENT,21779.88,C1929441989,20981.0,0.0,M1325868324,0.0,0.0,0,0
227,PAYMENT,30346.62,C1590879702,31302.0,955.38,M330718989,0.0,0.0,0,0
227,CASH_OUT,133388.33,C575755991,0.0,0.0,C640119182,403083.51,536471.84,0,0
227,PAYMENT,33895.99,C1596975951,3126.0,0.0,M775283203,0.0,0.0,0,0
227,PAYMENT,1042.9,C1794796112,180094.57,179051.67,M7513575,0.0,0.0,0,0
227,CASH_OUT,208352.66,C1871150179,117118.0,0.0,C1618871970,1402576.65,1610929.31,0,0
227,CASH_OUT,100135.07,C482741130,0.0,0.0,C223835391,389195.26,489330.34,0,0
227,CASH_OUT,285569.67,C984961821,0.0,0.0,C2722858,4386147.99,6554008.87,0,0
227,PAYMENT,1134.33,C1125853318,311744.23,310609.9,M769396574,0.0,0.0,0,0
227,PAYMENT,27521.03,C775934897,0.0,0.0,M2137476367,0.0,0.0,0,0
227,CASH_OUT,201373.64,C232968608,38764.0,0.0,C665312908,651900.52,1018492.0,0,0
227,CASH_OUT,133172.82,C89893223,235232.0,102059.18,C541983208,77178.13,210350.95,0,0
227,CASH_IN,571980.37,C1061430360,257547.0,829527.37,C105231255,216.0,0.0,0,0
227,PAYMENT,8680.31,C290842854,0.0,0.0,M681597154,0.0,0.0,0,0
227,CASH_OUT,480272.37,C611881233,24180.0,0.0,C79416888,0.0,480272.37,0,0
227,CASH_OUT,321746.51,C1778679616,36622.0,0.0,C1118539074,129510.03,451256.55,0,0
227,CASH_OUT,158340.23,C1104706126,0.0,0.0,C721938233,1297998.99,2455526.62,0,0
227,CASH_OUT,94794.37,C785645264,0.0,0.0,C1949929697,110959.82,205754.19,0,0
227,PAYMENT,40628.92,C1865157176,45788.0,5159.08,M1418530106,0.0,0.0,0,0
228,CASH_IN,90096.86,C1648653131,772829.74,862926.6,C715859308,220228.76,130131.9,0,0
228,TRANSFER,1042348.84,C1353388493,0.0,0.0,C2085447639,3460006.01,4502354.85,0,0
228,CASH_OUT,89775.74,C75837345,0.0,0.0,C505632236,609330.51,699106.25,0,0
228,CASH_OUT,561989.52,C507212592,45479.0,0.0,C802576604,96999.42,658988.94,0,0
228,CASH_OUT,163562.4,C1213893085,0.0,0.0,C1178554011,471766.5,635328.91,0,0
228,PAYMENT,30743.61,C1242356275,25222.0,0.0,M1073141982,0.0,0.0,0,0
228,CASH_IN,138675.3,C1878468139,115.0,138790.3,C1937100963,75284.66,0.0,0,0
228,PAYMENT,10040.27,C1728872540,0.0,0.0,M1419367371,0.0,0.0,0,0
228,CASH_OUT,175146.3,C460567555,0.0,0.0,C707320785,3459548.97,3634695.27,0,0
228,CASH_IN,172529.3,C309762648,29237.0,201766.3,C1653897011,21586.0,0.0,0,0
228,CASH_OUT,102434.2,C1482424268,383701.14,281266.95,C806634439,18679774.33,18782208.53,0,0
228,TRANSFER,252722.0,C1074032692,0.0,0.0,C1611581678,4107753.05,4360475.05,0,0
228,CASH_IN,75572.58,C1033741580,22177.0,97749.58,C837449302,0.0,0.0,0,0
228,CASH_IN,100879.48,C86988126,22446.0,123325.48,C13629967,0.0,0.0,0,0
228,PAYMENT,7772.64,C658593351,0.0,0.0,M631964526,0.0,0.0,0,0
228,PAYMENT,3075.16,C2128085555,0.0,0.0,M1032240643,0.0,0.0,0,0
228,PAYMENT,15321.37,C641501257,222728.0,207406.63,M1982926633,0.0,0.0,0,0
228,PAYMENT,13471.16,C244201335,0.0,0.0,M1362742471,0.0,0.0,0,0
228,CASH_IN,202073.64,C1395733327,2565.0,204638.64,C857921444,0.0,0.0,0,0
228,CASH_OUT,14176.31,C1817004510,0.0,0.0,C751779391,48226.8,62403.11,0,0
228,CASH_OUT,112690.69,C566372344,315983.95,203293.25,C1933220701,797692.77,910383.46,0,0
228,PAYMENT,9110.7,C1953391435,0.0,0.0,M1363616202,0.0,0.0,0,0
228,CASH_IN,74115.45,C426275709,40676.0,114791.45,C1443739803,23811.03,0.0,0,0
228,PAYMENT,32870.04,C274909781,0.0,0.0,M1151858641,0.0,0.0,0,0
228,CASH_IN,32632.58,C112415754,4420329.85,4452962.43,C1705074180,62438.27,29805.69,0,0
228,TRANSFER,43815.54,C1434970367,31079.0,0.0,C457546121,736365.34,780180.89,0,0
228,PAYMENT,7276.25,C1745007981,76844.0,69567.75,M444151362,0.0,0.0,0,0
228,CASH_OUT,291583.76,C1801270861,5625.0,0.0,C2066866584,0.0,291583.76,0,0
228,CASH_IN,85653.25,C743773880,5165385.69,5251038.94,C646898650,611963.6,526310.35,0,0
228,CASH_OUT,294225.0,C659069333,11235.0,0.0,C1566143307,1777354.09,2071579.09,0,0
228,CASH_OUT,249993.97,C1156343389,10695.0,0.0,C1227327864,1059436.91,1309430.88,0,0
228,PAYMENT,18018.52,C1050623646,5753.0,0.0,M706567814,0.0,0.0,0,0
228,CASH_OUT,242657.93,C1863646877,123571.0,0.0,C1668525961,62374.19,305032.12,0,0
228,CASH_OUT,76851.76,C629926018,1022.0,0.0,C488331832,220141.73,296993.5,0,0
228,PAYMENT,6506.46,C774568869,10858.0,4351.54,M1348412120,0.0,0.0,0,0
228,PAYMENT,2753.77,C983542383,214291.0,211537.23,M138715774,0.0,0.0,0,0
228,PAYMENT,17481.46,C764671398,6874.0,0.0,M975355192,0.0,0.0,0,0
228,PAYMENT,17632.62,C748105643,1152.0,0.0,M597818173,0.0,0.0,0,0
228,CASH_IN,204236.29,C860685764,7018.0,211254.29,C1756533539,0.0,0.0,0,0
228,PAYMENT,14371.74,C1783096830,99516.0,85144.26,M35628238,0.0,0.0,0,0
228,TRANSFER,1749238.99,C551446827,17312.0,0.0,C1314246693,0.0,1749238.99,0,0
228,PAYMENT,15718.13,C75718089,0.0,0.0,M158182368,0.0,0.0,0,0
228,PAYMENT,3493.74,C2080969430,82334.0,78840.26,M1129264035,0.0,0.0,0,0
228,CASH_OUT,5325.44,C1743757781,397.03,0.0,C1867554194,167264.51,172589.94,0,0
228,CASH_IN,21075.43,C1055064292,9019.0,30094.43,C729963216,57694.88,36619.45,0,0
228,CASH_IN,67022.29,C1799758678,20385992.12,20453014.42,C1274463883,286480.14,219457.85,0,0
229,PAYMENT,1690.23,C865145898,84777.07,83086.84,M1018893492,0.0,0.0,0,0
229,CASH_OUT,325602.99,C1495808796,0.0,0.0,C1353503756,539270.76,864873.75,0,0
229,CASH_OUT,239979.7,C787901219,31297.0,0.0,C833384012,1801638.23,2041617.93,0,0
229,PAYMENT,3803.26,C811941712,60661.0,56857.74,M2017576655,0.0,0.0,0,0
229,PAYMENT,8768.7,C1503632736,0.0,0.0,M909492567,0.0,0.0,0,0
229,CASH_IN,188117.18,C717884825,1090225.09,1278342.27,C1048930255,296845.71,108728.53,0,0
229,PAYMENT,19617.36,C43994591,10962.0,0.0,M1769780921,0.0,0.0,0,0
229,CASH_OUT,36045.82,C1078244667,0.0,0.0,C1936166131,1912252.82,1948298.64,0,0
229,CASH_IN,202551.36,C512457827,6732497.89,6935049.25,C1409372906,502736.53,300185.17,0,0
229,CASH_IN,239447.65,C491516575,6809875.38,7049323.03,C1232150613,11291934.5,11052486.86,0,0
229,CASH_OUT,140133.27,C2045965476,154315.0,14181.73,C714625799,75538.81,606804.79,0,0
229,CASH_IN,31648.38,C1702706333,3414868.04,3446516.42,C597159026,3186252.77,3154604.39,0,0
229,CASH_IN,6047.51,C258561072,7968186.88,7974234.39,C2204921,739400.64,733353.13,0,0
229,PAYMENT,78.65,C2003241988,0.0,0.0,M415993953,0.0,0.0,0,0
229,CASH_OUT,117808.82,C998212087,0.0,0.0,C1584661486,415538.44,533347.26,0,0
229,PAYMENT,9333.85,C1699573696,81709.12,72375.28,M513071261,0.0,0.0,0,0
229,PAYMENT,3284.16,C1627697964,72375.28,69091.12,M387991864,0.0,0.0,0,0
229,CASH_IN,141551.52,C1641168255,532.0,142083.52,C1851055342,56584.4,0.0,0,0
229,PAYMENT,5985.82,C1220668493,44357.4,38371.58,M9532959,0.0,0.0,0,0
229,PAYMENT,72984.64,C919313236,648069.0,575084.36,M1785548836,0.0,0.0,0,0
229,CASH_OUT,37611.33,C471870271,0.0,0.0,C1430547712,565374.63,602985.96,0,0
229,CASH_OUT,302469.55,C1581411457,70680.0,0.0,C44625008,35938.37,338407.92,0,0
229,CASH_IN,113512.34,C799381337,1189591.44,1303103.78,C375566498,401674.15,502975.69,0,0
229,CASH_OUT,224110.31,C427453527,10858.0,0.0,C1385924981,3095590.87,3319701.17,0,0
229,CASH_OUT,130080.63,C1651939726,6153.0,0.0,C453582806,0.0,130080.63,0,0
229,TRANSFER,736140.77,C1022335315,15455.0,0.0,C1429624548,1268826.66,2004967.43,0,0
229,PAYMENT,22777.71,C549405190,0.0,0.0,M82978795,0.0,0.0,0,0
229,CASH_OUT,52289.63,C885755214,0.0,0.0,C142735009,447469.92,499759.55,0,0
229,PAYMENT,3147.42,C463670211,0.0,0.0,M1583670980,0.0,0.0,0,0
229,CASH_OUT,162525.36,C1465364111,841.0,0.0,C510864128,177260.64,204227.13,0,0
229,CASH_OUT,267169.66,C267229793,39056.69,0.0,C1370648711,2047122.94,3690841.1,0,0
229,CASH_OUT,100779.0,C71603557,0.0,0.0,C921381254,640888.86,741667.87,0,0
229,CASH_IN,101734.98,C615960607,54914.0,156648.98,C1998537329,0.0,0.0,0,0
229,CASH_IN,81092.95,C550283972,630729.0,711821.95,C726968132,43651.27,0.0,0,0
229,CASH_OUT,360241.85,C708836104,11010.0,0.0,C1718635387,292590.22,652832.07,0,0
229,TRANSFER,1053910.92,C1922673246,78388.0,0.0,C1317162838,1462723.72,2516634.64,0,0
229,CASH_OUT,5213.81,C677947805,0.0,0.0,C1286959903,1449595.25,1454809.06,0,0
229,PAYMENT,3922.7,C676819511,13532.0,9609.3,M1155244240,0.0,0.0,0,0
229,PAYMENT,250.93,C725764353,0.0,0.0,M920638909,0.0,0.0,0,0
229,CASH_IN,104029.68,C256908787,6515518.39,6619548.07,C904712035,667571.95,563542.28,0,0
229,CASH_OUT,31255.46,C1597533112,0.0,0.0,C2089996269,2078325.11,2109580.57,0,0
229,PAYMENT,23721.49,C1917551123,195622.71,171901.22,M164804949,0.0,0.0,0,0
229,CASH_OUT,340948.01,C1869574582,0.0,0.0,C1881945125,470112.77,811060.78,0,0
229,PAYMENT,22327.42,C578357994,0.0,0.0,M581133182,0.0,0.0,0,0
229,CASH_OUT,66035.9,C277536689,30866.0,0.0,C1162168468,0.0,66035.9,0,0
229,CASH_OUT,204586.11,C1313279463,0.0,0.0,C752309671,251443.04,456029.15,0,0
229,PAYMENT,32398.05,C1099190339,596.0,0.0,M1008274737,0.0,0.0,0,0
229,CASH_OUT,54199.46,C807041782,49900.0,0.0,C786654813,461589.1,515788.57,0,0
230,CASH_OUT,26204.92,C633268496,0.0,0.0,C679709488,389148.27,415353.19,0,0
230,PAYMENT,1709.65,C1427207550,144177.4,142467.75,M1494211019,0.0,0.0,0,0
230,PAYMENT,5999.64,C1835911585,298352.6,292352.96,M774895555,0.0,0.0,0,0
230,PAYMENT,7096.53,C793984804,0.0,0.0,M1500724371,0.0,0.0,0,0
230,TRANSFER,512851.64,C437977527,0.0,0.0,C1801151699,1647827.59,2160679.23,0,0
230,CASH_OUT,54863.17,C1533259570,47094.89,0.0,C1872812476,166646.36,221509.52,0,0
230,CASH_IN,178136.0,C1622385748,1197747.79,1375883.79,C151370531,193894.21,15758.21,0,0
230,CASH_IN,178873.44,C1769903513,16328.0,195201.44,C1738520017,210476.03,31602.59,0,0
230,PAYMENT,132.31,C1175701807,0.0,0.0,M1360541578,0.0,0.0,0,0
230,PAYMENT,17545.1,C1505727784,148803.0,131257.9,M1328289799,0.0,0.0,0,0
230,TRANSFER,281636.64,C223953050,15029.0,0.0,C1786942211,1021787.99,1303424.63,0,0
230,PAYMENT,2003.25,C1595306728,0.0,0.0,M1016456484,0.0,0.0,0,0
230,CASH_OUT,188047.52,C596918759,226834.0,38786.48,C107578107,2500597.86,2688645.38,0,0
230,CASH_IN,97189.13,C890912996,5091964.3,5189153.43,C451395666,144367.1,47177.97,0,0
230,PAYMENT,27528.12,C1241710018,31140.0,3611.88,M1417023973,0.0,0.0,0,0
230,PAYMENT,32031.09,C1506732930,434.0,0.0,M210902031,0.0,0.0,0,0
230,PAYMENT,11514.1,C98396818,0.0,0.0,M611721718,0.0,0.0,0,0
230,CASH_OUT,105078.89,C606561940,72186.0,0.0,C1661189137,610632.3,715711.19,0,0
230,CASH_OUT,327922.82,C163985521,307.0,0.0,C1552908485,378902.33,706825.15,0,0
230,CASH_OUT,179928.34,C569611913,1091.0,0.0,C753678564,0.0,179928.34,0,0
230,CASH_IN,19478.6,C789994499,8683455.36,8702933.96,C509897975,56826.1,37347.49,0,0
230,PAYMENT,11144.46,C970172971,0.0,0.0,M12554414,0.0,0.0,0,0
230,CASH_OUT,81466.8,C491899303,868717.0,787250.2,C483186380,8951233.57,9032700.36,0,0
230,CASH_OUT,43574.88,C1515278397,0.0,0.0,C215022500,340799.46,384374.34,0,0
230,CASH_OUT,111779.33,C1306457351,0.0,0.0,C329937760,225802.2,337581.53,0,0
230,CASH_IN,331496.23,C1243306696,11937.0,343433.23,C680504158,47333.58,0.0,0,0
230,CASH_IN,128774.54,C916122625,1574900.9,1703675.44,C143101889,2145600.6,2016826.06,0,0
230,PAYMENT,1205.72,C521617800,67494.0,66288.28,M1375570859,0.0,0.0,0,0
230,CASH_OUT,44155.82,C11158461,5954.0,0.0,C1728144201,407898.23,452054.05,0,0
230,CASH_IN,50981.13,C793293106,4454315.76,4505296.89,C1625769300,163681.18,112700.05,0,0
230,TRANSFER,1489094.84,C1390530,77100.0,0.0,C221557829,1255394.96,2744489.8,0,0
230,CASH_IN,215521.5,C1461180011,29866.0,245387.5,C1574216896,0.0,0.0,0,0
230,PAYMENT,35054.63,C806934447,0.0,0.0,M1648103248,0.0,0.0,0,0
230,PAYMENT,3120.84,C120081199,161.0,0.0,M1762873155,0.0,0.0,0,0
230,PAYMENT,11158.37,C2128013549,26730.0,15571.63,M1276556228,0.0,0.0,0,0
230,CASH_OUT,44862.63,C1119832525,30551.0,0.0,C1651422863,4927745.18,4972607.82,0,0
230,CASH_OUT,173358.21,C1761445250,0.0,0.0,C427901177,1064499.69,1237857.9,0,0
230,CASH_OUT,188116.15,C1786465820,0.0,0.0,C156357648,214081.44,402197.59,0,0
230,CASH_OUT,246958.03,C937252187,0.0,0.0,C1604241615,1150144.81,1397102.85,0,0
230,PAYMENT,8320.06,C286008694,94693.28,86373.22,M1358742019,0.0,0.0,0,0
230,CASH_OUT,12900.52,C706103644,106751.0,93850.48,C1882105553,81874.49,94775.01,0,0
231,PAYMENT,3221.46,C89713795,21314.0,18092.54,M691245809,0.0,0.0,0,0
231,TRANSFER,2633388.95,C606756233,30530.0,0.0,C696764870,0.0,2633388.95,0,0
231,CASH_OUT,227984.43,C1584788319,282.0,0.0,C1922038095,203653.47,622641.29,0,0
231,CASH_IN,410169.7,C1203985451,21318.0,431487.7,C893671821,10890.74,0.0,0,0
231,PAYMENT,7510.13,C1944065681,548042.72,540532.59,M518314777,0.0,0.0,0,0
231,PAYMENT,9586.96,C294808331,572744.0,563157.04,M598701188,0.0,0.0,0,0
231,CASH_OUT,109545.2,C1995198904,28121.0,0.0,C1988698954,205319.49,314864.69,0,0
231,CASH_OUT,451222.24,C388588802,27338.0,0.0,C1848905390,1281498.91,1732721.15,0,0
231,PAYMENT,4152.96,C358320892,14703.0,10550.04,M687257517,0.0,0.0,0,0
231,PAYMENT,835.03,C528638312,0.0,0.0,M881302403,0.0,0.0,0,0
231,PAYMENT,3497.33,C1591948118,0.0,0.0,M132303828,0.0,0.0,0,0
231,CASH_OUT,90875.35,C2145062969,0.0,0.0,C1534799777,212966.71,303842.06,0,0
231,PAYMENT,5418.11,C2089139374,41388.0,35969.89,M575104993,0.0,0.0,0,0
231,CASH_OUT,61165.09,C49925959,0.0,0.0,C931513742,946034.73,1007199.82,0,0
231,CASH_OUT,132973.29,C1576399835,0.0,0.0,C87178295,156632.39,289605.68,0,0
231,CASH_IN,178193.8,C2130179088,10846119.52,11024313.33,C2130805214,1900667.34,1722473.54,0,0
231,CASH_IN,84230.27,C668616978,2330634.03,2414864.31,C1181776345,865269.92,781039.65,0,0
231,CASH_IN,87759.34,C1330453746,2944588.77,3032348.11,C804029124,1788341.56,1700582.22,0,0
231,CASH_OUT,477742.55,C679116745,39852.0,0.0,C570500836,510129.69,987872.25,0,0
231,PAYMENT,29934.05,C1997911363,274362.0,244427.95,M1072939317,0.0,0.0,0,0
231,PAYMENT,14622.0,C2001996416,103949.0,89327.0,M758191748,0.0,0.0,0,0
231,PAYMENT,20103.93,C2069437082,111340.41,91236.48,M117867865,0.0,0.0,0,0
231,PAYMENT,2828.92,C1058559914,0.0,0.0,M2001001561,0.0,0.0,0,0
231,PAYMENT,291.05,C1754403624,99359.0,99067.95,M1336065862,0.0,0.0,0,0
231,PAYMENT,5602.87,C261342357,0.0,0.0,M1837556027,0.0,0.0,0,0
231,PAYMENT,13924.38,C1162348705,10461.0,0.0,M492950358,0.0,0.0,0,0
231,CASH_OUT,252391.87,C849543131,0.0,0.0,C1835350880,545422.06,797813.94,0,0
231,CASH_OUT,267701.99,C2066276321,1776.0,0.0,C674387514,0.0,267701.99,0,0
231,TRANSFER,61434.67,C182390610,205997.0,144562.33,C1147054920,0.0,61434.67,0,0
231,CASH_OUT,36898.37,C906720504,6004.0,0.0,C1705372734,338135.75,375034.12,0,0
231,CASH_OUT,87556.14,C1637205533,0.0,0.0,C1016732709,576629.11,664185.25,0,0
231,CASH_IN,136582.94,C1360370831,2892290.33,3028873.27,C1870570595,2076705.01,1940122.07,0,0
231,PAYMENT,1927.14,C470882631,0.0,0.0,M1788520413,0.0,0.0,0,0
231,PAYMENT,6833.05,C718157244,709.0,0.0,M1447817733,0.0,0.0,0,0
231,PAYMENT,13968.27,C1923770491,0.0,0.0,M1033023553,0.0,0.0,0,0
231,CASH_OUT,66946.52,C1728310657,127022.95,60076.42,C11754346,1713049.75,1779996.27,0,0
231,CASH_IN,109701.56,C514965922,341.0,110042.56,C820340408,3072552.01,2962850.45,0,0
231,CASH_OUT,31306.17,C1945831861,0.0,0.0,C1937611834,777192.02,808498.19,0,0
231,CASH_IN,33173.77,C871944856,10300.0,43473.77,C1434024074,1222300.44,1189126.67,0,0
231,CASH_OUT,246229.71,C1104487271,0.0,0.0,C1622239239,412335.96,1035042.06,0,0
231,CASH_OUT,2805.57,C1873592817,0.0,0.0,C1957127291,3626395.69,3629201.25,0,0
231,PAYMENT,9100.89,C2015251033,0.0,0.0,M423850677,0.0,0.0,0,0
231,CASH_OUT,214259.1,C157861375,12176.0,0.0,C985855656,0.0,214259.1,0,0
231,PAYMENT,1780.46,C1659806014,0.0,0.0,M232626056,0.0,0.0,0,0
231,CASH_IN,162864.21,C996183505,1816815.28,1979679.49,C1656506006,199700.37,36836.16,0,0
231,CASH_OUT,483096.75,C1622854415,6549.0,0.0,C672049775,9057.22,492153.97,0,0
231,PAYMENT,15911.61,C1196013480,144333.92,128422.31,M853416197,0.0,0.0,0,0
232,CASH_IN,99644.89,C530715096,2457174.4,2556819.29,C703509013,995428.24,895783.35,0,0
232,PAYMENT,163.5,C1019886714,66628.68,66465.19,M552871827,0.0,0.0,0,0
232,PAYMENT,14439.75,C91987526,0.0,0.0,M2062299828,0.0,0.0,0,0
232,PAYMENT,289.17,C1865676152,43334.58,43045.42,M850802629,0.0,0.0,0,0
232,PAYMENT,19074.36,C1391340525,0.0,0.0,M1139986683,0.0,0.0,0,0
232,CASH_OUT,434867.04,C11155399,13628.0,0.0,C258875997,0.0,464890.79,0,0
232,CASH_IN,530589.91,C1859799762,70785.0,601374.91,C1969568396,59373.57,0.0,0,0
232,PAYMENT,9615.35,C1718193231,0.0,0.0,M2108971983,0.0,0.0,0,0
232,CASH_OUT,184669.37,C1925000150,0.0,0.0,C37979906,2117468.28,2302137.65,0,0
232,PAYMENT,41909.04,C1782572616,0.0,0.0,M314960912,0.0,0.0,0,0
232,PAYMENT,11622.88,C2128014726,0.0,0.0,M1630908881,0.0,0.0,0,0
232,CASH_OUT,113671.95,C1967106102,0.0,0.0,C108515927,788756.25,902428.21,0,0
232,CASH_OUT,66108.77,C917308192,0.0,0.0,C1521299212,1402196.09,1468304.87,0,0
232,TRANSFER,402415.04,C1628388437,0.0,0.0,C2007963097,11261677.86,11664092.9,0,0
232,PAYMENT,15900.31,C1987640476,0.0,0.0,M1648480157,0.0,0.0,0,0
232,CASH_OUT,659218.41,C680282063,0.0,0.0,C1584865811,2658503.8,3317722.22,0,0
232,CASH_IN,6321.34,C1899755864,2679713.84,2686035.18,C1358868707,764136.57,757815.23,0,0
232,PAYMENT,3746.93,C1594795040,28405.89,24658.96,M1289620104,0.0,0.0,0,0
232,CASH_IN,279501.1,C668545902,1551447.32,1830948.42,C1486846326,6125404.2,5845903.1,0,0
232,CASH_IN,42239.28,C1439315006,25131481.15,25173720.43,C1237606042,3586410.95,3544171.67,0,0
232,CASH_IN,181124.61,C2083109153,50719.88,231844.49,C1984629728,595826.1,414701.49,0,0
232,CASH_OUT,72806.59,C535274355,19838.0,0.0,C473536375,628242.21,701048.8,0,0
232,PAYMENT,34565.96,C392272487,180305.31,145739.35,M265801757,0.0,0.0,0,0
232,PAYMENT,5248.56,C1316389744,0.0,0.0,M1140192038,0.0,0.0,0,0
232,PAYMENT,49903.72,C1923817365,0.0,0.0,M132847144,0.0,0.0,0,0
232,CASH_OUT,90015.01,C1052147725,20667.0,0.0,C1763061493,0.0,90015.01,0,0
232,PAYMENT,41463.0,C874486181,493663.25,452200.25,M1680265626,0.0,0.0,0,0
232,PAYMENT,11024.65,C1236021972,0.0,0.0,M253946703,0.0,0.0,0,0
232,CASH_OUT,511218.52,C268763938,1830.0,0.0,C173077042,2682493.11,3193711.62,0,0
232,CASH_OUT,49559.48,C786113967,32470.0,0.0,C2060963930,0.0,49559.48,0,0
232,PAYMENT,55222.09,C219754288,0.0,0.0,M1597368657,0.0,0.0,0,0
232,CASH_IN,199817.82,C1162223339,19818.0,219635.82,C1171732068,510510.55,310692.73,0,0
232,CASH_IN,144078.03,C54539834,3340850.04,3484928.07,C807964790,767631.37,623553.34,0,0
232,CASH_IN,171469.63,C891938501,8053112.51,8224582.14,C1597061103,288566.83,117097.2,0,0
232,CASH_IN,195630.36,C2047213666,738.0,196368.36,C1183296790,0.0,0.0,0,0
232,CASH_OUT,77075.19,C1658492703,0.0,0.0,C1460627848,1676304.58,1753379.77,0,0
232,CASH_OUT,960456.1,C265499952,0.0,0.0,C1233213533,1657607.5,2618063.6,0,0
232,PAYMENT,10199.86,C1478324741,19005.0,8805.14,M303873646,0.0,0.0,0,0
232,CASH_OUT,74610.88,C294678861,0.0,0.0,C1487976151,502169.68,576780.56,0,0
232,CASH_OUT,69591.69,C1597403682,0.0,0.0,C981355512,5034597.68,5104189.37,0,0
232,PAYMENT,24290.23,C1038545547,0.0,0.0,M1820977953,0.0,0.0,0,0
232,CASH_OUT,144080.93,C1615436147,0.0,0.0,C1049959362,4413208.68,4557289.61,0,0
233,PAYMENT,47361.23,C579999082,0.0,0.0,M639726552,0.0,0.0,0,0
233,CASH_IN,165996.12,C188698204,145138.7,311134.82,C847382706,206462.3,40466.18,0,0
233,TRANSFER,1430712.52,C659310813,653112.0,0.0,C773853121,2955375.9,4386088.42,0,0
233,PAYMENT,51657.42,C340029330,208807.53,157150.11,M387243807,0.0,0.0,0,0
233,CASH_IN,116616.47,C125698704,6056758.92,6173375.39,C1739525341,3839070.1,4076575.63,0,0
233,PAYMENT,1651.3,C1245976740,265945.34,264294.04,M1730434488,0.0,0.0,0,0
233,CASH_OUT,178497.83,C2061508624,212125.0,33627.17,C359003274,0.0,178497.83,0,0
233,CASH_OUT,277160.46,C937017541,1596.0,0.0,C1083083920,120280.86,397441.32,0,0
233,CASH_OUT,4706.65,C28926369,50253.0,45546.35,C458256990,0.0,4706.65,0,0
233,PAYMENT,38763.81,C1520442072,1527.0,0.0,M1925019297,0.0,0.0,0,0
233,CASH_OUT,143641.8,C1730844332,0.0,0.0,C1896291033,1021356.47,1164998.27,0,0
233,CASH_OUT,319767.17,C770333590,0.0,0.0,C403215960,1299415.21,1619182.38,0,0
233,TRANSFER,30101.54,C1250930006,0.0,0.0,C990145219,789099.67,819201.2,0,0
233,CASH_OUT,278030.89,C288497405,11583.0,0.0,C337325903,140576.44,418607.32,0,0
233,CASH_IN,242538.88,C813452829,77.0,242615.88,C1195847104,4492937.19,4250398.31,0,0
233,CASH_IN,111108.93,C1056120390,167664.26,278773.19,C1655686042,598834.11,487725.19,0,0
233,TRANSFER,396057.81,C944260671,0.0,0.0,C1957806238,1299421.43,1695479.24,0,0
233,PAYMENT,12943.53,C219933460,0.0,0.0,M1777091770,0.0,0.0,0,0
233,CASH_IN,76516.28,C564133245,4463693.32,4540209.6,C1084887527,5378151.67,5301635.39,0,0
233,PAYMENT,20485.1,C1069546435,0.0,0.0,M1538497936,0.0,0.0,0,0
233,CASH_OUT,196244.39,C2098114989,0.0,0.0,C1996074577,656589.16,852833.55,0,0
233,CASH_OUT,148393.02,C632185692,0.0,0.0,C2019510689,1286562.09,1434955.11,0,0
233,CASH_IN,261363.34,C1050365796,40116.0,301479.34,C1016346543,422106.27,160742.93,0,0
233,CASH_OUT,179976.26,C970969296,5290.0,0.0,C442558731,230548.28,410524.55,0,0
233,CASH_IN,258807.69,C565826015,20429.0,279236.69,C1997957161,490436.33,231628.64,0,0
233,CASH_OUT,193155.17,C565880960,50045.48,0.0,C669020033,1103844.93,1297000.1,0,0
233,PAYMENT,17593.4,C1474679592,117940.0,100346.6,M1107672266,0.0,0.0,0,0
233,CASH_IN,152388.52,C849182696,1643964.06,1796352.58,C1774977271,630427.49,478038.97,0,0
233,PAYMENT,4119.95,C1069000403,50712.68,46592.73,M117135725,0.0,0.0,0,0
234,CASH_IN,235884.61,C1286153124,3491252.51,3727137.12,C1239541793,248321.88,12437.27,0,0
234,CASH_OUT,227963.31,C2107153164,94592.0,0.0,C974477559,0.0,293440.98,0,0
234,CASH_OUT,319697.67,C1807121973,15116.0,0.0,C845381784,11775.5,590492.29,0,0
234,PAYMENT,1452.83,C1208534954,0.0,0.0,M94983160,0.0,0.0,0,0
234,PAYMENT,31676.71,C1150937099,41731.0,10054.29,M1158372928,0.0,0.0,0,0
234,PAYMENT,8226.76,C1522826468,0.0,0.0,M832468039,0.0,0.0,0,0
234,CASH_IN,152654.44,C1459140518,19974.0,172628.44,C2043646919,0.0,0.0,0,0
234,PAYMENT,1334.57,C1816407269,600.0,0.0,M116491568,0.0,0.0,0,0
234,CASH_OUT,140960.72,C122292065,4484.0,0.0,C23938887,0.0,140960.72,0,0
234,CASH_OUT,413300.2,C182680177,57425.52,0.0,C1483118690,1536681.28,1949981.48,0,0
234,CASH_OUT,113321.64,C1705749055,24734.0,0.0,C1803516744,116289.92,229611.56,0,0
234,TRANSFER,1129835.48,C883379422,0.0,0.0,C327236323,6504313.62,7771909.97,0,0
234,CASH_IN,103896.58,C506156433,55043.65,158940.24,C1221000401,162489.13,58592.55,0,0
234,CASH_OUT,216917.18,C338633935,0.0,0.0,C357615400,1106694.06,1323611.24,0,0
234,CASH_IN,328901.14,C355423991,270.0,329171.14,C1118875601,0.0,0.0,0,0
234,CASH_OUT,180798.06,C988603815,74486.0,0.0,C1700949847,87840.3,268638.35,0,0
234,CASH_IN,26668.45,C1000342066,3715.0,30383.45,C10684659,50417.0,0.0,0,0
234,PAYMENT,2028.16,C570846773,0.0,0.0,M143897138,0.0,0.0,0,0
234,CASH_OUT,121093.73,C888082559,106662.0,0.0,C1867276676,709804.61,830898.34,0,0
234,CASH_OUT,416010.82,C1771728646,22054.0,0.0,C738547988,1509154.44,1925165.26,0,0
234,PAYMENT,2752.31,C789390870,0.0,0.0,M1611665091,0.0,0.0,0,0
234,CASH_OUT,116161.39,C1321721828,22456.0,0.0,C1694505402,722356.62,838518.01,0,0
234,CASH_IN,6995.6,C556644549,19574.0,26569.6,C1302704475,72847.32,65851.72,0,0
234,CASH_OUT,118103.77,C230705260,0.0,0.0,C2091335905,153207.59,271311.36,0,0
234,CASH_OUT,271699.67,C838704977,0.0,0.0,C1831172015,2212861.15,2484560.82,0,0
234,CASH_OUT,52557.87,C566218290,98557.0,45999.13,C2023382208,60536.62,113094.49,0,0
234,CASH_IN,1249.12,C423815017,8676778.66,8678027.77,C1549501039,204591.15,203342.03,0,0
234,CASH_OUT,181730.01,C1729230219,2145.0,0.0,C231878756,0.0,181730.01,0,0
234,CASH_OUT,132224.34,C2096967463,0.0,0.0,C104209789,4735005.46,4867229.8,0,0
234,CASH_OUT,319264.05,C284460490,0.0,0.0,C579716742,2623897.34,2943161.39,0,0
234,PAYMENT,8124.37,C590489491,0.0,0.0,M901398220,0.0,0.0,0,0
234,CASH_IN,288078.58,C1360302488,10994.0,299072.58,C863103974,0.0,0.0,0,0
234,PAYMENT,13784.88,C1147399112,0.0,0.0,M1692532406,0.0,0.0,0,0
234,CASH_OUT,766561.23,C543561666,0.0,0.0,C606342066,13838573.16,14605134.39,0,0
234,CASH_OUT,178698.74,C492438554,0.0,0.0,C2022082734,656058.29,834757.02,0,0
234,CASH_OUT,210167.15,C835630326,0.0,0.0,C1278987757,1116949.09,1327116.24,0,0
234,PAYMENT,7083.12,C1108119724,12280.99,5197.87,M220285329,0.0,0.0,0,0
234,CASH_IN,353508.17,C1155477728,145574.0,499082.17,C1529650196,4493.24,0.0,0,0
234,CASH_OUT,356555.05,C3347432,38465.0,0.0,C289817866,0.0,246540.43,0,0
234,PAYMENT,15174.65,C2055781276,0.0,0.0,M1386369543,0.0,0.0,0,0
234,DEBIT,6369.58,C1129594670,21911.39,15541.81,C1890081543,29721.58,36091.16,0,0
234,CASH_IN,17083.74,C1327130361,6381972.48,6399056.22,C1983451943,541179.01,524095.28,0,0
234,PAYMENT,8776.4,C1594781558,0.0,0.0,M1989337225,0.0,0.0,0,0
234,CASH_OUT,258840.12,C1356663621,9980.0,0.0,C1746333445,218259.7,477099.82,0,0
234,TRANSFER,98562.85,C1061673836,0.0,0.0,C1857152426,6150482.86,6249045.71,0,0
234,PAYMENT,4522.73,C1302604907,0.0,0.0,M611929439,0.0,0.0,0,0
234,PAYMENT,2729.73,C1608632388,566257.88,563528.15,M1508015045,0.0,0.0,0,0
234,PAYMENT,11145.24,C1323375666,0.0,0.0,M1920839306,0.0,0.0,0,0
234,CASH_OUT,281736.63,C1060189677,0.0,0.0,C100513049,2039091.33,2320827.96,0,0
234,CASH_IN,93054.47,C973358415,5140.0,98194.47,C919338191,0.0,0.0,0,0
234,CASH_IN,182216.57,C129939173,3594972.1,3777188.68,C478295703,7271632.95,7089416.38,0,0
234,PAYMENT,26978.15,C1050253045,21415.0,0.0,M70497559,0.0,0.0,0,0
234,CASH_IN,111555.7,C39739245,3639344.69,3750900.4,C725708576,1139189.22,1027633.52,0,0
234,CASH_IN,95413.35,C1050152092,10117745.03,10213158.38,C1348909650,2449936.3,2354522.95,0,0
234,CASH_OUT,6049.11,C1556146775,0.0,0.0,C2083775834,4379637.42,4385686.53,0,0
234,CASH_OUT,103715.06,C1420558988,336322.0,232606.94,C343474427,200734.95,304450.01,0,0
234,CASH_OUT,372898.99,C237400630,132001.0,0.0,C1233649490,16019245.05,16392144.04,0,0
234,CASH_OUT,55512.28,C504365683,0.0,0.0,C1093522563,2272052.83,2327565.11,0,0
234,PAYMENT,40773.28,C73111469,0.0,0.0,M2070624509,0.0,0.0,0,0
234,CASH_OUT,179666.06,C1045761795,0.0,0.0,C1321206255,1119887.76,1299553.82,0,0
234,CASH_IN,85971.01,C437160917,6303653.91,6389624.91,C1142600763,2140850.97,2054879.97,0,0
234,CASH_IN,263146.16,C649327398,8213307.91,8476454.06,C91158474,430827.27,167681.11,0,0
235,CASH_OUT,263955.4,C234802464,47621.0,0.0,C71527250,0.0,263955.4,0,0
235,CASH_OUT,76653.64,C2080250523,66414.0,0.0,C365234893,0.0,76653.64,0,0
235,PAYMENT,2371.89,C687311883,70149.0,67777.11,M970040326,0.0,0.0,0,0
235,CASH_IN,181003.66,C1493675683,1913648.37,2094652.03,C1519499743,429965.44,248961.77,0,0
235,CASH_OUT,408233.91,C754992257,0.0,0.0,C279439296,651523.76,1059757.66,0,0
235,PAYMENT,2138.08,C1199728318,107897.0,105758.92,M592191950,0.0,0.0,0,0
235,PAYMENT,1743.84,C1375192448,0.0,0.0,M1532603027,0.0,0.0,0,0
235,CASH_IN,79674.87,C1321743856,2838187.0,2917861.87,C521048993,86950.61,7275.74,0,0
235,CASH_OUT,196509.18,C1967818209,0.0,0.0,C508488713,8337048.57,8533557.76,0,0
235,PAYMENT,16647.87,C542037474,127878.0,111230.13,M2031194918,0.0,0.0,0,0
235,CASH_OUT,123918.01,C1775966782,0.0,0.0,C1048496783,454362.0,578280.0,0,0
235,PAYMENT,1174.63,C332477995,8.0,0.0,M516260898,0.0,0.0,0,0
235,TRANSFER,1642574.84,C353761730,50617.0,0.0,C1906677016,204352.43,1846927.27,0,0
235,CASH_OUT,140442.98,C1050150469,520987.0,380544.02,C1785887075,0.0,140442.98,0,0
235,PAYMENT,3851.01,C1340060610,58707.0,54855.99,M1234090866,0.0,0.0,0,0
235,PAYMENT,20811.46,C1014788482,0.0,0.0,M213525704,0.0,0.0,0,0
235,CASH_OUT,594852.8,C1224926088,0.0,0.0,C1824348154,11133055.13,11727907.93,0,0
235,CASH_OUT,57560.87,C1802328986,276708.46,219147.6,C890758872,77645.6,135206.46,0,0
235,CASH_OUT,158949.96,C1922950556,19567.0,0.0,C133870004,260293.42,419243.39,0,0
235,TRANSFER,403491.81,C1076522466,94813.0,0.0,C735249538,548459.36,951951.18,0,0
235,DEBIT,16108.2,C1706574319,0.0,0.0,C1454080146,2152182.08,2168290.28,0,0
235,CASH_OUT,188314.5,C363866614,40560.0,0.0,C262215837,131516.05,319830.55,0,0
235,PAYMENT,4203.32,C726535437,0.0,0.0,M1166347202,0.0,0.0,0,0
235,CASH_OUT,91712.1,C1195691100,0.0,0.0,C1221545917,418360.73,510072.82,0,0
235,CASH_IN,123013.37,C713456931,0.0,123013.37,C869023260,213849.13,90835.76,0,0
235,CASH_OUT,16978.45,C474943904,0.0,0.0,C1463071776,10846498.22,10863476.67,0,0
235,CASH_OUT,174989.79,C432933964,60186.0,0.0,C26061196,1835418.4,2010408.2,0,0
235,CASH_OUT,164729.42,C267635094,0.0,0.0,C2115640160,5735643.14,5900372.57,0,0
235,CASH_OUT,413.9,C717351530,1257.0,843.1,C743662030,660135.94,660549.84,0,0
235,TRANSFER,2046792.9,C1632869499,12739.0,0.0,C1126964235,206555.71,2253348.61,0,0
235,CASH_OUT,54629.11,C20247559,5020.0,0.0,C1271828486,4355177.87,4409806.97,0,0
235,TRANSFER,917937.37,C1593802299,2949.0,0.0,C637394241,0.0,917937.37,0,0
235,CASH_OUT,260881.05,C941671397,6048.0,0.0,C1171356654,73977.16,334858.2,0,0
235,CASH_OUT,131891.64,C246483407,34435.0,0.0,C1235586933,1172567.31,1304458.95,0,0
235,CASH_IN,282897.27,C1689484538,50113.0,333010.27,C103456012,1787261.86,1504364.59,0,0
235,PAYMENT,9319.27,C341423094,0.0,0.0,M1703917644,0.0,0.0,0,0
235,CASH_OUT,239724.09,C1520653086,0.0,0.0,C435074457,534010.34,773734.43,0,0
235,DEBIT,4666.33,C921161799,1072.0,0.0,C1942021848,2682415.91,2687082.24,0,0
235,CASH_OUT,350299.05,C1580353717,41863.0,0.0,C352667855,182077.31,532376.36,0,0
235,TRANSFER,775798.99,C1374803121,102.0,0.0,C1328585087,335859.04,1111658.04,0,0
235,PAYMENT,9703.69,C86841051,0.0,0.0,M394067734,0.0,0.0,0,0
235,CASH_OUT,202949.47,C1587098369,0.0,0.0,C83206593,332139.69,535089.15,0,0
235,CASH_IN,41444.87,C1678125387,11513534.83,11554979.7,C422619539,2642273.35,2600828.48,0,0
235,CASH_IN,126885.34,C1562255053,11554979.7,11681865.04,C1979336967,198303.47,71418.13,0,0
235,CASH_OUT,276861.0,C111684597,253.0,0.0,C1769131512,0.0,276861.0,0,0
235,CASH_IN,234128.08,C886696718,32403.0,266531.08,C388183810,0.0,0.0,0,0
235,PAYMENT,827.84,C257944180,47209.87,46382.03,M1159880440,0.0,0.0,0,0
235,CASH_IN,79414.85,C1507527839,1019181.52,1098596.37,C388799629,242815.54,163400.7,0,0
235,CASH_IN,336495.53,C1318566647,30499.0,366994.53,C1536931569,408535.13,442331.27,0,0
235,TRANSFER,41677.93,C1736122850,40936.0,0.0,C254615055,29219.38,70897.31,0,0
235,TRANSFER,868091.91,C18502261,0.0,0.0,C2102980596,1125419.45,1800205.45,0,0
235,CASH_OUT,173140.01,C1684785660,0.0,0.0,C1759371389,204674.46,377814.47,0,0
235,PAYMENT,22098.76,C1081213778,22360.0,261.24,M1332425483,0.0,0.0,0,0
235,CASH_IN,51442.69,C958119268,6232589.5,6284032.19,C1983028047,859252.83,807810.13,0,0
235,CASH_IN,230487.44,C1259101112,6534230.03,6764717.47,C243234091,3921803.34,3691315.9,0,0
235,CASH_OUT,13991.25,C584250145,1514.0,0.0,C1199895977,1111722.37,1125713.62,0,0
235,CASH_OUT,120098.78,C2096358774,0.0,0.0,C458864265,10046925.25,10167024.03,0,0
235,PAYMENT,14165.82,C756399247,259362.0,245196.18,M1740482428,0.0,0.0,0,0
235,PAYMENT,8882.08,C1201286357,30131.0,21248.92,M1787275099,0.0,0.0,0,0
235,PAYMENT,13771.25,C626704397,407596.37,393825.12,M1998356316,0.0,0.0,0,0
235,CASH_OUT,31346.77,C1094777139,42796.0,11449.23,C654757701,0.0,31346.77,0,0
235,CASH_OUT,390029.79,C50176461,509624.0,119594.21,C1736823075,861575.96,1251605.75,0,0
235,CASH_OUT,326388.92,C1070199473,0.0,0.0,C956028773,586325.65,912714.56,0,0
235,PAYMENT,18519.33,C275832781,2168.0,0.0,M212383235,0.0,0.0,0,0
235,PAYMENT,10809.13,C1887636361,117149.82,106340.69,M1967047264,0.0,0.0,0,0
235,PAYMENT,1337.09,C2130293325,0.0,0.0,M1959690899,0.0,0.0,0,0
235,CASH_OUT,193327.39,C1751666010,0.0,0.0,C1569852988,11741588.77,11934916.16,0,0
235,CASH_OUT,153371.19,C540936599,0.0,0.0,C1913203410,203643.45,357014.64,0,0
235,TRANSFER,831206.92,C942230208,284.0,0.0,C1527279155,25857.05,857063.97,0,0
235,PAYMENT,10783.91,C1643557492,109739.0,98955.09,M837132126,0.0,0.0,0,0
235,PAYMENT,6302.02,C1174270237,0.0,0.0,M549978283,0.0,0.0,0,0
235,CASH_IN,64997.66,C1078896887,1543.0,66540.66,C513670115,309113.62,244115.97,0,0
235,CASH_IN,114204.24,C1539601573,2652420.89,2766625.13,C822359325,683848.51,569644.26,0,0
235,CASH_OUT,42684.58,C1718220319,59401.0,16716.42,C589961099,379122.76,421807.35,0,0
235,CASH_OUT,1369544.19,C407416654,1369544.19,0.0,C1267828367,571360.19,1940904.38,1,0
235,PAYMENT,29137.38,C1201376167,0.0,0.0,M1912057103,0.0,0.0,0,0
235,PAYMENT,16950.41,C2084463477,5832.0,0.0,M426818490,0.0,0.0,0,0
235,PAYMENT,11535.52,C1545098339,0.0,0.0,M1144948927,0.0,0.0,0,0
235,CASH_IN,345626.18,C978714695,30076.0,375702.18,C2030407753,131598.4,0.0,0,0
235,PAYMENT,4485.59,C1001113341,0.0,0.0,M723407781,0.0,0.0,0,0
236,PAYMENT,2491.76,C432550194,51163.0,48671.24,M1464851225,0.0,0.0,0,0
236,CASH_OUT,21438.11,C1949754376,50318.0,28879.89,C1198471059,0.0,21438.11,0,0
236,TRANSFER,87716.48,C1509959188,20593.78,0.0,C1723287956,2544455.62,2632172.1,0,0
236,TRANSFER,272902.25,C201907578,39955.63,0.0,C803785175,734519.68,1007421.93,0,0
236,CASH_OUT,305452.98,C1892842429,0.0,0.0,C2007486879,2167029.16,2472482.14,0,0
236,PAYMENT,3212.15,C1851994563,0.0,0.0,M1083989896,0.0,0.0,0,0
236,CASH_OUT,222512.97,C1081087758,20762.0,0.0,C1078191222,3005824.88,3228337.86,0,0
236,CASH_OUT,31227.77,C779267062,22122.92,0.0,C997823402,423825.17,656717.8,0,0
236,CASH_OUT,12407.73,C351618640,29569.0,17161.27,C1462370768,0.0,12407.73,0,0
236,CASH_OUT,268569.79,C1867687913,0.0,0.0,C1567345103,751976.95,1020546.73,0,0
236,PAYMENT,6829.41,C386837367,0.0,0.0,M1150175132,0.0,0.0,0,0
236,PAYMENT,4117.49,C409630430,91032.46,86914.97,M353609408,0.0,0.0,0,0
236,CASH_IN,182607.43,C573388760,31458.0,214065.43,C1537455018,0.0,0.0,0,0
236,CASH_IN,221290.29,C330351659,539039.0,760329.29,C1855058930,96315.58,0.0,0,0
236,CASH_OUT,52314.4,C2074553386,35870.0,0.0,C1566897453,2334744.76,2387059.16,0,0
236,CASH_OUT,175073.24,C997990505,1117.0,0.0,C1234698406,682942.84,858016.08,0,0
236,CASH_IN,79266.09,C1694176011,1099925.2,1179191.29,C1471967662,113470.78,34204.69,0,0
236,CASH_OUT,100545.09,C1261836730,0.0,0.0,C1807753569,2824145.2,2924690.29,0,0
236,TRANSFER,139789.88,C1971740062,9427.18,0.0,C339713952,4128044.27,4267834.15,0,0
236,PAYMENT,10224.57,C949628205,194084.72,183860.15,M1976334467,0.0,0.0,0,0
236,CASH_OUT,203794.75,C1813949359,0.0,0.0,C944224151,303945.73,507740.47,0,0
236,TRANSFER,297489.25,C1762713608,0.0,0.0,C1763177691,514267.72,811756.97,0,0
236,PAYMENT,9768.76,C2107848780,232244.0,222475.24,M1513607979,0.0,0.0,0,0
236,PAYMENT,29939.55,C1128181564,11034.0,0.0,M199570893,0.0,0.0,0,0
236,PAYMENT,2447.7,C710707660,30746.29,28298.59,M1694115938,0.0,0.0,0,0
236,TRANSFER,1397965.96,C846446036,60479.0,0.0,C1074886312,0.0,1397965.96,0,0
236,TRANSFER,277913.1,C557114840,0.0,0.0,C1220395687,2628131.85,2906044.95,0,0
236,PAYMENT,1742.78,C615577527,0.0,0.0,M981190922,0.0,0.0,0,0
236,CASH_OUT,31081.65,C721409948,28863.59,0.0,C1916844945,160494.51,191576.16,0,0
236,CASH_OUT,171907.21,C801371509,96457.77,0.0,C1381362900,208342.09,380249.3,0,0
236,PAYMENT,9005.55,C1225060680,22384.0,13378.45,M2054763312,0.0,0.0,0,0
236,CASH_OUT,1930613.01,C968840793,0.0,0.0,C1320086136,3530929.04,5461542.05,0,0
236,CASH_OUT,139829.6,C2003058640,183.0,0.0,C1029955204,2239893.61,2680732.82,0,0
236,PAYMENT,9472.13,C1975257054,21591.0,12118.87,M584048442,0.0,0.0,0,0
236,CASH_OUT,15936.24,C1106736979,0.0,0.0,C1067446624,36847.46,52783.69,0,0
236,CASH_OUT,53469.62,C1245911373,606.0,0.0,C405528277,3774500.51,3827970.14,0,0
236,CASH_OUT,259013.6,C405319816,0.0,0.0,C268794765,11923993.47,12183007.08,0,0
236,CASH_OUT,206443.04,C1842156112,21134.0,0.0,C1918490504,7415.0,213858.04,0,0
236,CASH_OUT,3479.07,C1158354037,49689.0,46209.93,C389173339,73296.3,201810.91,0,0
236,CASH_OUT,141925.9,C1506980317,30330.0,0.0,C459675401,914769.5,1056695.39,0,0
236,CASH_OUT,196735.67,C1173952431,0.0,0.0,C2015896683,1030801.58,1227537.25,0,0
236,CASH_IN,124674.14,C250157960,35664.0,160338.14,C559613484,824400.11,699725.97,0,0
236,DEBIT,6375.89,C1087487294,1615.0,0.0,C342677697,410756.72,417132.61,0,0
236,CASH_OUT,93268.06,C363617248,0.0,0.0,C751480112,1886891.84,1980159.9,0,0
236,CASH_OUT,41668.97,C384565388,20829.0,0.0,C1836421211,0.0,41668.97,0,0
236,CASH_OUT,295979.2,C1852403832,0.0,0.0,C66212278,438440.69,734419.89,0,0
236,CASH_IN,184401.52,C860549623,5011291.74,5195693.26,C988261216,4828282.77,4643881.25,0,0
236,PAYMENT,22054.73,C1326293743,1026.0,0.0,M1302349381,0.0,0.0,0,0
236,CASH_OUT,86421.99,C276853475,0.0,0.0,C1028900205,655241.73,741663.72,0,0
236,CASH_IN,299439.73,C2068313803,8117441.56,8416881.29,C1796991441,515279.19,215839.46,0,0
236,PAYMENT,2433.52,C2128210366,134138.74,131705.22,M1753468265,0.0,0.0,0,0
236,CASH_OUT,177634.12,C1741791057,243199.0,65564.88,C1297742531,0.0,177634.12,0,0
236,CASH_OUT,125643.8,C1122118666,67601.96,0.0,C96302572,322042.31,447686.12,0,0
236,CASH_OUT,21379.68,C1755432801,44008.84,22629.16,C1278424551,1147156.34,1168536.02,0,0
236,CASH_IN,48419.69,C1989503316,909960.17,958379.86,C108068143,3551555.38,3503135.69,0,0
236,CASH_IN,99066.97,C931350249,21645.0,120711.97,C2071553154,87924.54,0.0,0,0
236,CASH_OUT,147155.87,C958111232,0.0,0.0,C740252240,3802192.87,3949348.74,0,0
236,PAYMENT,11630.21,C1531590105,0.0,0.0,M237534806,0.0,0.0,0,0
236,PAYMENT,4675.7,C1505874350,0.0,0.0,M350438645,0.0,0.0,0,0
236,PAYMENT,7194.04,C1481075552,0.0,0.0,M56972952,0.0,0.0,0,0
236,PAYMENT,6547.81,C492754851,10110.3,3562.49,M572171676,0.0,0.0,0,0
236,PAYMENT,24169.83,C2012179891,0.0,0.0,M632386899,0.0,0.0,0,0
236,CASH_OUT,277965.48,C788367230,0.0,0.0,C238461736,3549092.92,3827058.4,0,0
236,CASH_OUT,4121986.59,C915028332,4121986.59,0.0,C2135931580,0.0,4121986.59,1,0
236,TRANSFER,314328.2,C1201921185,0.0,0.0,C1497935594,5552237.15,5866565.35,0,0
236,CASH_OUT,37167.32,C437070158,21795.0,0.0,C408633168,0.0,37167.32,0,0
236,CASH_IN,95458.01,C183224405,2413816.93,2509274.94,C43673110,394408.81,298950.8,0,0
236,CASH_OUT,297097.56,C826402922,0.0,0.0,C1123296715,1792799.71,2089897.26,0,0
236,TRANSFER,781661.49,C695229080,0.0,0.0,C1934030872,1679890.49,2461551.99,0,0
237,PAYMENT,2375.71,C1253799089,56686.0,54310.29,M1465779299,0.0,0.0,0,0
237,PAYMENT,2212.93,C1329270799,23885.03,21672.1,M2009063022,0.0,0.0,0,0
237,PAYMENT,14811.23,C362446755,0.0,0.0,M1671767954,0.0,0.0,0,0
237,TRANSFER,1489599.2,C1027439399,0.0,0.0,C1786653117,4847289.07,6336888.28,0,0
237,CASH_IN,146245.29,C1875138067,30808.0,177053.29,C1965306741,0.0,0.0,0,0
237,CASH_IN,65010.45,C1275477030,4397125.93,4462136.38,C475035283,100654.83,35644.39,0,0
237,CASH_OUT,111436.93,C1839368783,1049.0,0.0,C739526150,0.0,111436.93,0,0
237,CASH_IN,105952.71,C1921481935,19861.0,125813.71,C1820735980,88205.42,0.0,0,0
237,CASH_OUT,66966.95,C372355413,203823.0,136856.05,C1503922563,1139400.57,1206367.53,0,0
237,CASH_IN,92994.17,C2126109265,1942025.62,2035019.79,C668346872,1027360.04,934365.87,0,0
237,CASH_OUT,82427.25,C1760578288,10897.0,0.0,C1865921084,566177.52,648604.77,0,0
237,CASH_IN,219034.84,C13229130,84675.0,303709.84,C1723100387,6438014.45,6218979.61,0,0
237,PAYMENT,1459.66,C33042090,6045.0,4585.34,M1945649832,0.0,0.0,0,0
237,CASH_IN,259464.66,C323804617,121352.42,380817.08,C84377156,604503.2,345038.54,0,0
237,PAYMENT,4114.34,C250206206,11424.0,7309.66,M590685460,0.0,0.0,0,0
237,CASH_OUT,35935.34,C1557916612,112286.0,76350.66,C713597841,4858511.71,4894447.05,0,0
237,CASH_IN,168361.46,C1745565917,31448.0,199809.46,C1872560373,811568.84,643207.38,0,0
237,CASH_OUT,69461.74,C223274936,528.0,0.0,C1502371397,0.0,69461.74,0,0
237,PAYMENT,19075.08,C1521459694,0.0,0.0,M1967944913,0.0,0.0,0,0
237,CASH_IN,135032.75,C2008382938,5200425.91,5335458.66,C106318131,1085447.4,1859174.03,0,0
237,CASH_OUT,94235.88,C582006980,121844.0,27608.12,C1199393278,0.0,94235.88,0,0
238,CASH_OUT,570361.72,C2136425781,0.0,0.0,C216641754,4187019.26,4757380.98,0,0
238,CASH_IN,126350.16,C357219379,4272593.73,4398943.89,C408402346,158542.16,32191.99,0,0
238,CASH_OUT,83452.43,C1974709822,0.0,0.0,C1666254466,976244.32,1059696.75,0,0
238,PAYMENT,7793.94,C1570563219,125.0,0.0,M165609337,0.0,0.0,0,0
238,PAYMENT,18979.5,C1365787092,0.0,0.0,M224026021,0.0,0.0,0,0
238,PAYMENT,7045.2,C20027758,67036.26,59991.06,M2052535088,0.0,0.0,0,0
238,PAYMENT,14794.63,C2136833556,0.0,0.0,M47703920,0.0,0.0,0,0
238,CASH_OUT,131244.72,C1203714223,122698.0,0.0,C141395238,250166.98,381411.7,0,0
238,PAYMENT,510.46,C760860636,96230.68,95720.22,M1464500763,0.0,0.0,0,0
238,PAYMENT,2576.26,C388433392,52597.0,50020.74,M16187181,0.0,0.0,0,0
238,CASH_IN,56037.31,C41905744,30562.0,86599.31,C367351165,0.0,0.0,0,0
238,CASH_IN,221394.77,C1498525062,15200.0,236594.77,C784889456,0.0,0.0,0,0
238,PAYMENT,5417.67,C980538102,43846.0,38428.33,M1437268282,0.0,0.0,0,0
238,PAYMENT,170.74,C418439722,56218.0,56047.26,M1381918035,0.0,0.0,0,0
238,CASH_IN,228308.22,C1322915981,3789720.02,4018028.24,C1564497988,12188541.61,11960233.39,0,0
238,CASH_IN,268337.13,C988464531,5514341.19,5782678.32,C1845693540,838394.73,570057.6,0,0
238,CASH_OUT,192343.31,C1575056617,0.0,0.0,C388007008,566356.98,758700.29,0,0
238,CASH_OUT,82481.73,C258979937,0.0,0.0,C212543033,378762.49,461244.22,0,0
238,CASH_OUT,106917.92,C1249041437,0.0,0.0,C50590067,116157.88,223075.79,0,0
238,PAYMENT,2800.73,C637028705,0.0,0.0,M412523668,0.0,0.0,0,0
238,CASH_OUT,535873.2,C967021842,545917.94,10044.75,C563863745,618914.95,1154788.15,0,0
238,PAYMENT,9982.46,C1884593644,16941.15,6958.69,M854435922,0.0,0.0,0,0
238,TRANSFER,125778.41,C759392093,0.0,0.0,C1523642754,1100339.17,1226117.58,0,0
239,PAYMENT,21235.84,C882282746,0.0,0.0,M420614930,0.0,0.0,0,0
239,PAYMENT,31.31,C1863143815,0.0,0.0,M867932421,0.0,0.0,0,0
239,CASH_OUT,76695.84,C1032717610,0.0,0.0,C254564542,10098528.5,10175224.33,0,0
239,TRANSFER,524230.8,C224435868,302.0,0.0,C1003444218,1103420.04,1627650.85,0,0
239,CASH_OUT,90864.79,C1921160173,63892.0,0.0,C1821280434,160863.11,251727.9,0,0
239,CASH_OUT,118140.93,C2136234469,36172.0,0.0,C330934445,298564.52,416705.46,0,0
239,PAYMENT,12978.57,C645268726,121588.72,108610.15,M393279719,0.0,0.0,0,0
239,PAYMENT,11054.78,C1841328210,701662.9,690608.12,M1922694608,0.0,0.0,0,0
239,CASH_OUT,200881.36,C1380372426,0.0,0.0,C602401257,677049.56,877930.92,0,0
239,CASH_OUT,258651.51,C83231689,0.0,0.0,C35984404,1332461.36,1591112.87,0,0
240,PAYMENT,3735.78,C897528662,20447.0,16711.22,M1891224109,0.0,0.0,0,0
240,PAYMENT,3179.99,C1939321778,25684.0,22504.01,M2078188171,0.0,0.0,0,0
240,CASH_IN,33764.72,C1913397998,714004.97,747769.69,C2058497438,400411.83,366647.1,0,0
240,PAYMENT,2714.11,C1999419303,374.0,0.0,M1949238671,0.0,0.0,0,0
240,PAYMENT,7633.67,C1019244280,13880.0,6246.33,M787692231,0.0,0.0,0,0
240,CASH_IN,280676.1,C1257655281,394615.17,675291.26,C1655281846,405789.58,125113.48,0,0
241,PAYMENT,125.45,C97958815,27869.0,27743.55,M1801902038,0.0,0.0,0,0
241,PAYMENT,254.22,C2021741411,30852.0,30597.78,M2124062683,0.0,0.0,0,0
241,PAYMENT,50.38,C1996302445,11508.0,11457.62,M924402780,0.0,0.0,0,0
242,PAYMENT,10846.56,C1996952664,201821.0,190974.44,M1079175024,0.0,0.0,0,0
242,CASH_OUT,60277.8,C2008273287,8736.0,0.0,C258443616,0.0,60277.8,0,0
242,TRANSFER,509985.31,C973074458,509985.31,0.0,C1408872887,0.0,0.0,1,0
249,CASH_OUT,234251.59,C455233543,0.0,0.0,C1113250704,819149.89,1122700.9,0,0
249,CASH_IN,275776.54,C1266110499,16886941.57,17162718.11,C1505225889,3705123.4,3429346.86,0,0
249,PAYMENT,5058.83,C919210296,835785.67,830726.84,M709186542,0.0,0.0,0,0
249,PAYMENT,12876.53,C2111590653,601869.32,588992.79,M1929162774,0.0,0.0,0,0
249,PAYMENT,20499.42,C154741972,0.0,0.0,M795914695,0.0,0.0,0,0
249,CASH_OUT,48698.8,C1661228519,0.0,0.0,C1050910573,3518354.66,3567053.46,0,0
249,TRANSFER,557667.98,C1154031787,52479.0,0.0,C730643342,0.0,557667.98,0,0
249,TRANSFER,1289957.83,C1429785941,258361.47,0.0,C455894036,1680514.45,2970472.28,0,0
249,CASH_OUT,124035.68,C1292696869,11560.0,0.0,C735249538,951951.18,1075986.86,0,0
249,CASH_IN,228887.24,C767436688,14918814.48,15147701.72,C1425379403,500575.82,271688.58,0,0
249,CASH_OUT,96678.27,C614586615,0.0,0.0,C82111342,234279.03,330957.3,0,0
249,CASH_IN,213333.7,C2095151299,132222.0,345555.7,C376147673,0.0,0.0,0,0
249,PAYMENT,980.17,C519870772,104293.21,103313.04,M1385043893,0.0,0.0,0,0
249,CASH_OUT,209120.9,C195466223,0.0,0.0,C2075566592,934578.99,1143699.89,0,0
249,PAYMENT,30390.14,C1285126781,0.0,0.0,M882457264,0.0,0.0,0,0
249,CASH_OUT,277184.53,C244436833,854.0,0.0,C1151487520,3345653.75,3622838.28,0,0
249,CASH_OUT,500684.1,C1722124327,0.0,0.0,C67993734,1062368.98,1563053.07,0,0
249,PAYMENT,8068.34,C718603322,0.0,0.0,M1202829152,0.0,0.0,0,0
249,CASH_IN,61135.12,C1107553339,4112039.0,4173174.12,C1745258294,4486784.26,4425649.14,0,0
249,PAYMENT,4963.19,C1101153427,69998.0,65034.81,M1850755669,0.0,0.0,0,0
249,CASH_IN,166237.15,C123777698,9142266.02,9308503.17,C2007540278,743980.23,577743.09,0,0
249,CASH_IN,285763.35,C213163124,9105729.55,9391492.9,C1451263661,677064.41,391301.06,0,0
249,PAYMENT,25571.17,C942555111,31835.35,6264.18,M1827253612,0.0,0.0,0,0
249,CASH_IN,157334.26,C1335269512,95844.0,253178.26,C2082833712,0.0,0.0,0,0
249,PAYMENT,12535.64,C1402690180,6344.0,0.0,M1369468952,0.0,0.0,0,0
249,CASH_OUT,153101.58,C1045688016,480119.0,327017.42,C1599238715,1246836.71,1399938.3,0,0
249,PAYMENT,15851.35,C469067931,12584.0,0.0,M2076559787,0.0,0.0,0,0
249,CASH_OUT,871.49,C170520119,0.0,0.0,C141342598,408073.52,408945.0,0,0
249,CASH_IN,259834.59,C66278801,21193.0,281027.59,C1919307764,1706779.97,1446945.38,0,0
249,PAYMENT,24644.52,C243874474,0.0,0.0,M1938303520,0.0,0.0,0,0
249,CASH_OUT,203029.39,C131243337,52039.0,0.0,C1709983447,1172925.45,1375954.84,0,0
249,PAYMENT,33128.09,C1927183326,0.0,0.0,M1338348012,0.0,0.0,0,0
249,CASH_OUT,11858.04,C1419573373,0.0,0.0,C1802307306,3715310.17,3727168.21,0,0
250,PAYMENT,780.66,C172765167,0.0,0.0,M47869253,0.0,0.0,0,0
250,CASH_OUT,18953.43,C122634309,0.0,0.0,C1738653713,214006.58,232960.01,0,0
250,CASH_OUT,203978.99,C973026998,0.0,0.0,C1299091147,10797946.12,11001925.12,0,0
250,PAYMENT,26024.05,C422659909,0.0,0.0,M1776305701,0.0,0.0,0,0
250,CASH_OUT,65426.99,C191027853,39902.0,0.0,C255013589,0.0,65426.99,0,0
250,CASH_OUT,347806.06,C349435948,11430.0,0.0,C999233004,0.0,347806.06,0,0
250,PAYMENT,2048.2,C70725760,40730.0,38681.8,M1732442172,0.0,0.0,0,0
250,CASH_OUT,371588.09,C2022915919,93852.0,0.0,C1993947368,288559.28,710958.6,0,0
250,PAYMENT,2618.59,C1624612194,0.0,0.0,M2089929384,0.0,0.0,0,0
250,CASH_IN,543568.19,C640700434,147606.98,691175.17,C505363735,734600.08,191031.88,0,0
250,PAYMENT,1206.12,C1923288841,0.0,0.0,M815827683,0.0,0.0,0,0
250,PAYMENT,851.69,C330213547,58340.55,57488.86,M1597327952,0.0,0.0,0,0
250,PAYMENT,13656.14,C369263499,0.0,0.0,M1819942970,0.0,0.0,0,0
250,CASH_IN,536434.93,C1432284050,62320.0,598754.93,C668744045,2054265.93,1517831.0,0,0
250,PAYMENT,33578.07,C811507133,25136.0,0.0,M1740111161,0.0,0.0,0,0
250,CASH_OUT,195185.15,C2036453705,0.0,0.0,C1842932004,211848.09,407033.24,0,0
250,CASH_OUT,128121.55,C208003780,0.0,0.0,C1035526051,1170868.32,1298989.87,0,0
250,TRANSFER,536059.65,C1178545868,96461.44,0.0,C1806911361,1941134.43,2477194.09,0,0
250,CASH_IN,241929.49,C883458587,10389.0,252318.49,C940711963,367798.24,0.0,0,0
250,PAYMENT,750.98,C664595497,0.0,0.0,M991875063,0.0,0.0,0,0
250,CASH_IN,173258.66,C1157442738,50299.0,223557.66,C1602065262,865355.16,692096.49,0,0
250,CASH_OUT,20573.95,C2120266696,0.0,0.0,C968538291,344571.61,365145.56,0,0
250,TRANSFER,434395.94,C277400262,0.0,0.0,C743342279,1964107.28,2398503.21,0,0
250,CASH_IN,67840.22,C1934228505,6837398.77,6905238.99,C1067950746,133985.26,66145.03,0,0
250,PAYMENT,22631.24,C1636901411,69344.25,46713.02,M2011885630,0.0,0.0,0,0
250,PAYMENT,23815.53,C961987595,20880.0,0.0,M469216411,0.0,0.0,0,0
250,PAYMENT,14393.09,C133537249,25925.0,11531.91,M1298260540,0.0,0.0,0,0
250,CASH_OUT,76729.42,C2053072695,0.0,0.0,C161535039,1046446.34,1123175.76,0,0
250,CASH_IN,41418.82,C284070959,105042.0,146460.82,C1029108393,0.0,0.0,0,0
250,CASH_OUT,185881.65,C728437941,81572.0,0.0,C334974557,725623.29,911504.94,0,0
250,CASH_OUT,416909.09,C42954532,0.0,0.0,C1004858230,1104918.47,1521827.56,0,0
250,CASH_OUT,12338.76,C541900328,0.0,0.0,C1121487144,2850993.27,3068982.02,0,0
250,CASH_OUT,715120.86,C203929783,20767.0,0.0,C633595446,6977460.46,7692581.33,0,0
250,CASH_IN,78562.02,C1967939707,8232688.5,8311250.52,C1791919223,1900711.97,1822149.95,0,0
250,PAYMENT,1564.57,C1323141321,158579.1,157014.53,M1081583253,0.0,0.0,0,0
250,CASH_OUT,223645.34,C563251098,15820.0,0.0,C386507047,711984.51,935629.85,0,0
250,PAYMENT,22967.93,C978646437,73859.92,50891.99,M2004286432,0.0,0.0,0,0
250,CASH_OUT,143273.49,C1855635415,0.0,0.0,C909208243,6313487.64,6456761.13,0,0
250,CASH_IN,104362.05,C532280528,5865.0,110227.05,C1966534453,2772296.96,2667934.91,0,0
250,CASH_OUT,279129.87,C539068890,83120.56,0.0,C1381667245,2472087.58,2751217.45,0,0
250,PAYMENT,24815.72,C1510611984,0.0,0.0,M1270969184,0.0,0.0,0,0
250,CASH_OUT,282118.52,C1109928202,296248.0,14129.48,C1280212468,1272089.28,1554207.8,0,0
250,PAYMENT,19194.29,C1904669589,430.0,0.0,M1884933054,0.0,0.0,0,0
250,PAYMENT,10882.42,C1938275488,119665.46,108783.04,M484120564,0.0,0.0,0,0
250,CASH_OUT,455186.89,C639271945,0.0,0.0,C387625454,773462.45,1228649.34,0,0
250,PAYMENT,48952.45,C1249943071,0.0,0.0,M1454993613,0.0,0.0,0,0
250,CASH_OUT,287043.69,C800818855,0.0,0.0,C1405407691,448060.24,735103.93,0,0
250,PAYMENT,60273.39,C1903456294,327387.85,267114.46,M1770718433,0.0,0.0,0,0
250,CASH_OUT,11171.8,C1308729246,0.0,0.0,C167168722,387954.75,399126.55,0,0
251,CASH_OUT,47724.53,C1392113574,1603.0,0.0,C1696831443,356009.41,403733.93,0,0
251,CASH_OUT,64357.35,C551373672,51406.0,0.0,C22821335,214451.01,278808.36,0,0
251,PAYMENT,18176.2,C938376149,32960.0,14783.8,M1012044971,0.0,0.0,0,0
251,TRANSFER,746743.2,C1137542323,0.0,0.0,C151300021,2125130.14,2871873.34,0,0
251,CASH_OUT,55976.88,C1817807952,20454.0,0.0,C1062714995,11528.56,67505.44,0,0
251,CASH_IN,367301.33,C949993717,727.0,368028.33,C1428976024,0.0,0.0,0,0
251,CASH_OUT,11341.58,C204723970,0.0,0.0,C39497494,467374.2,478715.78,0,0
251,PAYMENT,29330.6,C1968631714,51972.0,22641.4,M677140485,0.0,0.0,0,0
251,CASH_IN,457506.67,C1431188373,4850811.13,5308317.8,C763754276,951404.99,493898.33,0,0
251,CASH_IN,346051.24,C1072246370,3281817.19,3627868.43,C1569040041,2193697.83,1847646.59,0,0
251,PAYMENT,10698.89,C70482853,629353.4,618654.52,M485185520,0.0,0.0,0,0
251,CASH_IN,331204.97,C2038618792,108418.17,439623.14,C928118983,366365.33,35160.35,0,0
251,CASH_OUT,79454.19,C1760888621,0.0,0.0,C700150725,321075.71,400529.91,0,0
251,PAYMENT,18045.75,C1848983213,898.0,0.0,M946473414,0.0,0.0,0,0
251,TRANSFER,754703.43,C316829166,11198.0,0.0,C1218801136,343166.31,1097869.74,0,0
251,CASH_OUT,57421.58,C1001918525,50946.0,0.0,C1977920088,1671242.07,1728663.65,0,0
251,CASH_OUT,180787.08,C328494479,42653.0,0.0,C1530724631,0.0,180787.08,0,0
251,PAYMENT,5577.76,C455109738,0.0,0.0,M1062160288,0.0,0.0,0,0
251,CASH_OUT,184692.31,C624318610,82.0,0.0,C511304431,471732.11,656424.41,0,0
251,PAYMENT,51654.39,C134326804,6026.0,0.0,M9683254,0.0,0.0,0,0
251,CASH_OUT,179375.38,C485364083,31427.0,0.0,C1051948518,0.0,179375.38,0,0
251,CASH_IN,358748.35,C1544148563,31395.0,390143.35,C1514510999,0.0,0.0,0,0
251,PAYMENT,24528.78,C138271260,0.0,0.0,M66511053,0.0,0.0,0,0
251,CASH_IN,45090.5,C1998469924,42126.0,87216.5,C985934330,0.0,0.0,0,0
251,CASH_OUT,534309.4,C1489212776,10612.0,0.0,C717264364,850668.05,1384977.45,0,0
251,CASH_IN,309215.52,C1405552031,3240257.3,3549472.82,C2111514550,595174.61,285959.1,0,0
251,PAYMENT,67418.95,C1659574797,220.0,0.0,M1070720934,0.0,0.0,0,0
251,CASH_OUT,226041.42,C873322535,0.0,0.0,C1009928796,624006.56,850047.97,0,0
251,CASH_OUT,138283.09,C1341433428,0.0,0.0,C1219447814,2609671.3,2747954.39,0,0
251,CASH_OUT,134679.51,C90534966,57.0,0.0,C1503449819,0.0,134679.51,0,0
251,CASH_OUT,267107.76,C926535697,0.0,0.0,C1909786419,1013431.2,1280538.96,0,0
251,PAYMENT,7900.66,C1237322013,158354.1,150453.44,M1078400931,0.0,0.0,0,0
251,PAYMENT,30858.85,C486674062,741.0,0.0,M2057370944,0.0,0.0,0,0
251,PAYMENT,25753.02,C1905408563,1097.0,0.0,M1857846761,0.0,0.0,0,0
251,CASH_OUT,46146.36,C1005595787,0.0,0.0,C186063853,101848.89,147995.25,0,0
251,PAYMENT,12421.55,C2018777905,155001.0,142579.45,M809614569,0.0,0.0,0,0
251,CASH_OUT,217768.26,C2127370357,0.0,0.0,C463028292,783472.05,1001240.31,0,0
251,TRANSFER,1605036.69,C435893395,11258.0,0.0,C1581032686,106072.37,1711109.06,0,0
251,CASH_OUT,95852.04,C135764704,0.0,0.0,C1569386748,2347442.6,2443294.64,0,0
251,PAYMENT,15129.2,C1360726843,21393.0,6263.8,M1407521613,0.0,0.0,0,0
251,PAYMENT,30658.16,C473235408,0.0,0.0,M797403518,0.0,0.0,0,0
251,PAYMENT,7909.72,C471503090,0.0,0.0,M58849341,0.0,0.0,0,0
251,CASH_OUT,21365.15,C965505274,0.0,0.0,C100729304,3686622.96,3707988.11,0,0
252,CASH_OUT,53885.37,C1825652798,0.0,0.0,C1627826166,565264.52,619149.89,0,0
252,CASH_OUT,152467.04,C2001582520,17904.88,0.0,C2061147629,296009.0,448476.03,0,0
252,TRANSFER,575110.05,C310843221,0.0,0.0,C1445249508,743258.15,1318368.21,0,0
252,PAYMENT,20843.52,C1500739284,20508.0,0.0,M1437533991,0.0,0.0,0,0
252,TRANSFER,363327.53,C814215279,0.0,0.0,C172341882,2262927.15,2626254.68,0,0
252,PAYMENT,18849.2,C644409282,348028.36,329179.17,M725758894,0.0,0.0,0,0
252,CASH_OUT,518421.03,C1387590359,67763.0,0.0,C1022830616,1287057.8,1805478.82,0,0
252,CASH_IN,163129.18,C265508083,13444.0,176573.18,C1509633330,0.0,0.0,0,0
252,CASH_OUT,156901.82,C684431039,0.0,0.0,C1866188825,2051525.14,2208426.96,0,0
252,CASH_IN,231023.46,C755758805,164.0,231187.46,C487803404,0.0,0.0,0,0
252,CASH_OUT,222211.47,C1780441896,49590.0,0.0,C2058303376,0.0,222211.47,0,0
252,PAYMENT,11053.44,C317163543,0.0,0.0,M1326740360,0.0,0.0,0,0
252,CASH_IN,121102.29,C1511312284,2705054.09,2826156.38,C103819894,901432.75,780330.46,0,0
252,CASH_IN,21209.91,C156830059,4494056.37,4515266.28,C644824748,5507586.31,5486376.4,0,0
252,CASH_OUT,280465.68,C1302431905,6213.0,0.0,C1300152506,109514.67,389980.35,0,0
252,PAYMENT,57883.55,C1751989447,74878.0,16994.45,M1270610495,0.0,0.0,0,0
252,CASH_OUT,266747.18,C785885118,0.0,0.0,C1747754578,1496919.33,1763666.51,0,0
252,CASH_OUT,140139.03,C436490913,0.0,0.0,C688330440,244970.79,385109.82,0,0
252,CASH_OUT,288689.98,C637507944,0.0,0.0,C951002379,445703.59,734393.57,0,0
252,CASH_OUT,304623.06,C649436763,0.0,0.0,C1371164632,3347580.1,3652203.16,0,0
252,CASH_IN,111285.54,C450213745,1232750.82,1344036.36,C1141553617,524600.25,413314.7,0,0
252,CASH_OUT,487773.73,C492004880,520.0,0.0,C833783696,10011437.02,10499210.75,0,0
252,PAYMENT,3752.73,C153060310,0.0,0.0,M1145770816,0.0,0.0,0,0
252,CASH_IN,10204.0,C291668222,5045064.05,5055268.05,C1675087243,927164.24,916960.24,0,0
252,CASH_OUT,160193.78,C761902526,23061.0,0.0,C1006163592,337019.75,497213.53,0,0
252,CASH_OUT,44005.58,C1012414905,710.0,0.0,C1407402844,0.0,44005.58,0,0
252,CASH_IN,369519.67,C888926049,236.0,369755.67,C1354375528,2072962.31,1703442.64,0,0
252,PAYMENT,49054.33,C1881019922,90537.0,41482.67,M1026135174,0.0,0.0,0,0
252,TRANSFER,591024.42,C937998822,600473.0,9448.58,C66108622,161035.35,752059.78,0,0
252,CASH_OUT,4023.35,C133233775,44189.0,40165.65,C1486399228,1998935.15,2002958.51,0,0
252,CASH_OUT,138637.98,C1939084118,29967.0,0.0,C905182153,0.0,138637.98,0,0
252,PAYMENT,11770.46,C38043323,2060.0,0.0,M1732572045,0.0,0.0,0,0
252,CASH_OUT,46101.89,C1576770942,0.0,0.0,C1895173883,2238326.76,2284428.65,0,0
252,CASH_IN,370858.76,C1173640965,9970.0,380828.76,C550281940,12957.82,0.0,0,0
252,CASH_IN,223016.64,C986301447,173.0,223189.64,C451015970,68968.04,0.0,0,0
252,PAYMENT,3495.54,C451103506,0.0,0.0,M1692062181,0.0,0.0,0,0
252,TRANSFER,76625.2,C1102779189,26669.76,0.0,C1184100736,2226737.54,2303362.73,0,0
252,PAYMENT,4019.95,C359155820,0.0,0.0,M1734674070,0.0,0.0,0,0
252,CASH_IN,169706.67,C2090316372,153255.0,322961.67,C359379033,169197.15,608474.46,0,0
252,CASH_IN,35181.64,C1745019138,6850492.88,6885674.52,C386738611,475264.97,440083.33,0,0
252,CASH_IN,151573.44,C203158409,1412.0,152985.44,C730035352,6140006.4,5988432.96,0,0
252,PAYMENT,25413.87,C103911876,485092.16,459678.29,M202269368,0.0,0.0,0,0
252,CASH_OUT,160560.42,C685104860,119052.0,0.0,C2014637153,86370.48,246930.89,0,0
252,CASH_OUT,174636.98,C1632283740,0.0,0.0,C1527009983,5115272.24,5289909.22,0,0
252,CASH_IN,182023.23,C1178767428,552648.84,734672.07,C1958878239,2422981.24,2240958.01,0,0
252,CASH_OUT,53715.29,C1138387973,0.0,0.0,C53820707,470454.83,524170.12,0,0
252,CASH_OUT,3246.88,C1938116000,0.0,0.0,C1553123578,8026.07,11272.95,0,0
252,PAYMENT,26816.49,C831689335,0.0,0.0,M508481744,0.0,0.0,0,0
252,PAYMENT,24521.51,C1248872869,0.0,0.0,M345285693,0.0,0.0,0,0
252,CASH_IN,276789.79,C422007804,6498336.24,6775126.03,C696549145,798125.0,684364.13,0,0
252,PAYMENT,8169.78,C804235607,29027.34,20857.56,M552790312,0.0,0.0,0,0
252,PAYMENT,43688.6,C1979946568,711.0,0.0,M411351054,0.0,0.0,0,0
252,CASH_IN,296161.49,C262697505,8352673.5,8648834.99,C2002509474,1571130.24,1274968.76,0,0
252,PAYMENT,43874.05,C352572560,0.0,0.0,M1514654231,0.0,0.0,0,0
252,CASH_OUT,5525.83,C433609841,103088.0,97562.17,C1762758559,1603905.58,1516998.59,0,0
252,PAYMENT,53960.56,C1915760529,85405.98,31445.42,M1388728018,0.0,0.0,0,0
252,CASH_OUT,577551.85,C836135168,7756.0,0.0,C1237712509,40434.27,617986.11,0,0
252,CASH_IN,14532.94,C295955650,14882305.24,14896838.18,C2117336173,1392778.36,1378245.42,0,0
252,PAYMENT,24996.9,C236980667,11152.0,0.0,M1795727793,0.0,0.0,0,0
252,CASH_IN,218983.61,C1771481143,102520.0,321503.61,C78412078,0.0,0.0,0,0
253,CASH_IN,329566.16,C1362201609,11634367.04,11963933.2,C482370726,1504801.07,1175234.9,0,0
253,CASH_OUT,35956.31,C331364624,39217.0,3260.69,C1065075766,0.0,35956.31,0,0
253,CASH_IN,310408.52,C1423293945,1362588.61,1672997.13,C490933719,763301.04,495852.33,0,0
253,CASH_IN,199203.02,C59292829,1673018.32,1872221.34,C1693491187,1782336.53,1583133.51,0,0
253,CASH_IN,134017.62,C255580375,15988.0,150005.62,C1820775155,211172.63,77155.01,0,0
253,CASH_IN,70845.4,C987986389,11283.0,82128.4,C884311329,0.0,0.0,0,0
253,CASH_OUT,413740.87,C505403631,0.0,0.0,C768673474,27520642.04,27934382.91,0,0
253,PAYMENT,4851.23,C915570288,33538.09,28686.86,M2029356313,0.0,0.0,0,0
253,CASH_IN,190957.55,C708822425,1541103.39,1732060.94,C1279320726,1366092.83,1175135.29,0,0
253,CASH_IN,121980.85,C716682277,10593425.07,10715405.92,C1094820116,1958277.55,1836296.7,0,0
253,CASH_IN,556454.49,C952431267,30137.0,586591.49,C398247583,0.0,0.0,0,0
253,CASH_OUT,206632.2,C1537437027,0.0,0.0,C1685678563,230939.88,437572.09,0,0
253,CASH_OUT,326642.48,C1478537969,102346.0,0.0,C100699723,45418.03,372060.52,0,0
253,CASH_IN,88969.93,C1472596671,9044.0,98013.93,C1629210465,0.0,0.0,0,0
253,PAYMENT,7354.34,C204840798,25672.76,18318.42,M1751582279,0.0,0.0,0,0
253,PAYMENT,8057.93,C1702538071,268895.48,260837.55,M1237649245,0.0,0.0,0,0
253,CASH_OUT,318936.0,C810223828,329692.0,10756.0,C324232997,2639763.99,2958700.0,0,0
253,PAYMENT,12285.34,C1704555076,0.0,0.0,M1768003488,0.0,0.0,0,0
253,PAYMENT,37461.5,C382510756,0.0,0.0,M17084275,0.0,0.0,0,0
253,CASH_IN,78046.36,C1979241763,1525265.35,1603311.72,C281216119,536129.63,458083.27,0,0
253,CASH_IN,96246.89,C324213614,7488.0,103734.89,C174250568,0.0,0.0,0,0
253,PAYMENT,13997.3,C2118466583,10845.0,0.0,M605659603,0.0,0.0,0,0
253,PAYMENT,20169.06,C1000871973,180613.48,160444.42,M149675989,0.0,0.0,0,0
253,PAYMENT,28262.7,C259774888,207.0,0.0,M1841864067,0.0,0.0,0,0
253,CASH_OUT,87948.38,C1685272176,0.0,0.0,C1972152749,5370398.93,5458347.31,0,0
253,CASH_OUT,170760.64,C670772150,0.0,0.0,C2000487698,262061.41,432822.05,0,0
253,CASH_OUT,425885.54,C238455053,0.0,0.0,C1824851324,1781021.52,2206907.06,0,0
253,PAYMENT,12785.43,C320144944,0.0,0.0,M1420261514,0.0,0.0,0,0
253,CASH_OUT,56137.95,C1531764077,50185.0,0.0,C1818336228,0.0,56137.95,0,0
253,PAYMENT,22943.38,C1745695919,0.0,0.0,M1215983763,0.0,0.0,0,0
253,CASH_OUT,507.92,C1001021750,62876.0,62368.08,C1448972311,475200.63,475708.55,0,0
253,CASH_IN,125795.29,C499478987,2486818.76,2612614.05,C2050129337,1062543.8,936748.51,0,0
253,PAYMENT,24247.38,C296871994,0.0,0.0,M1063069067,0.0,0.0,0,0
253,CASH_OUT,79426.06,C1978954479,22277.0,0.0,C335864299,167398.18,246824.25,0,0
253,CASH_IN,175238.13,C390236949,188.0,175426.13,C1278842447,0.0,0.0,0,0
253,PAYMENT,28925.45,C1905039751,30173.0,1247.55,M493853182,0.0,0.0,0,0
253,CASH_OUT,157181.3,C992443947,147354.0,0.0,C174936423,1089754.99,1246936.28,0,0
253,PAYMENT,59895.37,C415655730,30844.0,0.0,M143720903,0.0,0.0,0,0
253,CASH_OUT,237068.32,C578527596,25306.0,0.0,C1564467482,33587.37,270655.69,0,0
253,CASH_IN,489078.74,C813671957,53938.0,543016.74,C976828749,0.0,0.0,0,0
253,CASH_OUT,130085.75,C174906013,0.0,0.0,C96826408,5022257.31,5257698.11,0,0
253,CASH_OUT,179309.11,C1782409857,263806.0,84496.89,C999088040,0.0,179309.11,0,0
253,CASH_OUT,331696.96,C836686500,0.0,0.0,C952912863,470613.05,802310.01,0,0
253,PAYMENT,22134.03,C1433325035,8178.68,0.0,M712835223,0.0,0.0,0,0
253,CASH_OUT,84472.1,C43245588,30304.0,0.0,C2126845202,2443095.44,2527567.55,0,0
253,CASH_OUT,248218.85,C1618300382,0.0,0.0,C1499489682,12059457.47,12307676.32,0,0
253,CASH_IN,60949.05,C793595414,59542.0,120491.05,C1417603490,0.0,0.0,0,0
253,CASH_OUT,117055.11,C1050347250,0.0,0.0,C1148743314,287942.66,404997.77,0,0
253,CASH_OUT,521513.08,C1551875120,12.0,0.0,C282410461,196796.32,718309.4,0,0
254,CASH_OUT,16721.18,C221587729,0.0,0.0,C1886238290,1129569.47,1146290.65,0,0
254,CASH_OUT,158582.55,C1115665445,0.0,0.0,C122252510,1524258.79,1682841.34,0,0
254,PAYMENT,15946.16,C1381855043,3317.0,0.0,M1528732469,0.0,0.0,0,0
254,PAYMENT,7399.0,C1925647598,0.0,0.0,M252572873,0.0,0.0,0,0
254,DEBIT,1172.51,C1247301954,9961.0,8788.49,C1654183234,104172.13,105344.64,0,0
254,CASH_IN,121435.19,C1029314389,6630180.44,6751615.64,C140934286,506583.01,385147.82,0,0
254,PAYMENT,14563.34,C1179049659,12444.0,0.0,M1426551391,0.0,0.0,0,0
254,CASH_OUT,6945.85,C328302760,778.0,0.0,C2138032938,464361.56,471307.41,0,0
254,CASH_IN,138159.7,C1661156592,212339.0,350498.7,C460968607,7302550.28,7164390.58,0,0
254,TRANSFER,141048.86,C1773102250,0.0,0.0,C1894521258,573031.11,714079.98,0,0
254,CASH_IN,199150.73,C2060480631,61447.0,260597.73,C1943372239,395374.06,196223.32,0,0
254,PAYMENT,22510.11,C1786031448,141.0,0.0,M593768843,0.0,0.0,0,0
254,PAYMENT,7259.56,C1780204538,11363.0,4103.44,M335519326,0.0,0.0,0,0
254,CASH_IN,49577.3,C1365291762,1018969.8,1068547.1,C557391802,1295291.82,1245714.53,0,0
254,TRANSFER,810402.59,C1343350636,0.0,0.0,C1851668139,12524803.78,13335206.37,0,0
254,PAYMENT,12213.35,C385434660,447436.4,435223.05,M879758170,0.0,0.0,0,0
254,PAYMENT,16473.99,C2094883193,105780.0,89306.01,M1273272019,0.0,0.0,0,0
254,PAYMENT,3779.95,C963131115,63188.88,59408.93,M1180248623,0.0,0.0,0,0
254,CASH_IN,182149.25,C1976965011,27153.0,209302.25,C9382089,0.0,0.0,0,0
254,CASH_OUT,325119.13,C481973325,20870.0,0.0,C961040287,3879072.1,4204191.23,0,0
254,PAYMENT,19269.13,C1945797336,5568.0,0.0,M344941003,0.0,0.0,0,0
254,PAYMENT,3726.31,C122544539,286958.0,283231.69,M120611008,0.0,0.0,0,0
254,PAYMENT,10583.51,C241492040,91573.38,80989.86,M1468311690,0.0,0.0,0,0
254,PAYMENT,11524.56,C189457575,0.0,0.0,M1440197931,0.0,0.0,0,0
254,CASH_OUT,111525.73,C689060943,60424.0,0.0,C786256203,1390127.9,1501653.63,0,0
254,CASH_OUT,45457.85,C294152816,0.0,0.0,C1681549183,392609.53,438067.38,0,0
254,CASH_OUT,131980.82,C1342440151,228116.0,96135.18,C276508509,0.0,131980.82,0,0
254,CASH_OUT,255848.15,C464613919,166.0,0.0,C1360142243,946635.2,1202483.35,0,0
254,TRANSFER,10789.0,C305749305,10789.0,0.0,C1981629622,0.0,0.0,1,0
254,CASH_OUT,121692.71,C1675181510,0.0,0.0,C1701540117,1052399.81,1174092.52,0,0
254,PAYMENT,6280.64,C133274868,4123.78,0.0,M1645298627,0.0,0.0,0,0
254,TRANSFER,266676.7,C1703127019,23675.38,0.0,C334690734,481923.87,748600.57,0,0
254,CASH_IN,306358.67,C1733754214,21694.0,328052.67,C1303739286,408611.37,102252.7,0,0
254,PAYMENT,1555.59,C136221053,0.0,0.0,M1084799985,0.0,0.0,0,0
254,CASH_IN,22576.94,C276785940,978110.55,1000687.5,C477701241,131934.5,109357.55,0,0
254,PAYMENT,5893.53,C1698138828,1721.0,0.0,M1308726469,0.0,0.0,0,0
254,PAYMENT,22905.78,C1074458876,0.0,0.0,M1306213632,0.0,0.0,0,0
254,CASH_OUT,233996.5,C1264023677,243057.0,9060.5,C451209768,0.0,233996.5,0,0
254,PAYMENT,2246.39,C791396970,339.0,0.0,M55390658,0.0,0.0,0,0
254,PAYMENT,9155.01,C1480418183,0.0,0.0,M476538683,0.0,0.0,0,0
254,CASH_OUT,112485.94,C1431012044,0.0,0.0,C85925209,2205337.94,2317823.89,0,0
254,PAYMENT,29378.3,C835571757,61790.0,32411.7,M908448892,0.0,0.0,0,0
254,PAYMENT,7873.32,C825925393,15175.0,7301.68,M1175355091,0.0,0.0,0,0
254,TRANSFER,235988.24,C498508494,15243.0,0.0,C637195419,0.0,235988.24,0,0
254,PAYMENT,3426.24,C1809096086,0.0,0.0,M1204300508,0.0,0.0,0,0
254,CASH_OUT,54465.63,C2028732446,0.0,0.0,C2015316293,3956463.7,4010929.33,0,0
255,CASH_IN,101630.94,C1340251043,79426.0,181056.94,C854469290,0.0,0.0,0,0
255,PAYMENT,2010.66,C1993016151,250382.0,248371.34,M986006201,0.0,0.0,0,0
255,PAYMENT,13719.33,C172943026,183880.17,170160.84,M746333598,0.0,0.0,0,0
255,PAYMENT,7637.38,C1015448212,166291.28,158653.9,M1046646455,0.0,0.0,0,0
255,CASH_OUT,103648.31,C1724892944,0.0,0.0,C1838584624,16318421.12,16422069.43,0,0
255,TRANSFER,378705.77,C658758119,41170.0,0.0,C1670535672,386224.4,764930.17,0,0
255,CASH_IN,445651.53,C1075982351,100.0,445751.53,C949598815,0.0,0.0,0,0
255,CASH_OUT,8541.87,C1349580000,52724.0,44182.13,C1150017856,0.0,8541.87,0,0
255,CASH_IN,438205.66,C1000818054,6716.0,444921.66,C454987471,614311.8,176106.14,0,0
255,CASH_OUT,500101.61,C1891924292,323574.45,0.0,C1274780160,2085030.74,2585132.35,0,0
255,CASH_IN,6471.72,C1058899732,283.0,6754.72,C1315294778,0.0,0.0,0,0
255,CASH_OUT,246301.9,C1661539931,198833.0,0.0,C1667216675,0.0,246301.9,0,0
255,CASH_OUT,373517.63,C2076133087,0.0,0.0,C1583074365,2234272.96,2607790.58,0,0
255,CASH_IN,23631.95,C923386994,8985961.18,9009593.12,C768113956,195881.92,172249.97,0,0
255,CASH_OUT,124986.75,C1425661607,0.0,0.0,C1756203525,1068348.99,1193335.74,0,0
255,PAYMENT,15982.98,C1325499831,21498.0,5515.02,M229643359,0.0,0.0,0,0
255,CASH_OUT,293954.95,C1046127772,133516.09,0.0,C25605035,3789110.42,4083065.37,0,0
255,PAYMENT,13159.67,C1940111032,0.0,0.0,M1262681455,0.0,0.0,0,0
255,CASH_IN,110934.43,C345592810,9545700.88,9656635.31,C395476851,4008754.98,3897820.55,0,0
255,PAYMENT,15979.68,C830939557,0.0,0.0,M45891498,0.0,0.0,0,0
255,CASH_OUT,159213.14,C110727470,0.0,0.0,C1342240602,314794.23,474007.37,0,0
255,CASH_IN,150376.41,C1397025009,9521009.11,9671385.52,C1450958107,297532.72,147156.31,0,0
255,CASH_OUT,41986.05,C1635572781,5506.0,0.0,C1453346948,815451.54,857437.59,0,0
255,TRANSFER,182419.26,C673166561,145467.67,0.0,C1032147233,917354.07,1099773.33,0,0
255,PAYMENT,2193.49,C442834913,0.0,0.0,M486760736,0.0,0.0,0,0
255,CASH_IN,3604.22,C1573103887,1626905.19,1630509.42,C766184756,256319.8,252715.58,0,0
255,CASH_IN,147623.89,C668350138,1044837.96,1192461.85,C1468517622,194038.11,46414.21,0,0
255,PAYMENT,2273.69,C1929198378,64023.41,61749.72,M1308516750,0.0,0.0,0,0
255,CASH_IN,40090.31,C1500715872,239.0,40329.31,C1249079277,1054350.44,1014260.14,0,0
255,PAYMENT,18904.82,C1186827515,0.0,0.0,M850989562,0.0,0.0,0,0
255,PAYMENT,12175.25,C772969665,0.0,0.0,M472804442,0.0,0.0,0,0
255,CASH_IN,104750.89,C985412232,2842806.8,2947557.69,C2093154451,610855.83,506104.94,0,0
255,CASH_IN,148628.58,C517397378,9189944.31,9338572.89,C1694304811,5541389.8,5392761.21,0,0
255,PAYMENT,1718.21,C1667656571,193856.72,192138.51,M136849676,0.0,0.0,0,0
255,PAYMENT,8721.4,C353062210,0.0,0.0,M930686204,0.0,0.0,0,0
255,PAYMENT,10271.97,C515555414,0.0,0.0,M371784979,0.0,0.0,0,0
255,CASH_OUT,20732.76,C1306114635,106454.0,85721.24,C94078,713907.54,734640.31,0,0
255,PAYMENT,9166.68,C1059201434,448997.89,439831.2,M1656446539,0.0,0.0,0,0
255,CASH_OUT,286361.86,C788298246,0.0,0.0,C158570913,466236.98,752598.85,0,0
255,DEBIT,3885.66,C221716538,10004.0,6118.34,C2046279635,549345.16,553230.82,0,0
255,PAYMENT,7157.22,C612879965,18053.0,10895.78,M505159787,0.0,0.0,0,0
255,CASH_OUT,146351.24,C208027268,0.0,0.0,C2042855854,9680151.57,10047759.77,0,0
255,CASH_OUT,165942.68,C1407115442,151201.0,0.0,C1568870920,528287.37,920838.05,0,0
255,CASH_IN,87368.63,C2126804563,10975.0,98343.63,C178939294,0.0,0.0,0,0
255,CASH_OUT,283068.68,C666171865,0.0,0.0,C1792805634,3021602.69,3304671.37,0,0
255,PAYMENT,2118.11,C787734657,273773.0,271654.89,M2055177249,0.0,0.0,0,0
255,CASH_OUT,147592.55,C506735768,48364.0,0.0,C1133085249,420338.43,567930.98,0,0
255,PAYMENT,10883.52,C746166359,0.0,0.0,M1807966539,0.0,0.0,0,0
255,CASH_IN,217914.13,C871014546,16111.0,234025.13,C593421969,974561.32,756647.19,0,0
255,PAYMENT,6101.06,C2046587357,74058.61,67957.56,M1046877014,0.0,0.0,0,0
255,CASH_OUT,209504.5,C1413385437,0.0,0.0,C983559956,1435587.65,1645092.15,0,0
255,CASH_IN,4215.73,C1628082954,10210.0,14425.73,C855658805,54599.69,50383.96,0,0
255,PAYMENT,16590.41,C1930325172,0.0,0.0,M1522203266,0.0,0.0,0,0
255,CASH_OUT,243707.86,C794570572,30731.0,0.0,C508275836,1363640.49,1607348.35,0,0
256,CASH_IN,143704.37,C867543494,1770613.19,1914317.56,C1748598380,7613256.25,7469551.88,0,0
256,PAYMENT,9852.43,C914362532,0.0,0.0,M1233199986,0.0,0.0,0,0
256,PAYMENT,20166.13,C1336518397,13069.0,0.0,M1722713893,0.0,0.0,0,0
256,TRANSFER,405072.94,C469735673,0.0,0.0,C1761863460,3445231.08,3850304.02,0,0
256,CASH_IN,349855.61,C2056287916,7702258.9,8052114.51,C2064601691,1065609.98,715754.37,0,0
256,TRANSFER,141718.58,C723760114,57672.0,0.0,C1559978225,0.0,141718.58,0,0
256,PAYMENT,19542.72,C1696354839,6325.37,0.0,M1926369861,0.0,0.0,0,0
256,CASH_IN,19448.25,C816872222,49972.0,69420.25,C1212163688,59552.21,40103.97,0,0
256,CASH_OUT,184531.98,C1134408556,1453.26,0.0,C1672793163,491483.18,676015.16,0,0
256,PAYMENT,1699.94,C1682970552,0.0,0.0,M885280449,0.0,0.0,0,0
256,CASH_OUT,127945.19,C394986472,5692.0,0.0,C536748577,3841693.19,3969638.38,0,0
256,CASH_OUT,138706.8,C1621550657,0.0,0.0,C1776523846,262622.99,401329.79,0,0
256,TRANSFER,158284.16,C204765842,395370.71,237086.55,C13034409,185157.37,343441.53,0,0
256,PAYMENT,9443.18,C1030213113,0.0,0.0,M67172899,0.0,0.0,0,0
256,TRANSFER,9811104.49,C1983750370,9811104.49,0.0,C381637925,0.0,0.0,1,0
256,CASH_IN,30840.96,C1789380974,1811298.05,1842139.02,C313246623,60661.71,29820.75,0,0
256,PAYMENT,362.47,C1760960589,354296.97,353934.5,M1278320512,0.0,0.0,0,0
256,PAYMENT,57.46,C932775071,0.0,0.0,M1083058649,0.0,0.0,0,0
256,PAYMENT,1542.75,C332707913,5078.0,3535.25,M1990224162,0.0,0.0,0,0
256,PAYMENT,372.15,C1538872130,0.0,0.0,M1482111722,0.0,0.0,0,0
256,CASH_OUT,348699.04,C252551766,125159.0,0.0,C197937309,0.0,348699.04,0,0
256,CASH_IN,70435.71,C469228421,52408.0,122843.71,C865743586,51056.05,0.0,0,0
256,CASH_OUT,119064.83,C1210756245,0.0,0.0,C133223584,465875.01,584939.84,0,0
256,PAYMENT,13333.32,C490227944,0.0,0.0,M418497812,0.0,0.0,0,0
256,CASH_OUT,283235.22,C1232898104,0.0,0.0,C15807685,484270.06,767505.28,0,0
256,CASH_OUT,128032.67,C1190945682,162.0,0.0,C169121175,140912.55,268945.22,0,0
256,PAYMENT,11457.25,C702335718,124964.14,113506.89,M1311967562,0.0,0.0,0,0
256,CASH_OUT,267514.65,C1943684052,0.0,0.0,C8428935,361375.57,628890.23,0,0
256,CASH_IN,28706.52,C1420175321,394584.18,423290.7,C1090032812,141513.1,112806.58,0,0
256,CASH_IN,3574.49,C1242540305,1264882.79,1268457.27,C486361061,10016847.51,10013273.03,0,0
256,CASH_IN,652417.77,C406451239,4487698.95,5140116.72,C393411581,972517.8,320100.03,0,0
256,TRANSFER,519825.93,C1971627303,183630.0,0.0,C880774219,5021833.15,5541659.08,0,0
256,PAYMENT,2308.05,C150010727,0.0,0.0,M1456585316,0.0,0.0,0,0
256,PAYMENT,22170.73,C1659482136,351.0,0.0,M503443948,0.0,0.0,0,0
256,TRANSFER,871165.32,C1808392388,0.0,0.0,C1847262133,1976538.88,2847704.2,0,0
256,CASH_OUT,9711.92,C1561567890,97493.0,87781.08,C1399561497,0.0,9711.92,0,0
256,TRANSFER,292258.96,C1781631935,0.0,0.0,C1893485939,1587579.37,1879838.33,0,0
256,PAYMENT,7054.27,C1623406458,61935.0,54880.73,M1393873679,0.0,0.0,0,0
256,PAYMENT,8716.36,C590441727,94166.37,85450.01,M934462604,0.0,0.0,0,0
256,PAYMENT,13054.15,C1896840513,37896.58,24842.43,M228703224,0.0,0.0,0,0
256,PAYMENT,1352.74,C1118713198,54000.0,52647.26,M2106447900,0.0,0.0,0,0
256,CASH_OUT,92753.51,C1803868342,0.0,0.0,C216555251,167301.48,260054.99,0,0
256,PAYMENT,3260.29,C522937507,5045.0,1784.71,M2009013416,0.0,0.0,0,0
256,PAYMENT,9001.8,C224142395,185250.1,176248.3,M1689060283,0.0,0.0,0,0
256,CASH_IN,123813.71,C472607317,7345857.51,7469671.22,C1297321774,1897248.48,1773434.77,0,0
257,PAYMENT,778.16,C1386789696,381537.44,380759.27,M724095873,0.0,0.0,0,0
257,CASH_OUT,256728.44,C550271686,5947.84,0.0,C335441372,333521.96,590250.4,0,0
257,CASH_IN,296617.39,C1599668441,3756237.67,4052855.06,C928523070,440473.16,143855.77,0,0
257,TRANSFER,470405.54,C953473028,11151.0,0.0,C85605674,7203.43,477608.97,0,0
257,TRANSFER,574199.91,C137896674,1192.0,0.0,C232282998,901809.85,1476009.75,0,0
257,PAYMENT,22505.15,C1494471195,168365.0,145859.85,M823148827,0.0,0.0,0,0
257,CASH_IN,271611.42,C589475794,42173.0,313784.42,C393440930,33581.16,0.0,0,0
257,CASH_OUT,160210.59,C2126869991,0.0,0.0,C894626244,2391693.78,2551904.37,0,0
257,CASH_OUT,388501.74,C772576612,299813.0,0.0,C2091015466,0.0,388501.74,0,0
257,PAYMENT,3636.05,C321645324,5388.0,1751.95,M571714522,0.0,0.0,0,0
257,CASH_OUT,242271.7,C760781805,209565.0,0.0,C451371075,0.0,242271.7,0,0
257,PAYMENT,9116.45,C254063807,0.0,0.0,M1436672180,0.0,0.0,0,0
257,CASH_OUT,84758.68,C1399236323,521215.0,436456.32,C468831508,2928917.02,3013675.69,0,0
257,CASH_OUT,63730.79,C96673835,56773.0,0.0,C2116769834,846062.8,810515.75,0,0
257,PAYMENT,13608.96,C154880324,0.0,0.0,M1260383495,0.0,0.0,0,0
257,PAYMENT,36675.83,C1315941233,87090.0,50414.17,M905277624,0.0,0.0,0,0
257,PAYMENT,22324.69,C895144243,10972.0,0.0,M548745482,0.0,0.0,0,0
257,PAYMENT,7058.4,C1704053085,0.0,0.0,M427429522,0.0,0.0,0,0
257,CASH_OUT,158462.55,C708752042,11411.0,0.0,C1317449597,0.0,158462.55,0,0
257,PAYMENT,4572.64,C594717207,8309.0,3736.36,M1774333760,0.0,0.0,0,0
257,CASH_IN,253971.11,C120668058,21619.0,275590.11,C1165825258,645313.72,391342.61,0,0
257,PAYMENT,19054.93,C989607066,0.0,0.0,M913400083,0.0,0.0,0,0
257,TRANSFER,406341.48,C669887858,82167.0,0.0,C1422972374,197408.97,603750.45,0,0
257,CASH_OUT,188800.07,C1616535253,0.0,0.0,C1299149965,264391.25,453191.32,0,0
257,PAYMENT,2503.56,C1246725771,138227.44,135723.88,M1932004768,0.0,0.0,0,0
257,CASH_IN,211936.42,C622564326,5420080.29,5632016.7,C77611658,1522434.4,1310497.98,0,0
257,CASH_OUT,321693.19,C1781792992,1060.0,0.0,C832990780,6473723.46,6795416.65,0,0
257,PAYMENT,10708.16,C1821987121,37754.0,27045.84,M1835909704,0.0,0.0,0,0
257,CASH_IN,190582.26,C497311988,49618.0,240200.26,C1209168599,189790.29,0.0,0,0
257,TRANSFER,216063.41,C1067301394,22154.0,0.0,C384173520,331148.3,547211.71,0,0
257,TRANSFER,234510.96,C1517649293,0.0,0.0,C584189841,560945.44,795456.39,0,0
257,PAYMENT,4163.48,C487338304,137525.68,133362.2,M484111449,0.0,0.0,0,0
257,CASH_OUT,174369.11,C556874158,92025.74,0.0,C1373189822,763995.06,938364.17,0,0
257,PAYMENT,17720.5,C1335221986,76712.2,58991.7,M1952714754,0.0,0.0,0,0
257,CASH_OUT,99893.09,C2023784141,0.0,0.0,C2003717241,1933863.73,2033756.82,0,0
257,CASH_OUT,58356.84,C1920149086,0.0,0.0,C307165373,221007.08,279363.93,0,0
257,CASH_OUT,11974.33,C544503437,0.0,0.0,C736798380,757607.43,769581.76,0,0
257,TRANSFER,278280.58,C1256044038,0.0,0.0,C1179694788,396484.78,674765.36,0,0
257,CASH_IN,31652.52,C382183783,385374.8,417027.32,C1776274158,76803.42,45150.9,0,0
257,PAYMENT,2234.83,C759489200,58026.0,55791.17,M1123405018,0.0,0.0,0,0
257,CASH_IN,141518.83,C1862884463,9756856.31,9898375.14,C1463616126,699005.02,557486.19,0,0
257,CASH_OUT,104135.67,C1583247964,21676.0,0.0,C673276903,38486.94,142622.61,0,0
257,CASH_OUT,34837.76,C1114689269,87331.0,52493.24,C1813827960,2723701.13,2758538.89,0,0
257,CASH_OUT,167118.77,C1678220410,25826.16,0.0,C1670993087,1653197.49,1820316.27,0,0
258,PAYMENT,10430.8,C105700691,0.0,0.0,M874747525,0.0,0.0,0,0
258,CASH_IN,223488.13,C1080244608,3768263.78,3991751.91,C2012493957,454830.57,231342.44,0,0
258,PAYMENT,9517.62,C2129853805,14285.0,4767.38,M1696364335,0.0,0.0,0,0
258,PAYMENT,3443.18,C1430363375,0.0,0.0,M72991136,0.0,0.0,0,0
258,CASH_OUT,326689.65,C521636323,13944.0,0.0,C1494677712,26247.48,352937.13,0,0
258,CASH_IN,117343.54,C468814044,1365531.51,1482875.05,C1952338465,759306.77,641963.23,0,0
258,CASH_OUT,16921.09,C1926512742,50770.0,33848.91,C398823993,3680136.85,3697057.94,0,0
258,CASH_OUT,66608.97,C1280205481,0.0,0.0,C392502956,229186.78,295795.76,0,0
258,CASH_OUT,223389.63,C521438534,16338.0,0.0,C650075157,0.0,223389.63,0,0
258,CASH_IN,108157.59,C507606897,19404.0,127561.59,C306551185,4268627.73,4160470.15,0,0
258,PAYMENT,6956.92,C1323419196,9534.0,2577.08,M1727608281,0.0,0.0,0,0
258,TRANSFER,916686.24,C1033970250,19743.0,0.0,C1555530272,495954.14,1412640.38,0,0
258,CASH_OUT,270603.48,C985045256,0.0,0.0,C885341792,2200223.23,2470826.71,0,0
258,CASH_OUT,322725.94,C605837990,2254.0,0.0,C1090410387,231505.85,554231.79,0,0
258,CASH_IN,113869.03,C1638224342,8787942.53,8901811.56,C269590781,625884.31,512015.28,0,0
258,PAYMENT,12487.3,C1357775312,239208.81,226721.51,M1541857747,0.0,0.0,0,0
258,PAYMENT,4344.95,C1074657787,208729.84,204384.9,M134325610,0.0,0.0,0,0
258,TRANSFER,336408.53,C1469273130,21185.0,0.0,C2078023627,288449.16,624857.69,0,0
258,PAYMENT,4953.92,C1182382893,10565.0,5611.08,M925983921,0.0,0.0,0,0
258,CASH_OUT,113299.64,C1631490068,0.0,0.0,C1637649948,11197128.42,11310428.06,0,0
258,PAYMENT,7536.1,C1296195892,0.0,0.0,M484078790,0.0,0.0,0,0
258,TRANSFER,213177.13,C1871132914,0.0,0.0,C1182711929,293237.63,506414.76,0,0
258,CASH_OUT,131997.84,C1987112897,0.0,0.0,C1484241955,263843.14,395840.98,0,0
258,TRANSFER,526412.08,C1377432833,0.0,0.0,C1000862229,1569724.02,2096136.1,0,0
258,CASH_IN,153790.94,C318813228,647526.1,801317.04,C631750206,4963191.3,4809400.36,0,0
258,CASH_OUT,173254.81,C295633155,0.0,0.0,C1165743588,493893.82,667148.63,0,0
258,CASH_IN,120873.6,C2012777770,9129.0,130002.6,C300050064,262462.54,141588.94,0,0
258,TRANSFER,406548.34,C508692887,615533.83,208985.49,C2101070908,981231.9,1387780.24,0,0
258,CASH_OUT,139108.26,C1573953870,50305.0,0.0,C768375391,67498.58,206606.84,0,0
258,PAYMENT,1561.52,C2069242262,932.0,0.0,M50644255,0.0,0.0,0,0
258,CASH_IN,372205.95,C1718241427,4990679.87,5362885.82,C1142674025,1815809.5,1443603.55,0,0
258,PAYMENT,4349.22,C1722699279,12452.0,8102.78,M579433811,0.0,0.0,0,0
258,CASH_OUT,228455.68,C1710551997,24712.0,0.0,C38269375,0.0,228455.68,0,0
258,PAYMENT,6011.28,C1210675258,0.0,0.0,M1280898796,0.0,0.0,0,0
258,CASH_OUT,79541.89,C1911539971,874930.0,795388.11,C717999131,172726.77,252268.66,0,0
258,CASH_OUT,441340.42,C1091205169,59514.0,0.0,C1755380031,895007.34,1336347.76,0,0
258,PAYMENT,9708.69,C1899585720,55958.82,46250.13,M1734414512,0.0,0.0,0,0
258,PAYMENT,3309.31,C776814121,0.0,0.0,M73225664,0.0,0.0,0,0
258,CASH_OUT,436380.31,C11123245,199492.0,0.0,C6959448,64443.58,500823.89,0,0
258,CASH_IN,95243.98,C144204436,15973461.42,16068705.4,C852177877,137249.86,42005.89,0,0
258,PAYMENT,3096.75,C646896667,49910.0,46813.25,M2144231887,0.0,0.0,0,0
258,CASH_OUT,111396.54,C838237458,4225.58,0.0,C1088766588,262563.18,373959.72,0,0
258,CASH_OUT,183390.35,C31998266,0.0,0.0,C141518029,405526.59,588916.94,0,0
258,PAYMENT,11087.83,C313712041,0.0,0.0,M2129057953,0.0,0.0,0,0
258,PAYMENT,20414.77,C934308438,39195.24,18780.47,M79280574,0.0,0.0,0,0
259,CASH_OUT,544446.88,C1448579359,0.0,0.0,C204265689,969232.91,1513679.79,0,0
259,CASH_IN,215248.87,C945917124,24146.0,239394.87,C1585433214,4372506.7,4157257.83,0,0
259,TRANSFER,262051.32,C1858817298,0.0,0.0,C962871201,308833.55,570884.88,0,0
259,PAYMENT,5519.98,C66293763,5154.0,0.0,M481709757,0.0,0.0,0,0
259,TRANSFER,593297.31,C1998724968,35363.0,0.0,C1274939750,4484971.27,5078268.57,0,0
259,CASH_OUT,128659.72,C1823463294,0.0,0.0,C1521376075,458299.35,586959.07,0,0
259,PAYMENT,18954.45,C1491436049,0.0,0.0,M1391296690,0.0,0.0,0,0
259,PAYMENT,4338.66,C450158261,66500.0,62161.34,M1522129155,0.0,0.0,0,0
259,PAYMENT,8800.53,C152887535,47287.0,38486.47,M1744414655,0.0,0.0,0,0
259,CASH_IN,106129.86,C2046014666,2262340.96,2368470.82,C407255818,2212444.46,2106314.6,0,0
259,CASH_OUT,61996.29,C1352828512,136748.0,74751.71,C1774406492,7997437.26,8361260.02,0,0
259,PAYMENT,6261.43,C1558220021,18.0,0.0,M1635707959,0.0,0.0,0,0
259,CASH_IN,229877.85,C2030145950,4974581.16,5204459.01,C377106889,646076.88,416199.04,0,0
259,PAYMENT,1697.07,C88040133,0.0,0.0,M1593746306,0.0,0.0,0,0
259,CASH_OUT,349315.95,C1749165582,96299.04,0.0,C58396499,651554.59,1000870.54,0,0
259,PAYMENT,13657.68,C2056049960,0.0,0.0,M1443764671,0.0,0.0,0,0
259,TRANSFER,709093.83,C1644622112,5659.0,0.0,C2106740657,1334415.79,2043509.62,0,0
259,CASH_OUT,175917.73,C743143772,196061.0,20143.27,C214250662,2092767.07,2268684.8,0,0
259,CASH_OUT,38533.11,C1485453862,0.0,0.0,C714631269,784718.05,823251.16,0,0
259,CASH_OUT,92376.32,C2066614083,0.0,0.0,C180626092,231807.55,324183.87,0,0
259,PAYMENT,5212.87,C1828675342,29455.0,24242.13,M13860685,0.0,0.0,0,0
259,CASH_IN,337530.63,C1029944250,12112572.93,12450103.55,C657548862,3025528.37,2687997.75,0,0
259,PAYMENT,6021.89,C1657262761,227479.42,221457.53,M162772756,0.0,0.0,0,0
259,CASH_IN,82813.95,C2088312731,9991824.46,10074638.41,C268857369,4286268.47,4203454.52,0,0
259,TRANSFER,214920.18,C22168690,1761.0,0.0,C1944768637,145330.94,360251.12,0,0
259,CASH_IN,236213.99,C1541049725,40134.0,276347.99,C1778723443,169567.49,0.0,0,0
259,PAYMENT,16352.62,C1722611612,0.0,0.0,M780828292,0.0,0.0,0,0
259,CASH_IN,272366.47,C1380904074,356049.49,628415.96,C424037074,1913949.34,1641582.87,0,0
259,CASH_IN,97190.23,C2144900485,13025116.48,13122306.7,C552032824,316998.83,219808.6,0,0
259,PAYMENT,15326.13,C1352869249,0.0,0.0,M470611201,0.0,0.0,0,0
259,CASH_OUT,134216.41,C586536158,19996.0,0.0,C1504114753,0.0,134216.41,0,0
259,CASH_IN,668949.89,C1315919900,4380082.54,5049032.43,C1319589904,3717376.16,3048426.27,0,0
259,DEBIT,1753.82,C887516033,35762.0,34008.18,C731082154,1454579.32,1456333.14,0,0
259,CASH_OUT,40687.43,C482538718,30854.0,0.0,C1239562373,315103.32,355790.75,0,0
259,CASH_IN,75107.23,C1698622145,153326.0,228433.23,C483841819,845960.86,770853.63,0,0
259,CASH_OUT,36978.28,C1844240888,101740.0,64761.72,C632865663,78694.98,115673.25,0,0
259,PAYMENT,3663.07,C350234075,88104.6,84441.53,M1562858356,0.0,0.0,0,0
259,PAYMENT,7836.55,C1840255617,89189.0,81352.45,M970377809,0.0,0.0,0,0
259,CASH_OUT,176747.98,C650227270,0.0,0.0,C1445811732,6372866.94,6549614.92,0,0
259,CASH_IN,188808.88,C762201831,7855.0,196663.88,C101780862,13182.81,0.0,0,0
259,CASH_IN,45784.24,C129379515,10844.0,56628.24,C1238184742,1636887.5,1591103.26,0,0
259,PAYMENT,1781.52,C652583806,0.0,0.0,M1689593239,0.0,0.0,0,0
259,PAYMENT,10842.82,C568450383,0.0,0.0,M865391864,0.0,0.0,0,0
259,PAYMENT,3570.12,C1003530493,58682.92,55112.8,M1296734189,0.0,0.0,0,0
259,PAYMENT,4122.11,C130839241,12113.81,7991.71,M2141940193,0.0,0.0,0,0
259,CASH_OUT,120238.83,C164579701,180968.87,60730.04,C1108877305,1028506.83,1148745.66,0,0
259,CASH_IN,177388.84,C1370481132,133730.0,311118.84,C762462862,168080.53,0.0,0,0
259,PAYMENT,7173.2,C157511363,22933.12,15759.91,M1154278454,0.0,0.0,0,0
259,PAYMENT,1354.94,C1162917606,0.0,0.0,M695450644,0.0,0.0,0,0
259,CASH_IN,76271.89,C1850807865,620696.31,696968.19,C872049452,3168587.18,3092315.3,0,0
259,CASH_IN,135884.8,C297212405,51424.0,187308.8,C1584967464,144083.08,8198.28,0,0
259,CASH_OUT,96981.75,C830758514,21204.0,0.0,C2049243500,0.0,96981.75,0,0
259,PAYMENT,9056.81,C1478282125,46483.76,37426.95,M1508978170,0.0,0.0,0,0
259,TRANSFER,167449.82,C1322103937,53549.0,0.0,C1168424943,707766.61,875216.43,0,0
259,CASH_OUT,59555.66,C1847142084,0.0,0.0,C1883733036,6740852.72,6800408.38,0,0
259,CASH_OUT,183217.2,C113472318,0.0,0.0,C1674089999,2121615.75,2304832.95,0,0
259,CASH_OUT,64389.23,C310297146,158740.0,94350.77,C1224904541,0.0,64389.23,0,0
259,CASH_OUT,41623.03,C2010109953,0.0,0.0,C1184095061,136571.86,178194.89,0,0
259,CASH_OUT,402720.8,C182142424,101388.0,0.0,C750283827,2148720.97,2551441.77,0,0
259,PAYMENT,4511.95,C658556921,32103.19,27591.25,M1141567475,0.0,0.0,0,0
259,CASH_OUT,71848.47,C119297504,0.0,0.0,C707890131,1598231.05,1670079.52,0,0
259,CASH_IN,59056.52,C1843087944,12431.0,71487.52,C2039473367,0.0,0.0,0,0
259,CASH_OUT,7248.12,C331560137,40858.0,33609.88,C1207709110,0.0,7248.12,0,0
259,CASH_OUT,94518.01,C422914774,0.0,0.0,C1516982456,663268.12,757786.13,0,0
259,CASH_IN,3184.83,C945870021,200654.0,203838.83,C762286147,156644.3,153459.47,0,0
260,CASH_OUT,222125.79,C217759104,0.0,0.0,C1179261779,748051.81,970177.6,0,0
260,PAYMENT,5028.33,C1553008688,50091.11,45062.78,M1522013180,0.0,0.0,0,0
260,CASH_OUT,360666.11,C918470607,117575.0,0.0,C940250916,0.0,360666.11,0,0
260,CASH_IN,303218.01,C1523748947,8947127.39,9250345.4,C2006725779,1947915.93,1644697.92,0,0
260,CASH_OUT,39707.12,C929955932,0.0,0.0,C1348133105,235780.79,275487.91,0,0
260,PAYMENT,2011.83,C1781578423,96394.0,94382.17,M1073999875,0.0,0.0,0,0
260,TRANSFER,355324.56,C846300648,11605.0,0.0,C587887828,1170630.68,1525955.24,0,0
260,PAYMENT,2323.52,C686572421,0.0,0.0,M1225632281,0.0,0.0,0,0
260,CASH_OUT,70434.16,C363472912,1868.0,0.0,C1651379334,5734257.96,5804692.12,0,0
260,PAYMENT,7059.13,C499077117,374808.0,367748.87,M1193163102,0.0,0.0,0,0
260,CASH_IN,19094.06,C1576547768,2286348.22,2305442.27,C350150156,1308141.98,1289047.93,0,0
260,CASH_OUT,150553.35,C83774389,14032.25,0.0,C1728161338,200705.28,351258.63,0,0
260,PAYMENT,4837.79,C731344327,513244.0,508406.21,M1670281371,0.0,0.0,0,0
260,PAYMENT,9983.74,C1594040297,94468.67,84484.93,M1339690615,0.0,0.0,0,0
260,PAYMENT,28673.06,C1624557746,0.0,0.0,M457072437,0.0,0.0,0,0
260,CASH_OUT,48829.84,C460625114,30184.0,0.0,C2066079414,0.0,54295.09,0,0
260,PAYMENT,4021.78,C1244940381,0.0,0.0,M2087694115,0.0,0.0,0,0
260,CASH_OUT,8109.75,C722731580,0.0,0.0,C1373352423,686082.25,694192.0,0,0
260,CASH_OUT,309656.07,C1165712072,0.0,0.0,C339224855,4357007.62,4666663.7,0,0
260,PAYMENT,13496.67,C1748986406,20155.0,6658.33,M2112497371,0.0,0.0,0,0
260,PAYMENT,6227.57,C2010460053,509.0,0.0,M32062194,0.0,0.0,0,0
260,CASH_OUT,30047.41,C1849688556,22282.0,0.0,C275714876,6513677.07,6543724.48,0,0
260,PAYMENT,1822.37,C389334819,0.0,0.0,M1528867726,0.0,0.0,0,0
260,CASH_OUT,157063.12,C1157811907,31474.0,0.0,C1190095510,10091476.58,10143764.79,0,0
260,PAYMENT,5495.7,C106856395,201837.08,196341.39,M462936517,0.0,0.0,0,0
260,PAYMENT,3673.17,C424780630,4949.0,1275.83,M1622497229,0.0,0.0,0,0
260,CASH_IN,225694.46,C1434367405,10953925.62,11179620.08,C1705203799,1394932.99,1169238.53,0,0
260,CASH_IN,136421.74,C470505942,11022.0,147443.74,C1411120396,0.0,0.0,0,0
260,TRANSFER,161250.67,C303200086,50351.0,0.0,C366216006,3218692.86,3379943.53,0,0
260,CASH_OUT,182025.41,C1048820455,0.0,0.0,C986333911,3836437.76,4018463.16,0,0
260,CASH_IN,166827.93,C1105413674,148864.57,315692.5,C1909775650,177970.33,11142.4,0,0
260,CASH_OUT,197181.95,C1983132144,11480.0,0.0,C50898295,1183815.2,1380997.15,0,0
260,PAYMENT,14233.08,C1281329229,21944.32,7711.24,M1872520532,0.0,0.0,0,0
260,PAYMENT,6019.21,C1083153711,0.0,0.0,M2080102051,0.0,0.0,0,0
260,PAYMENT,2639.91,C654246461,4084.0,1444.09,M275733389,0.0,0.0,0,0
260,TRANSFER,771597.03,C843684769,21333.0,0.0,C1984372505,0.0,771597.03,0,0
260,CASH_IN,12084.99,C965363396,343868.35,355953.33,C633143278,211630.03,199545.05,0,0
260,PAYMENT,23484.41,C371201789,66041.15,42556.74,M1522176141,0.0,0.0,0,0
260,PAYMENT,3802.91,C1393803294,0.0,0.0,M1892416721,0.0,0.0,0,0
260,CASH_OUT,178411.34,C1731907213,0.0,0.0,C1916330478,2776210.45,2954621.79,0,0
260,CASH_IN,75648.55,C1208242354,797547.62,873196.17,C1509648762,1508870.03,1433221.49,0,0
260,CASH_IN,27655.54,C936884886,3576317.3,3603972.84,C1099280251,1912394.68,1884739.14,0,0
260,CASH_OUT,13184.08,C1455373915,0.0,0.0,C183841829,180424.3,193608.38,0,0
260,PAYMENT,2085.59,C1599529329,308658.0,306572.41,M749693695,0.0,0.0,0,0
260,PAYMENT,10437.07,C2146919272,264721.0,254283.93,M1666412756,0.0,0.0,0,0
260,CASH_OUT,2543.97,C536917462,187.0,0.0,C1266471940,9003.74,11547.71,0,0
260,CASH_IN,292128.28,C1597396928,24931.0,317059.28,C1422875696,287237.96,0.0,0,0
260,PAYMENT,854.98,C882732727,422.64,0.0,M417891164,0.0,0.0,0,0
260,CASH_OUT,281326.42,C7831089,0.0,0.0,C484939126,2126801.65,2408128.08,0,0
260,CASH_IN,140520.27,C1996805965,10628.0,151148.27,C712481556,240502.48,99982.21,0,0
260,PAYMENT,3115.55,C894445346,535.0,0.0,M517287336,0.0,0.0,0,0
260,PAYMENT,864.62,C652740455,27421.95,26557.33,M226914323,0.0,0.0,0,0
260,PAYMENT,11951.45,C428587076,0.0,0.0,M59489154,0.0,0.0,0,0
260,CASH_OUT,80571.29,C1199045007,0.0,0.0,C1058611926,448124.9,528696.19,0,0
260,CASH_OUT,217513.3,C1488695251,0.0,0.0,C820534857,909329.32,1126842.62,0,0
261,CASH_OUT,158496.47,C939762893,5016.0,0.0,C1737964511,550907.08,709403.55,0,0
261,PAYMENT,4681.27,C567519592,288852.0,284170.73,M259213140,0.0,0.0,0,0
261,CASH_IN,36616.57,C2116263425,7657204.88,7693821.45,C72273772,1725238.02,1688621.44,0,0
261,CASH_IN,83483.56,C988524246,2127888.35,2211371.91,C17387953,1083650.51,1000166.95,0,0
261,PAYMENT,5857.66,C1665904019,79412.0,73554.34,M981670857,0.0,0.0,0,0
261,TRANSFER,148494.46,C195754076,57917.0,0.0,C2126640184,128846.37,277340.83,0,0
261,PAYMENT,2276.97,C919652404,273.0,0.0,M1438260608,0.0,0.0,0,0
261,PAYMENT,3024.84,C682216700,1180.0,0.0,M1370227222,0.0,0.0,0,0
261,PAYMENT,7108.4,C216966818,76248.0,69139.6,M932921147,0.0,0.0,0,0
261,CASH_IN,15936.66,C2041081817,8236.0,24172.66,C753058004,0.0,0.0,0,0
261,PAYMENT,300.73,C1575992457,0.0,0.0,M253713497,0.0,0.0,0,0
261,CASH_OUT,201842.71,C1068254263,129.0,0.0,C730811200,0.0,201842.71,0,0
261,CASH_IN,19246.64,C400682207,2847500.52,2866747.16,C1063764224,294543.95,275297.31,0,0
261,CASH_IN,400201.55,C504678039,19955828.05,20356029.59,C1476289829,2892045.23,2491843.68,0,0
261,PAYMENT,21220.64,C1882331747,14907.94,0.0,M1697714069,0.0,0.0,0,0
261,CASH_OUT,148446.8,C813670850,101300.0,0.0,C1459826609,145533.01,293979.81,0,0
261,CASH_OUT,63397.36,C406962136,10972.0,0.0,C347245515,162119.62,225516.98,0,0
261,PAYMENT,7140.98,C1714094103,0.0,0.0,M492420403,0.0,0.0,0,0
262,PAYMENT,2490.55,C183571002,20883.0,18392.45,M1840715582,0.0,0.0,0,0
262,CASH_IN,174880.35,C2006882125,30393.0,205273.35,C1465706058,0.0,0.0,0,0
262,CASH_OUT,295487.27,C1637063380,0.0,0.0,C1419339873,2508560.63,2804047.9,0,0
262,DEBIT,5930.43,C1273149698,45069.0,39138.57,C429615247,886637.56,892568.0,0,0
262,PAYMENT,12351.74,C1698016397,65220.0,52868.26,M2102983531,0.0,0.0,0,0
262,CASH_IN,113438.75,C1398313911,650174.69,763613.44,C1927443356,2586804.86,2473366.11,0,0
262,PAYMENT,13574.67,C742794463,27729.0,14154.33,M890314885,0.0,0.0,0,0
262,PAYMENT,3377.29,C1948656224,1498.0,0.0,M678950990,0.0,0.0,0,0
262,PAYMENT,511.18,C2034548903,22435.0,21923.82,M119964786,0.0,0.0,0,0
262,CASH_OUT,194655.62,C660582531,854.0,0.0,C674623486,0.0,194655.62,0,0
262,CASH_OUT,139244.56,C1383600568,667.0,0.0,C476937423,81168.66,220413.22,0,0
262,PAYMENT,13195.07,C212194604,32282.0,19086.93,M1509712573,0.0,0.0,0,0
262,CASH_OUT,154160.94,C1223536939,0.0,0.0,C1125211531,163627.69,317788.63,0,0
263,CASH_OUT,158426.23,C1007669463,0.0,0.0,C236652498,439770.99,598197.22,0,0
263,CASH_IN,5884.72,C705556233,1593608.37,1599493.09,C1037040118,1132012.66,1126127.94,0,0
263,TRANSFER,261585.87,C1099075092,0.0,0.0,C508555680,746123.7,1007709.57,0,0
263,PAYMENT,4428.25,C77955598,2407.0,0.0,M1366664677,0.0,0.0,0,0
263,PAYMENT,1198.05,C495983803,65749.26,64551.21,M556863902,0.0,0.0,0,0
263,PAYMENT,4803.89,C73891400,31356.0,26552.11,M764493940,0.0,0.0,0,0
263,PAYMENT,6548.63,C1703945753,40110.0,33561.37,M492727881,0.0,0.0,0,0
263,PAYMENT,1520.4,C801426367,45916.79,44396.39,M1101098673,0.0,0.0,0,0
263,CASH_IN,226637.98,C309912160,3671269.83,3897907.81,C906094290,1502379.34,1275741.36,0,0
263,CASH_IN,437945.96,C1913716793,606.0,438551.96,C2016827326,0.0,0.0,0,0
263,PAYMENT,5340.01,C1125456602,361455.0,356114.99,M1372415865,0.0,0.0,0,0
264,PAYMENT,4240.19,C231129194,209099.0,204858.81,M2026313189,0.0,0.0,0,0
264,PAYMENT,3300.5,C1454987396,21419.0,18118.5,M1262500965,0.0,0.0,0,0
264,PAYMENT,6004.61,C750542157,63558.0,57553.39,M1908071276,0.0,0.0,0,0
264,CASH_OUT,192222.11,C664802603,193001.51,779.4,C831898807,562812.58,755034.69,0,0
265,PAYMENT,4831.16,C1194444209,105278.0,100446.84,M150553256,0.0,0.0,0,0
266,CASH_IN,73145.93,C458219042,2141323.02,2214468.94,C969129764,1243742.88,1170596.96,0,0
270,CASH_OUT,201511.93,C1924280884,201511.93,0.0,C1283027953,0.0,201511.93,1,0
273,PAYMENT,146.66,C1908852935,0.0,0.0,M1261247623,0.0,0.0,0,0
273,PAYMENT,19995.49,C2024894733,25612.6,5617.11,M930111886,0.0,0.0,0,0
273,PAYMENT,2341.26,C1115829939,25691.07,23349.8,M449127305,0.0,0.0,0,0
273,CASH_OUT,169196.44,C979387521,215600.0,46403.56,C2095014737,1724962.45,1894158.89,0,0
274,CASH_IN,109840.65,C2082056250,30445.0,140285.65,C2108511216,376107.66,266267.01,0,0
274,CASH_OUT,78965.83,C1359469360,29964.0,0.0,C1742454690,262016.44,340982.28,0,0
274,CASH_IN,198297.83,C285885062,190254.68,388552.51,C2134981211,1221848.13,1023550.29,0,0
274,CASH_OUT,121372.37,C1454091530,0.0,0.0,C632110930,1387814.71,1509187.08,0,0
274,PAYMENT,14305.02,C1609247012,0.0,0.0,M1895886446,0.0,0.0,0,0
274,CASH_OUT,9679.39,C479810237,0.0,0.0,C316718430,137926.82,147606.21,0,0
274,CASH_IN,268498.08,C1405934033,50040.0,318538.08,C2086863917,170823.76,0.0,0,0
274,CASH_OUT,94024.04,C972866087,177.0,0.0,C1570366272,0.0,94024.04,0,0
274,PAYMENT,20430.96,C885015625,0.0,0.0,M841941840,0.0,0.0,0,0
274,PAYMENT,11449.19,C2051064598,0.0,0.0,M324921211,0.0,0.0,0,0
274,CASH_IN,168519.24,C1449037082,967827.34,1136346.58,C2112525188,914006.58,1082966.13,0,0
274,TRANSFER,308834.53,C576203901,14557.0,0.0,C2093804021,0.0,308834.53,0,0
274,PAYMENT,6006.4,C333268455,517.0,0.0,M1402135529,0.0,0.0,0,0
274,PAYMENT,11286.49,C1406370072,0.0,0.0,M557255761,0.0,0.0,0,0
274,CASH_IN,167914.63,C806195867,12101.0,180015.63,C1692858704,164262.65,0.0,0,0
274,PAYMENT,1136.29,C1371843534,288285.95,287149.65,M1987846836,0.0,0.0,0,0
274,CASH_IN,335996.68,C254320419,708.0,336704.68,C1830178608,333501.92,0.0,0,0
274,CASH_OUT,2196.81,C1473175488,1649.0,0.0,C56781171,0.0,2196.81,0,0
274,PAYMENT,24091.17,C1766316886,140084.42,115993.25,M1985627986,0.0,0.0,0,0
274,CASH_OUT,35220.9,C2116871981,0.0,0.0,C1139985532,2814211.4,2849432.3,0,0
274,CASH_OUT,46166.59,C1065977230,0.0,0.0,C987873558,197048.36,243214.95,0,0
274,CASH_IN,280480.27,C850312311,50441.0,330921.27,C1922168265,686141.78,405661.52,0,0
274,PAYMENT,4034.19,C1935114013,0.0,0.0,M1589540492,0.0,0.0,0,0
274,CASH_OUT,112062.65,C985163948,0.0,0.0,C1986079227,375768.01,487830.67,0,0
274,CASH_OUT,259585.67,C972048610,9493.0,0.0,C303641815,687456.96,947042.63,0,0
274,CASH_IN,120310.59,C2083506935,9012649.63,9132960.22,C1645244977,1335378.65,1215068.05,0,0
274,CASH_OUT,35574.45,C1396151900,51781.0,16206.55,C1266384926,0.0,35574.45,0,0
274,TRANSFER,881580.27,C757734314,0.0,0.0,C1265647083,4304408.58,5185988.84,0,0
274,CASH_OUT,190811.0,C273724746,146700.35,0.0,C119375317,1648428.97,1839239.98,0,0
274,CASH_OUT,105387.89,C1653742052,123.0,0.0,C1532102513,0.0,105387.89,0,0
274,TRANSFER,143397.33,C1797460595,0.0,0.0,C1582218261,4956210.12,5099607.45,0,0
274,CASH_OUT,141523.53,C2009777788,14433.0,0.0,C164963675,0.0,141523.53,0,0
274,CASH_OUT,377741.7,C856567620,0.0,0.0,C1441327363,385693.19,763434.89,0,0
274,CASH_IN,285307.42,C590847127,5483988.83,5769296.26,C80279403,755863.59,470556.16,0,0
274,PAYMENT,4091.2,C136335985,21533.15,17441.95,M525888862,0.0,0.0,0,0
274,CASH_OUT,39160.98,C1277752406,2035.0,0.0,C1133201699,9246.72,48407.7,0,0
274,CASH_OUT,186634.98,C637401730,15586.0,0.0,C1957884855,12074373.4,12261008.38,0,0
274,CASH_OUT,274282.87,C981702564,446801.0,172518.13,C145621832,0.0,274282.87,0,0
274,CASH_OUT,307228.64,C1296393995,21305.0,0.0,C1160127069,78157.55,385386.19,0,0
274,PAYMENT,9771.34,C578730334,0.0,0.0,M401390778,0.0,0.0,0,0
274,TRANSFER,982414.06,C837087174,982414.06,0.0,C2003416160,0.0,0.0,1,0
274,PAYMENT,6316.1,C1672792386,121888.32,115572.22,M652687411,0.0,0.0,0,0
274,CASH_IN,33947.8,C1394226384,0.0,33947.8,C2108567113,43285.13,9337.32,0,0
274,PAYMENT,11511.37,C1305166224,192292.88,180781.51,M1985254222,0.0,0.0,0,0
275,PAYMENT,9651.02,C1697580012,72383.0,62731.98,M1694969129,0.0,0.0,0,0
275,CASH_IN,301755.19,C436712221,33.0,301788.19,C2093511420,0.0,0.0,0,0
275,CASH_OUT,241872.5,C596624305,98722.0,0.0,C2728226,298577.47,540449.97,0,0
275,PAYMENT,9586.24,C2055863635,0.0,0.0,M1280261178,0.0,0.0,0,0
275,PAYMENT,5714.63,C1286328447,113644.3,107929.67,M1633525591,0.0,0.0,0,0
275,PAYMENT,37290.58,C526262148,0.0,0.0,M1767332504,0.0,0.0,0,0
275,CASH_OUT,125816.63,C1990091634,53058.0,0.0,C1455698270,867942.16,993758.79,0,0
275,CASH_OUT,193627.04,C1605801855,14165.0,0.0,C590395651,0.0,193627.04,0,0
275,CASH_IN,58102.43,C793265078,2014363.65,2072466.07,C2075500358,419729.95,361627.52,0,0
275,TRANSFER,747246.47,C1373702635,600.0,0.0,C1457324910,986004.68,1733251.15,0,0
275,PAYMENT,4371.17,C1879768717,49822.0,45450.83,M1157425249,0.0,0.0,0,0
275,PAYMENT,1944.89,C1808302150,0.0,0.0,M1128349053,0.0,0.0,0,0
275,CASH_OUT,193408.48,C188233526,996.0,0.0,C8524279,0.0,193408.48,0,0
275,CASH_IN,23464.44,C1513501704,18168698.22,18192162.66,C1326880264,212260.19,188795.76,0,0
275,CASH_OUT,94289.27,C497487326,5708.0,0.0,C2077912524,811381.29,905670.57,0,0
275,PAYMENT,7124.5,C433883563,0.0,0.0,M2069398347,0.0,0.0,0,0
275,TRANSFER,189156.1,C1925765483,0.0,0.0,C2058959517,247725.43,436881.54,0,0
275,CASH_OUT,172983.63,C1022618297,0.0,0.0,C1141017227,3259923.17,3432906.79,0,0
275,PAYMENT,7251.06,C2119286141,0.0,0.0,M1426474304,0.0,0.0,0,0
275,PAYMENT,12160.06,C198820470,0.0,0.0,M79777720,0.0,0.0,0,0
275,PAYMENT,14419.64,C1169938975,349135.37,334715.73,M1769479680,0.0,0.0,0,0
275,CASH_OUT,104780.33,C706212425,83953.81,0.0,C931968602,349968.15,454748.48,0,0
275,CASH_OUT,182630.61,C751968870,3687.0,0.0,C1276845416,29880.61,212511.22,0,0
275,PAYMENT,10455.64,C1063852467,57465.0,47009.36,M1429175926,0.0,0.0,0,0
275,PAYMENT,7793.39,C1603762283,10894.0,3100.61,M888328008,0.0,0.0,0,0
275,CASH_OUT,105400.67,C671902947,56589.07,0.0,C1902078371,6772477.77,6877878.44,0,0
275,CASH_OUT,258337.94,C1778684412,107486.0,0.0,C1477528032,0.0,258337.94,0,0
275,CASH_IN,128393.47,C638346338,16533447.79,16661841.26,C1918232364,7822837.74,7694444.27,0,0
275,CASH_IN,111409.1,C1001093262,312668.0,424077.1,C2139715518,8238398.15,8126989.05,0,0
275,DEBIT,4787.02,C1695194550,36687.0,31899.98,C1788458071,75505.51,80292.52,0,0
275,PAYMENT,5245.5,C1203913834,0.0,0.0,M26819228,0.0,0.0,0,0
275,TRANSFER,7535.51,C1813944097,83500.0,75964.49,C783081717,596126.74,603662.25,0,0
275,CASH_OUT,115891.76,C207375319,0.0,0.0,C1643773896,189411.24,305303.01,0,0
275,CASH_OUT,121054.07,C1484738556,0.0,0.0,C93866677,498646.76,619700.83,0,0
275,CASH_OUT,3333.89,C2099334108,0.0,0.0,C1668376627,11138439.45,11141773.34,0,0
275,PAYMENT,13737.87,C951788108,72131.0,58393.13,M2132004862,0.0,0.0,0,0
276,CASH_IN,342679.04,C300955042,1243268.69,1585947.73,C1407581417,508560.35,165881.31,0,0
276,CASH_OUT,56092.69,C62937449,0.0,0.0,C286220106,2464183.92,2520276.61,0,0
276,CASH_OUT,81586.17,C1416134452,0.0,0.0,C144798110,1473106.89,1554693.07,0,0
276,CASH_OUT,129672.77,C558394219,0.0,0.0,C1871084478,218680.01,348352.78,0,0
276,CASH_OUT,96744.66,C1716862452,0.0,0.0,C1092629285,492672.99,589417.65,0,0
276,PAYMENT,9349.63,C2024491890,0.0,0.0,M1138160007,0.0,0.0,0,0
276,CASH_IN,8489.97,C877767378,21998461.16,22006951.14,C1318169491,10838.88,2348.9,0,0
276,CASH_IN,131717.33,C2062946847,1311557.61,1443274.94,C1663970698,2045102.04,1913384.71,0,0
276,TRANSFER,1282907.75,C145609796,185.0,0.0,C1485307901,0.0,1282907.75,0,0
276,CASH_OUT,124180.31,C240063702,70141.0,0.0,C640246104,0.0,124180.31,0,0
276,PAYMENT,10242.66,C53807311,0.0,0.0,M1201687648,0.0,0.0,0,0
276,PAYMENT,2727.44,C673383044,0.0,0.0,M1530937716,0.0,0.0,0,0
276,CASH_IN,218998.53,C1545337128,664877.92,883876.45,C1712848887,1089609.12,870610.59,0,0
276,CASH_OUT,95057.6,C1194900887,50118.0,0.0,C922143352,0.0,95057.6,0,0
276,CASH_IN,68898.66,C1740030524,6092082.92,6160981.58,C1133654488,3109321.3,3040422.63,0,0
276,CASH_IN,139030.31,C1973667931,6869152.45,7008182.76,C1625413664,289475.15,150444.83,0,0
276,CASH_IN,122825.65,C2133018684,14502544.71,14625370.36,C1207787525,1126992.25,1004166.6,0,0
276,CASH_OUT,225213.68,C274121705,50282.0,0.0,C294381459,729821.35,955035.03,0,0
276,CASH_IN,197786.35,C1402597033,2864186.67,3061973.02,C1867340418,389907.72,192121.37,0,0
276,CASH_IN,132068.33,C237832635,3008874.94,3140943.27,C125677176,3790365.18,3658296.85,0,0
276,CASH_OUT,24994.3,C980037092,87539.0,62544.7,C1944253109,0.0,24994.3,0,0
276,PAYMENT,8682.46,C1034431440,0.0,0.0,M2062638064,0.0,0.0,0,0
276,CASH_OUT,92961.07,C351642359,2350.0,0.0,C614421941,0.0,92961.07,0,0
276,PAYMENT,699.79,C740077374,343763.42,343063.62,M517281678,0.0,0.0,0,0
276,CASH_OUT,449959.16,C1790471795,0.0,0.0,C1425776462,2595555.9,3045515.06,0,0
276,CASH_IN,242304.66,C1566351693,4047121.75,4289426.41,C654776466,440033.97,197729.3,0,0
276,CASH_OUT,228530.6,C440672063,103072.0,0.0,C1598909541,11770.25,240300.85,0,0
276,PAYMENT,11724.31,C1594364993,60189.0,48464.69,M453431871,0.0,0.0,0,0
276,CASH_OUT,181100.76,C52812623,0.0,0.0,C1161935650,2423886.96,2604987.72,0,0
276,CASH_OUT,178268.49,C1374401950,15760.0,0.0,C1925251416,279.0,178547.49,0,0
276,CASH_OUT,43497.52,C371462446,82168.0,38670.48,C1250888593,1323523.15,1367020.67,0,0
276,PAYMENT,16592.99,C1906755145,132.0,0.0,M1070157890,0.0,0.0,0,0
276,PAYMENT,16494.5,C1827030999,15398.0,0.0,M2121455978,0.0,0.0,0,0
276,CASH_IN,302225.69,C1871508805,40039.0,342264.69,C631737521,397551.29,95325.6,0,0
276,CASH_OUT,141014.23,C1091956850,0.0,0.0,C1151694459,393173.31,534187.54,0,0
276,CASH_OUT,176296.66,C907904151,10962.0,0.0,C1971430188,1783191.72,1959488.38,0,0
276,PAYMENT,4117.91,C1865347115,0.0,0.0,M420407415,0.0,0.0,0,0
276,CASH_OUT,309217.82,C54855683,0.0,0.0,C291060123,3953596.89,4262814.71,0,0
276,CASH_IN,403168.96,C1342348572,61362.0,464530.96,C1204221629,0.0,0.0,0,0
276,CASH_OUT,88006.74,C1072687666,0.0,0.0,C572938789,11374709.95,11462716.68,0,0
276,CASH_OUT,335371.97,C869554483,0.0,0.0,C1938861876,476729.96,812101.93,0,0
277,PAYMENT,2516.29,C1558507229,0.0,0.0,M559033267,0.0,0.0,0,0
277,CASH_OUT,34674.01,C2068237725,0.0,0.0,C246389738,1377980.04,1412654.05,0,0
277,CASH_IN,224152.13,C1781879862,143771.56,367923.69,C841284770,369373.24,145221.11,0,0
277,TRANSFER,374818.42,C335076582,0.0,0.0,C1728559226,2434364.45,2809182.86,0,0
277,PAYMENT,16877.32,C1473104308,41055.0,24177.68,M131698957,0.0,0.0,0,0
277,PAYMENT,2100.32,C1627889110,1468.0,0.0,M1534997505,0.0,0.0,0,0
277,PAYMENT,9028.42,C760684406,0.0,0.0,M21033247,0.0,0.0,0,0
277,CASH_IN,309578.13,C1510672508,4632187.05,4941765.17,C1778166535,1866911.47,1557333.35,0,0
277,CASH_IN,98119.01,C1160107529,12571626.76,12669745.77,C804446243,682007.41,583888.4,0,0
277,CASH_IN,98554.39,C150404928,13634154.81,13732709.2,C199606767,1495856.78,1397302.39,0,0
277,CASH_OUT,11012.94,C35346668,2085.0,0.0,C1163893456,4376.01,15388.96,0,0
277,PAYMENT,16282.11,C1556783423,20422.0,4139.89,M339781943,0.0,0.0,0,0
277,CASH_OUT,261701.55,C400578999,0.0,0.0,C782084033,4345975.28,4607676.83,0,0
277,CASH_OUT,242678.33,C874866527,242678.33,0.0,C1141476786,812517.66,1055196.0,1,0
277,CASH_OUT,411279.03,C1519609633,99347.0,0.0,C1971969088,81020.9,492299.92,0,0
277,PAYMENT,15409.33,C742046168,0.0,0.0,M1523739015,0.0,0.0,0,0
277,CASH_IN,204063.61,C815087289,1583386.35,1787449.96,C525871408,258006.07,53942.46,0,0
277,CASH_OUT,14574.72,C1770146277,60206.0,45631.28,C548116653,3990726.58,4005301.3,0,0
277,CASH_IN,215258.28,C760221224,1711080.1,1926338.37,C706564871,514435.34,299177.06,0,0
277,CASH_IN,185364.96,C1588852913,5344609.9,5529974.86,C894315519,10699786.73,10514421.77,0,0
277,CASH_OUT,104968.75,C749297342,18172.0,0.0,C1529193162,0.0,104968.75,0,0
277,CASH_OUT,11270.49,C1111979224,96579.95,85309.46,C68383086,1361333.22,1372603.71,0,0
277,CASH_OUT,363301.51,C1346943613,805.0,0.0,C1875074981,29341.19,392642.7,0,0
277,PAYMENT,5064.67,C1547227445,0.0,0.0,M250718553,0.0,0.0,0,0
277,CASH_IN,300480.82,C162498467,7106918.05,7407398.87,C853932911,704815.93,404335.11,0,0
277,CASH_OUT,119470.91,C2024736266,104286.0,0.0,C1781572102,213919.99,333390.9,0,0
277,CASH_OUT,57497.67,C912939343,0.0,0.0,C501280303,269858.58,327356.25,0,0
277,PAYMENT,9855.2,C2129580496,142731.22,132876.02,M584886725,0.0,0.0,0,0
278,CASH_IN,137005.66,C3221442,6357297.59,6494303.26,C394643479,1381149.21,1244143.55,0,0
278,PAYMENT,16886.34,C581691261,0.0,0.0,M431383071,0.0,0.0,0,0
278,CASH_OUT,192817.12,C1708109029,20555.0,0.0,C530750840,0.0,192817.12,0,0
278,CASH_IN,45707.07,C1406498666,17489963.88,17535670.96,C297456059,408175.72,362468.64,0,0
278,CASH_IN,96891.83,C438320936,119213.0,216104.83,C934356352,975861.05,878969.22,0,0
278,PAYMENT,16532.09,C1970537922,0.0,0.0,M1427507889,0.0,0.0,0,0
278,CASH_IN,74977.98,C1692525797,1112202.98,1187180.96,C605140326,581763.2,506785.22,0,0
278,CASH_OUT,164546.21,C729415354,0.0,0.0,C1409333669,586187.48,750733.69,0,0
278,PAYMENT,13926.55,C1979887443,6088.0,0.0,M2093838746,0.0,0.0,0,0
278,CASH_OUT,131594.9,C1416080994,30902.0,0.0,C1242273543,1732861.96,1864456.86,0,0
278,CASH_OUT,71661.14,C1935754121,0.0,0.0,C1745565975,154924.25,226585.39,0,0
278,CASH_OUT,388094.02,C435800364,11757.0,0.0,C2093731530,979643.84,1367737.86,0,0
278,CASH_IN,102605.52,C1095676834,2283.0,104888.52,C1734123169,844791.11,742185.6,0,0
278,CASH_OUT,214571.55,C67222326,199882.0,0.0,C1119147784,544139.44,758711.0,0,0
278,PAYMENT,9242.19,C384293742,10848.0,1605.81,M115387528,0.0,0.0,0,0
278,PAYMENT,10067.02,C2015238069,19814.0,9746.98,M672954597,0.0,0.0,0,0
278,PAYMENT,1447.11,C450975954,0.0,0.0,M322571639,0.0,0.0,0,0
278,PAYMENT,8111.3,C1201398816,434.0,0.0,M147035290,0.0,0.0,0,0
278,CASH_IN,275762.58,C1258937171,20392.0,296154.58,C781616350,639866.67,364104.1,0,0
278,TRANSFER,715645.5,C993924821,0.0,0.0,C1191076770,2616814.7,3332460.2,0,0
278,PAYMENT,15250.99,C408764339,106685.0,91434.01,M1052690062,0.0,0.0,0,0
278,PAYMENT,2102.92,C1554707137,10594.0,8491.08,M764076785,0.0,0.0,0,0
278,PAYMENT,2273.86,C429342166,180183.0,177909.14,M1285839407,0.0,0.0,0,0
278,CASH_OUT,29980.78,C1864070133,0.0,0.0,C1145633657,2490956.31,2520937.1,0,0
278,CASH_OUT,423795.42,C1029592577,0.0,0.0,C1076229117,449664.18,873459.6,0,0
278,CASH_OUT,8063.43,C1437139576,0.0,0.0,C1753221254,49096.53,57159.97,0,0
278,CASH_OUT,13488.07,C735981392,0.0,0.0,C1634302140,86513.52,100001.59,0,0
278,PAYMENT,3209.17,C1841010487,13603.49,10394.31,M237371674,0.0,0.0,0,0
278,PAYMENT,9931.23,C424509445,10318.0,386.77,M1174021615,0.0,0.0,0,0
278,PAYMENT,27085.07,C449911242,0.0,0.0,M992827054,0.0,0.0,0,0
278,CASH_IN,313639.59,C1841168035,40974.0,354613.59,C1147545348,2399165.24,2085525.66,0,0
278,CASH_IN,13743.9,C941534133,22943.0,36686.9,C1467966739,24873.53,11129.63,0,0
278,TRANSFER,143063.3,C621262629,0.0,0.0,C1263007477,980202.47,1123265.77,0,0
278,PAYMENT,5355.53,C1027847529,132651.0,127295.47,M1661502171,0.0,0.0,0,0
278,PAYMENT,17998.74,C1710885485,108203.0,90204.26,M1663623033,0.0,0.0,0,0
278,CASH_OUT,137940.7,C308053210,30689.0,0.0,C1393554505,23008.46,160949.16,0,0
278,CASH_OUT,267605.76,C1433155034,11279.0,0.0,C1867070013,0.0,267605.76,0,0
278,CASH_OUT,86996.55,C1677674314,16676.0,0.0,C1351621340,225928.46,312925.01,0,0
278,DEBIT,511.23,C2133659003,29876.0,29364.77,C868255338,256654.8,257166.03,0,0
278,CASH_OUT,236212.25,C547289699,839.0,0.0,C1816841374,106026.55,342238.8,0,0
278,CASH_IN,61999.81,C1749086336,5047873.83,5109873.65,C10005638,412427.76,350427.94,0,0
278,CASH_IN,221208.04,C1615099880,2853700.94,3074908.98,C1687531755,539073.47,317865.44,0,0
278,CASH_IN,96729.61,C1804386867,8665387.88,8762117.48,C482457829,563579.17,466849.56,0,0
278,PAYMENT,26727.5,C1420527638,0.0,0.0,M1769809500,0.0,0.0,0,0
279,CASH_OUT,111231.49,C264309711,0.0,0.0,C2026266275,464978.58,576210.07,0,0
279,PAYMENT,9451.22,C934238886,0.0,0.0,M1537098885,0.0,0.0,0,0
279,CASH_OUT,62635.38,C231244065,0.0,0.0,C1143356945,3942575.54,4005210.93,0,0
279,TRANSFER,506742.41,C1080541324,2631.62,0.0,C1242104406,571405.28,1078147.69,0,0
279,PAYMENT,3062.45,C1015221085,0.0,0.0,M2018128983,0.0,0.0,0,0
279,CASH_OUT,228734.76,C383633584,51803.0,0.0,C1054206220,302708.41,531443.17,0,0
279,CASH_OUT,182660.78,C1107327193,0.0,0.0,C1036162725,300340.0,483000.78,0,0
279,CASH_IN,230061.47,C775402324,12372.0,242433.47,C1276180625,0.0,0.0,0,0
279,CASH_OUT,237649.66,C42828123,0.0,0.0,C179337004,1167998.54,1405648.2,0,0
279,PAYMENT,7154.63,C969426067,246452.81,239298.17,M376024574,0.0,0.0,0,0
279,PAYMENT,23536.35,C318150568,0.0,0.0,M530668305,0.0,0.0,0,0
279,PAYMENT,16746.99,C916064003,82644.0,65897.01,M1764419540,0.0,0.0,0,0
279,CASH_IN,64864.17,C1127650329,30233.0,95097.17,C595000719,2312732.1,2247867.93,0,0
279,CASH_OUT,19615.95,C203542295,0.0,0.0,C745252291,2325441.84,2345057.79,0,0
279,CASH_OUT,43145.34,C634304877,146218.13,103072.79,C1676876807,910835.14,953980.47,0,0
279,CASH_IN,29101.65,C1669867,49125.59,78227.24,C246141585,294580.61,265478.96,0,0
279,PAYMENT,1508.82,C195464127,0.0,0.0,M1530130977,0.0,0.0,0,0
279,TRANSFER,801110.77,C1505324987,0.0,0.0,C591151936,3587419.18,4388529.95,0,0
279,CASH_IN,177266.96,C260212676,12442094.14,12619361.11,C819235939,263783.99,86517.03,0,0
279,CASH_IN,250320.12,C896400865,20071743.7,20322063.82,C1051736283,3362972.89,3112652.77,0,0
279,CASH_IN,189964.84,C880835205,1653388.55,1843353.39,C1649557718,1468043.46,1278078.62,0,0
279,CASH_OUT,47178.27,C66175427,9739.0,0.0,C32879787,296261.26,343439.54,0,0
279,CASH_OUT,202360.2,C564739283,0.0,0.0,C1815241622,1577524.67,1779884.87,0,0
279,PAYMENT,555.32,C1385783605,72558.0,72002.68,M121449678,0.0,0.0,0,0
279,CASH_IN,115503.85,C1241215168,0.0,115503.85,C292335947,265960.0,161966.7,0,0
279,PAYMENT,11831.06,C346440260,15763.58,3932.52,M1326889398,0.0,0.0,0,0
279,PAYMENT,15238.74,C2069249997,0.0,0.0,M846221761,0.0,0.0,0,0
279,CASH_OUT,274293.25,C1649614848,21038.0,0.0,C1627490965,174364.81,448658.06,0,0
279,TRANSFER,658212.93,C442666198,24389.0,0.0,C1527429194,10000000.0,10658212.93,0,0
279,PAYMENT,8456.53,C273337080,73897.65,65441.13,M947525659,0.0,0.0,0,0
279,CASH_OUT,157989.33,C719675659,62734.0,0.0,C1659688985,3092394.29,3250383.62,0,0
279,PAYMENT,6735.85,C1188286175,50286.0,43550.15,M437773207,0.0,0.0,0,0
279,CASH_OUT,269928.71,C1116707391,3109.0,0.0,C1852221182,58303.37,328232.08,0,0
280,CASH_OUT,268914.42,C911483913,162325.0,0.0,C1974552685,55444.65,324359.07,0,0
280,PAYMENT,8310.73,C1414611696,4594.0,0.0,M978854911,0.0,0.0,0,0
280,PAYMENT,12992.91,C1181336736,810.0,0.0,M289285784,0.0,0.0,0,0
280,PAYMENT,2028.14,C170410437,0.0,0.0,M2024499283,0.0,0.0,0,0
280,PAYMENT,3463.22,C538803584,153310.0,149846.78,M2029939333,0.0,0.0,0,0
280,PAYMENT,7415.9,C1529815914,20561.0,13145.1,M1625908895,0.0,0.0,0,0
280,TRANSFER,490258.39,C625634614,6216.0,0.0,C1185665433,4017434.37,4507692.77,0,0
280,CASH_OUT,184623.03,C671603279,0.0,0.0,C2105060843,2744871.15,2929494.19,0,0
280,PAYMENT,4828.02,C1016325148,8458.0,3629.98,M7315566,0.0,0.0,0,0
280,CASH_IN,63958.69,C113670086,27387513.93,27451472.62,C2005835762,893721.5,829762.81,0,0
280,CASH_IN,3419.04,C1358885889,357.0,3776.04,C2074305586,0.0,0.0,0,0
280,CASH_IN,285055.65,C1482803301,18307.84,303363.49,C2027476570,5905662.55,5620606.9,0,0
280,CASH_IN,88328.9,C1662899019,2369569.52,2457898.42,C843898117,1675891.78,1587562.89,0,0
280,CASH_OUT,110342.23,C1323065928,0.0,0.0,C59209929,2665432.63,2775774.86,0,0
280,CASH_OUT,253086.17,C1349475855,5090.0,0.0,C39499453,111827.21,364913.38,0,0
280,CASH_IN,388591.27,C938947679,10262.0,398853.27,C1925034687,172793.94,0.0,0,0
280,TRANSFER,158207.28,C294741477,21300.0,0.0,C483862570,672958.03,831165.3,0,0
280,CASH_IN,82389.41,C550329834,9114485.95,9196875.36,C1235487968,143442.7,61053.29,0,0
280,CASH_OUT,63477.68,C1047527109,39621.0,0.0,C1520144811,395472.3,458949.98,0,0
280,CASH_OUT,7987.48,C399261652,0.0,0.0,C1133952211,706085.17,714072.65,0,0
280,PAYMENT,21945.51,C1846489279,10168.0,0.0,M766310285,0.0,0.0,0,0
280,CASH_OUT,120710.18,C2040104997,1845.0,0.0,C564581192,103070.48,223780.67,0,0
280,PAYMENT,1939.35,C161262713,1401.0,0.0,M250249483,0.0,0.0,0,0
280,PAYMENT,8985.86,C1047061433,0.0,0.0,M1875176058,0.0,0.0,0,0
280,CASH_IN,142427.9,C425675398,2153734.51,2296162.41,C2030989220,1119833.83,977405.93,0,0
280,CASH_OUT,101899.75,C816134657,0.0,0.0,C740278064,145754.87,247654.62,0,0
280,CASH_IN,144301.68,C1804415718,10155444.6,10299746.28,C90188170,414478.62,270176.94,0,0
280,CASH_OUT,213530.69,C1420308702,0.0,0.0,C1589276765,222594.89,436125.58,0,0
280,CASH_IN,77348.33,C1399489434,6492856.04,6570204.37,C1346527331,77991.48,643.15,0,0
280,CASH_IN,95416.0,C1327808668,3402316.63,3497732.63,C782343894,742658.02,647242.02,0,0
280,PAYMENT,166.6,C1681664652,3501.0,3334.4,M176762101,0.0,0.0,0,0
280,CASH_OUT,28894.87,C902913754,314290.0,285395.13,C1209526035,545933.45,772569.55,0,0
280,CASH_OUT,200323.65,C1383473966,262438.0,62114.35,C1942034283,0.0,200323.65,0,0
280,CASH_OUT,3420.9,C65430871,317353.0,313932.1,C224486170,0.0,0.0,0,0
280,PAYMENT,978.61,C1746108531,163623.63,162645.02,M2058279070,0.0,0.0,0,0
280,PAYMENT,8590.18,C422015254,50953.0,42362.82,M572669947,0.0,0.0,0,0
280,CASH_IN,125355.17,C293721837,161599.68,286954.86,C971741108,5204428.0,5079072.83,0,0
280,PAYMENT,4566.1,C585158681,1108.0,0.0,M565969656,0.0,0.0,0,0
280,CASH_OUT,124884.97,C328176526,898.0,0.0,C908663235,440213.71,565098.68,0,0
280,PAYMENT,24506.28,C931594691,0.0,0.0,M865825579,0.0,0.0,0,0
280,CASH_IN,219145.88,C519013362,6082309.92,6301455.8,C1007164463,2552098.06,1915830.29,0,0
280,CASH_IN,50597.19,C1335604835,11509702.24,11560299.42,C1040610810,79518.18,28920.99,0,0
280,PAYMENT,3392.52,C857571361,229862.39,226469.87,M1218234237,0.0,0.0,0,0
280,TRANSFER,105396.44,C1642947619,0.0,0.0,C449889415,693931.24,799327.67,0,0
281,PAYMENT,7214.52,C2039665571,17030.0,9815.48,M701746465,0.0,0.0,0,0
281,CASH_IN,80574.57,C425746109,862401.31,942975.88,C1773933090,158393.12,77818.54,0,0
281,PAYMENT,57796.49,C814731869,0.0,0.0,M1995167092,0.0,0.0,0,0
281,PAYMENT,29936.86,C855078013,0.0,0.0,M1108002074,0.0,0.0,0,0
281,CASH_IN,63751.02,C1769165310,11657.0,75408.02,C1516095720,209100.59,145349.56,0,0
281,PAYMENT,4011.87,C966829765,15638.0,11626.13,M715943943,0.0,0.0,0,0
281,TRANSFER,129037.7,C1899080251,72482.0,0.0,C402915816,810740.03,939777.72,0,0
281,CASH_OUT,47623.68,C2089814947,0.0,0.0,C515095637,721636.47,769260.15,0,0
281,PAYMENT,8508.84,C1460513473,0.0,0.0,M1305032511,0.0,0.0,0,0
281,CASH_OUT,45179.91,C507333174,48978.0,3798.09,C628055320,245458.63,290638.54,0,0
281,PAYMENT,10681.19,C138716471,0.0,0.0,M659021943,0.0,0.0,0,0
281,PAYMENT,15532.1,C649785443,0.0,0.0,M1896499369,0.0,0.0,0,0
281,PAYMENT,11263.83,C607179783,49.0,0.0,M1394326327,0.0,0.0,0,0
281,CASH_IN,258082.16,C70657855,3075707.37,3333789.53,C762586050,784354.8,526272.64,0,0
281,CASH_OUT,136661.39,C1065474793,15068.0,0.0,C1488130519,187659.65,324321.04,0,0
281,CASH_IN,170559.17,C2091319785,26892.0,197451.17,C1026064613,4908311.44,4737752.27,0,0
281,CASH_IN,33382.35,C263033523,107.0,33489.35,C1728098288,3043032.71,3009650.36,0,0
281,PAYMENT,798.21,C255144545,0.0,0.0,M198591166,0.0,0.0,0,0
281,PAYMENT,5865.59,C1907604952,9882.0,4016.41,M503743261,0.0,0.0,0,0
281,PAYMENT,11047.25,C1473553726,0.0,0.0,M329682127,0.0,0.0,0,0
281,CASH_OUT,2488.8,C308480371,107976.0,105487.2,C1130391746,0.0,2488.8,0,0
281,TRANSFER,434807.49,C1544732875,232326.76,0.0,C1239660651,740281.3,1175088.79,0,0
281,CASH_OUT,94435.03,C231544081,0.0,0.0,C478572762,241114.05,335549.09,0,0
281,CASH_IN,209326.0,C586089035,7431013.89,7640339.89,C234868038,1421796.81,1212470.81,0,0
281,CASH_IN,9114.66,C104894668,15031675.39,15040790.05,C1697715251,976288.26,967173.59,0,0
281,PAYMENT,195.44,C1710213726,29133.0,28937.56,M1545400097,0.0,0.0,0,0
281,CASH_OUT,77337.84,C1511225704,0.0,0.0,C2060013028,332594.6,409932.44,0,0
281,CASH_OUT,32697.64,C19923336,11336.0,0.0,C24267908,0.0,32697.64,0,0
281,CASH_OUT,137282.1,C1493430281,38729.98,0.0,C1357471406,1299858.49,1437140.6,0,0
281,CASH_IN,69369.4,C1116837172,522.0,69891.4,C383793077,0.0,0.0,0,0
281,CASH_OUT,20462.75,C1330169875,159.0,0.0,C1851904760,0.0,20462.75,0,0
281,PAYMENT,7088.78,C116444172,105048.7,97959.91,M1165600979,0.0,0.0,0,0
281,CASH_OUT,185441.06,C545885614,0.0,0.0,C1615422139,291586.01,477027.06,0,0
281,CASH_OUT,9991.6,C1597423750,0.0,0.0,C128752288,61315.22,71306.82,0,0
281,CASH_OUT,83383.79,C950290145,0.0,0.0,C1517993469,1039077.21,1122460.99,0,0
281,PAYMENT,5984.12,C1981707091,68765.65,62781.53,M2073532800,0.0,0.0,0,0
281,TRANSFER,597041.14,C941464617,0.0,0.0,C1054509610,2631762.4,3228803.54,0,0
281,CASH_OUT,172714.92,C137462390,0.0,0.0,C1764724170,2154069.4,2326784.32,0,0
281,PAYMENT,1357.56,C243812841,10608.0,9250.44,M1134803405,0.0,0.0,0,0
281,CASH_OUT,223443.75,C1619427622,0.0,0.0,C1489551714,1146030.06,1369473.81,0,0
281,CASH_IN,202759.64,C1740905889,6100930.85,6303690.48,C1955278556,1225204.9,1022445.26,0,0
281,CASH_OUT,87110.09,C869111018,32414.0,0.0,C835185251,298481.57,385591.67,0,0
282,CASH_IN,232597.8,C1705442213,2962068.3,3194666.1,C1772741417,938862.85,706265.05,0,0
282,CASH_IN,97245.43,C1234775939,21515.0,118760.43,C1728517972,0.0,0.0,0,0
282,CASH_IN,81584.62,C1605984845,3343812.89,3425397.51,C391452799,747049.68,665465.06,0,0
282,PAYMENT,10914.77,C1243903046,32192.0,21277.23,M1565415853,0.0,0.0,0,0
282,PAYMENT,8203.14,C754191414,10467.0,2263.86,M509404630,0.0,0.0,0,0
282,PAYMENT,3753.91,C2120205322,0.0,0.0,M337293058,0.0,0.0,0,0
282,CASH_OUT,222977.14,C1712685578,551.0,0.0,C1675501235,1654919.46,1877896.6,0,0
282,TRANSFER,1191955.08,C1027625932,0.0,0.0,C44174987,2912367.5,4104322.59,0,0
282,CASH_OUT,136444.83,C1449860933,27589.0,0.0,C350270688,315138.96,451583.79,0,0
282,CASH_OUT,144462.39,C1908390098,0.0,0.0,C1466006495,322652.36,467114.75,0,0
282,PAYMENT,62565.33,C1093122179,0.0,0.0,M1706447606,0.0,0.0,0,0
282,CASH_IN,117977.22,C1295694398,3447927.71,3565904.93,C275320123,2404368.36,2286391.14,0,0
282,CASH_IN,11433.43,C67724676,6094551.22,6105984.65,C1752091067,779478.01,768044.58,0,0
282,PAYMENT,20094.27,C400324799,0.0,0.0,M1544909094,0.0,0.0,0,0
282,CASH_OUT,243019.05,C2073283854,12222.0,0.0,C1145417723,588268.63,831287.68,0,0
282,CASH_OUT,6031.33,C1750762035,20536.0,14504.67,C1472541304,633621.04,639652.37,0,0
282,CASH_OUT,41410.86,C1462054193,0.0,0.0,C774830968,2963241.23,3004652.09,0,0
282,CASH_IN,203811.64,C690191277,30933.0,234744.64,C877900629,766017.53,562205.89,0,0
282,PAYMENT,11838.55,C233401176,0.0,0.0,M1116943672,0.0,0.0,0,0
282,PAYMENT,9294.05,C171372362,0.0,0.0,M801917093,0.0,0.0,0,0
282,CASH_IN,209332.53,C1731724282,10104.0,219436.53,C1454756428,0.0,0.0,0,0
282,PAYMENT,44880.1,C1212751028,0.0,0.0,M1123921877,0.0,0.0,0,0
282,TRANSFER,349001.93,C853956434,69907.37,0.0,C609887879,865881.49,1214883.42,0,0
282,PAYMENT,13518.2,C1878298910,8515.0,0.0,M703985065,0.0,0.0,0,0
282,CASH_OUT,118101.96,C695822570,13667.0,0.0,C243555592,17691416.22,17809518.18,0,0
282,CASH_IN,120717.28,C607079054,23543746.69,23664463.97,C1589311510,658317.29,537600.01,0,0
282,CASH_OUT,118296.96,C1277357604,10746.0,0.0,C1257433136,13573.86,131870.81,0,0
282,PAYMENT,1657.11,C1668426447,0.0,0.0,M540809890,0.0,0.0,0,0
282,TRANSFER,5648866.52,C1949665762,0.0,0.0,C2131163126,7796764.08,13445630.59,0,0
282,CASH_OUT,38803.6,C574264057,83685.0,44881.4,C1750496829,7520459.03,7559262.63,0,0
282,CASH_IN,164137.37,C1475183402,673236.8,837374.17,C1792562851,818765.13,654627.76,0,0
282,CASH_IN,143530.5,C1630934140,3800933.38,3944463.88,C2015584714,158590.18,15059.68,0,0
282,CASH_OUT,150487.07,C890331433,0.0,0.0,C596686444,579549.14,730036.21,0,0
282,CASH_IN,103741.82,C1810757698,14632181.68,14735923.5,C791853505,154975.42,51233.6,0,0
282,TRANSFER,299978.69,C203653486,31568.0,0.0,C1292198823,0.0,299978.69,0,0
282,TRANSFER,237621.88,C376430323,0.0,0.0,C6200156,714003.53,951625.41,0,0
282,CASH_OUT,260681.07,C609289824,0.0,0.0,C1106744673,13570198.0,13830879.07,0,0
282,PAYMENT,8736.39,C1798121964,59932.97,51196.58,M1645301301,0.0,0.0,0,0
282,PAYMENT,3343.83,C1246594345,0.0,0.0,M920870842,0.0,0.0,0,0
282,TRANSFER,193664.58,C1718465588,0.0,0.0,C191159195,3394147.72,3587812.3,0,0
283,PAYMENT,7283.44,C1981658919,8813.24,1529.8,M2110758213,0.0,0.0,0,0
283,PAYMENT,3725.13,C164091102,16072.0,12346.87,M83321363,0.0,0.0,0,0
283,PAYMENT,11158.15,C1251931413,0.0,0.0,M1605784885,0.0,0.0,0,0
283,CASH_IN,268813.07,C1209406317,53973.0,322786.07,C1205150615,463263.12,194450.04,0,0
283,CASH_OUT,137777.5,C35299337,5289.0,0.0,C1662428866,329176.78,466954.29,0,0
283,TRANSFER,310777.59,C1466719445,0.0,0.0,C1667350296,5614253.55,5925031.14,0,0
283,PAYMENT,328.57,C1293478365,0.0,0.0,M1383941207,0.0,0.0,0,0
283,CASH_OUT,82563.81,C1372194648,0.0,0.0,C2096098493,307097.98,389661.79,0,0
283,CASH_OUT,92682.86,C1189383147,0.0,0.0,C1936843893,1651552.43,1744235.29,0,0
283,CASH_OUT,169635.92,C51780081,60900.0,0.0,C1340225043,6195909.42,6365545.34,0,0
283,CASH_OUT,269821.35,C19395997,0.0,0.0,C1430463714,5264915.71,5534737.05,0,0
283,CASH_OUT,77701.82,C938222336,20251.0,0.0,C1267778776,0.0,77701.82,0,0
283,TRANSFER,21874.85,C712898315,0.0,0.0,C1952999320,242567.95,264442.8,0,0
283,CASH_IN,63142.93,C1861910034,11161.0,74303.93,C1068953164,0.0,0.0,0,0
283,CASH_OUT,95158.66,C401486419,16618.0,0.0,C1795589331,207697.52,302856.18,0,0
283,PAYMENT,25391.63,C1072249519,0.0,0.0,M1765845240,0.0,0.0,0,0
283,CASH_OUT,109358.52,C446996073,31675.0,0.0,C6699586,3921806.63,4031165.15,0,0
283,PAYMENT,11118.55,C264207479,0.0,0.0,M1269490674,0.0,0.0,0,0
283,CASH_OUT,17931.54,C1342980808,51203.0,33271.46,C799591891,0.0,17931.54,0,0
283,CASH_OUT,80675.95,C1953781060,19419.0,0.0,C1071647226,182403.15,263079.11,0,0
283,PAYMENT,2334.29,C969717020,0.0,0.0,M1203319539,0.0,0.0,0,0
283,TRANSFER,155335.27,C973674756,20328.0,0.0,C1419326680,0.0,155335.27,0,0
283,PAYMENT,5289.28,C1357040948,15719.35,10430.07,M1280611130,0.0,0.0,0,0
283,PAYMENT,4429.04,C710365213,0.0,0.0,M4352588,0.0,0.0,0,0
283,PAYMENT,6576.97,C286334476,42889.0,36312.03,M126525179,0.0,0.0,0,0
283,CASH_OUT,237458.54,C1527753043,0.0,0.0,C1667330798,1010968.56,1248427.1,0,0
283,CASH_IN,454703.2,C1051070840,1018808.15,1473511.35,C954602590,2530435.31,2075732.11,0,0
283,PAYMENT,2753.48,C1669979329,11709.0,8955.52,M1501604184,0.0,0.0,0,0
283,CASH_IN,129208.13,C2135173746,6406402.24,6535610.37,C610068783,176463.89,47255.76,0,0
283,PAYMENT,5466.25,C115003000,0.0,0.0,M755124502,0.0,0.0,0,0
283,CASH_IN,20630.36,C325287580,18895.0,39525.36,C2025526672,267720.1,247089.73,0,0
283,CASH_OUT,46665.88,C96424039,20420.0,0.0,C1189179252,6206925.38,6253591.26,0,0
283,PAYMENT,1530.26,C1325726207,840566.0,839035.74,M1439722266,0.0,0.0,0,0
283,PAYMENT,3922.27,C2094435173,59759.0,55836.73,M2093261812,0.0,0.0,0,0
283,TRANSFER,235830.14,C2083643524,30561.0,0.0,C686513153,658338.61,894168.75,0,0
283,CASH_OUT,133953.78,C2088095239,84449.0,0.0,C28051647,0.0,133953.78,0,0
283,CASH_IN,129875.77,C1060146784,41197.0,171072.77,C1014465836,75974.98,0.0,0,0
283,PAYMENT,32767.99,C1849107721,0.0,0.0,M1384209401,0.0,0.0,0,0
283,PAYMENT,3567.01,C1570745664,53777.0,50209.99,M665949447,0.0,0.0,0,0
283,CASH_IN,194385.35,C1646285412,13945153.73,14139539.08,C67369845,376129.01,181743.66,0,0
283,CASH_IN,104134.9,C1759218516,148804.0,252938.9,C222349066,1965577.64,1861442.73,0,0
283,CASH_IN,128728.56,C2021893688,23109584.98,23238313.54,C1583730723,1948041.83,1819313.27,0,0
283,CASH_OUT,70311.0,C2099496964,20703.0,0.0,C389516446,145401.58,215712.58,0,0
283,CASH_OUT,50014.81,C1152031664,5108.0,0.0,C1205436324,3369785.09,3419799.9,0,0
283,PAYMENT,2508.51,C519035299,55469.0,52960.49,M1093408065,0.0,0.0,0,0
283,CASH_OUT,122930.18,C2003718772,0.0,0.0,C476182975,12948229.53,13071159.71,0,0
283,CASH_OUT,98004.37,C1611339432,595956.03,497951.66,C1719018023,173025.71,271030.08,0,0
283,CASH_IN,64267.71,C1945061927,12739.0,77006.71,C594369015,0.0,0.0,0,0
283,PAYMENT,12048.38,C404972336,0.0,0.0,M1829574931,0.0,0.0,0,0
283,CASH_OUT,135416.16,C111695589,155.0,0.0,C918659504,235375.11,370791.27,0,0
283,CASH_IN,8863.94,C1991170968,6396271.97,6405135.91,C1657769946,10422111.43,10413247.49,0,0
283,CASH_IN,71949.71,C1301628249,17173422.6,17245372.31,C1092931192,363678.35,291728.64,0,0
283,CASH_OUT,201565.4,C1825991297,32057.0,0.0,C1446917712,351221.41,552786.81,0,0
283,PAYMENT,18365.8,C897100748,0.0,0.0,M2037809336,0.0,0.0,0,0
283,TRANSFER,28841.59,C789252664,0.0,0.0,C330275861,2045762.92,2074604.51,0,0
283,PAYMENT,15939.22,C28518742,51528.0,35588.78,M966503441,0.0,0.0,0,0
283,CASH_IN,200357.74,C465894452,10373.0,210730.74,C387344736,0.0,0.0,0,0
283,PAYMENT,43670.66,C1551153673,30296.41,0.0,M884553151,0.0,0.0,0,0
283,CASH_OUT,148249.29,C269162265,0.0,0.0,C593770255,514418.9,662668.18,0,0
283,CASH_OUT,98666.15,C571135278,0.0,0.0,C1775510533,214774.65,313440.8,0,0
284,CASH_OUT,9334.84,C1542192588,55094.0,45759.16,C1292758136,63200.41,72535.25,0,0
284,PAYMENT,9288.49,C2050937908,101.0,0.0,M1318296410,0.0,0.0,0,0
284,CASH_OUT,184146.17,C1657353905,0.0,0.0,C832658392,1988086.82,2172233.0,0,0
284,PAYMENT,48394.76,C1200383553,0.0,0.0,M1040049144,0.0,0.0,0,0
284,CASH_OUT,96940.77,C1668636480,3123.0,0.0,C1238908531,0.0,96940.77,0,0
284,CASH_OUT,25663.11,C2001668551,584.0,0.0,C789948151,57531.38,83194.49,0,0
284,CASH_OUT,117851.93,C2134614389,3877.0,0.0,C1313998728,0.0,117851.93,0,0
284,PAYMENT,5981.01,C1697433648,46000.28,40019.27,M744215711,0.0,0.0,0,0
284,PAYMENT,31997.1,C2122314907,0.0,0.0,M518389744,0.0,0.0,0,0
284,CASH_OUT,22463.46,C1722634321,10659.0,0.0,C915764678,0.0,22463.46,0,0
284,CASH_OUT,203131.92,C532343708,1274.0,0.0,C191015809,0.0,203131.92,0,0
284,CASH_OUT,220355.62,C1886663528,0.0,0.0,C664572625,260016.23,480371.85,0,0
284,CASH_IN,120093.73,C57385843,12196239.92,12316333.65,C453493362,616739.94,496646.21,0,0
284,CASH_IN,74296.47,C1215445902,18232599.24,18306895.71,C601935423,3864929.21,3790632.75,0,0
284,PAYMENT,10122.55,C888717203,0.0,0.0,M1785273444,0.0,0.0,0,0
284,CASH_OUT,111099.1,C705430219,69807.0,0.0,C1351395093,5598002.88,5709101.98,0,0
284,PAYMENT,25249.86,C41897092,0.0,0.0,M2118292800,0.0,0.0,0,0
284,PAYMENT,3292.29,C1960270015,0.0,0.0,M517286896,0.0,0.0,0,0
284,TRANSFER,575875.7,C1938081938,0.0,0.0,C2118064989,1084182.47,1017839.83,0,0
284,CASH_IN,17347.27,C325181169,12190.0,29537.27,C1770876042,5524.18,0.0,0,0
284,TRANSFER,15633636.69,C2012631779,0.0,0.0,C861098140,15656956.7,31290593.39,0,0
284,CASH_IN,42202.86,C946665163,50956.0,93158.86,C950612125,102450.63,60247.78,0,0
284,PAYMENT,6199.92,C1970673742,12290.0,6090.08,M1499926644,0.0,0.0,0,0
284,CASH_OUT,18815.52,C722621811,9364.0,0.0,C1279116974,88703.24,107518.76,0,0
284,CASH_OUT,66024.85,C1824780473,0.0,0.0,C1725702543,2588317.53,2654342.39,0,0
284,PAYMENT,5845.3,C106570195,182.0,0.0,M1579710335,0.0,0.0,0,0
284,PAYMENT,10235.13,C1278209926,106382.0,96146.87,M627473799,0.0,0.0,0,0
284,CASH_OUT,88448.79,C277539656,27479.0,0.0,C496730842,194027.43,282476.22,0,0
284,CASH_OUT,194313.98,C799026556,14688.0,0.0,C528801176,26935.91,221249.89,0,0
284,CASH_IN,96331.18,C727677884,11201290.76,11297621.94,C590719120,1867178.54,1770847.36,0,0
284,CASH_OUT,15262.27,C1452905876,10710.0,0.0,C1612658411,5618407.41,5633669.68,0,0
284,CASH_OUT,108596.78,C1912688402,296.0,0.0,C857942821,196015.11,304611.9,0,0
284,CASH_OUT,20340.09,C1472965191,0.0,0.0,C1520963395,742077.34,762417.42,0,0
284,PAYMENT,7086.6,C1625028745,303621.0,296534.4,M1455871201,0.0,0.0,0,0
284,CASH_IN,48878.58,C1940362415,61300.0,110178.58,C615526215,0.0,0.0,0,0
284,PAYMENT,976.28,C2456031,51830.0,50853.72,M1576794809,0.0,0.0,0,0
284,PAYMENT,15230.71,C344037831,52831.0,37600.29,M1302814592,0.0,0.0,0,0
284,PAYMENT,1197.19,C1049246983,0.0,0.0,M1886782973,0.0,0.0,0,0
284,CASH_IN,5710.7,C126104086,71949.0,77659.7,C209701271,3923763.02,3918052.31,0,0
284,PAYMENT,9553.43,C426800899,0.0,0.0,M6922503,0.0,0.0,0,0
284,CASH_OUT,49241.75,C1319407846,26287.0,0.0,C1091058602,781563.71,830805.45,0,0
284,PAYMENT,7770.87,C536159945,374580.0,366809.13,M1043880414,0.0,0.0,0,0
284,PAYMENT,5854.37,C1735518904,119894.34,114039.98,M489424829,0.0,0.0,0,0
284,TRANSFER,261335.92,C2145279171,347.0,0.0,C1843523621,0.0,261335.92,0,0
284,TRANSFER,475213.99,C1373164835,69574.0,0.0,C1429782950,0.0,475213.99,0,0
285,CASH_IN,252921.9,C424226880,11662.0,264583.9,C1446390370,301038.48,48116.57,0,0
285,CASH_IN,170279.47,C514210729,25104.0,195383.47,C1427623285,0.0,0.0,0,0
285,PAYMENT,15652.36,C607754218,0.0,0.0,M857107936,0.0,0.0,0,0
285,PAYMENT,318.74,C1514749290,9291.0,8972.26,M485667537,0.0,0.0,0,0
285,CASH_IN,113905.01,C1340147342,22654.0,136559.01,C1292725225,9395.43,0.0,0,0
285,PAYMENT,237.81,C435003171,15672.0,15434.19,M1969947540,0.0,0.0,0,0
285,CASH_IN,83352.45,C1738905352,5283921.81,5367274.26,C1390349980,352750.95,269398.5,0,0
285,CASH_IN,68824.74,C2044045406,4073263.18,4142087.92,C1620478583,584586.67,515761.93,0,0
285,CASH_OUT,151314.99,C1336035494,2517.0,0.0,C245009110,5160.78,156475.76,0,0
285,TRANSFER,212975.59,C1926292993,212975.59,0.0,C1181920109,0.0,0.0,1,0
285,CASH_OUT,39964.3,C1090978999,236352.49,196388.19,C1800358927,108922.82,148887.11,0,0
285,CASH_OUT,85828.73,C252047151,303893.0,218064.27,C2100262073,328080.66,413909.4,0,0
285,CASH_OUT,93033.01,C182859778,14894.0,0.0,C409856903,3917519.86,4010552.88,0,0
285,PAYMENT,4102.38,C1460263204,31621.09,27518.71,M1205616687,0.0,0.0,0,0
285,CASH_IN,195534.21,C21522117,981802.3,1177336.51,C108892251,396216.92,200682.71,0,0
285,PAYMENT,3379.07,C1996927000,150586.0,147206.93,M79774274,0.0,0.0,0,0
285,PAYMENT,9964.19,C132324703,6473.24,0.0,M1791930394,0.0,0.0,0,0
285,PAYMENT,997.73,C1152230002,72217.0,71219.27,M1158641355,0.0,0.0,0,0
285,PAYMENT,7333.88,C1476069632,51942.0,44608.12,M921068288,0.0,0.0,0,0
285,CASH_IN,441042.84,C1002797498,676309.9,1117352.74,C1940488528,688420.72,247377.89,0,0
285,CASH_OUT,308141.79,C1726809153,46103.63,0.0,C190958424,2788855.54,3096997.33,0,0
285,PAYMENT,5213.77,C832701445,18988.65,13774.88,M2133088337,0.0,0.0,0,0
285,PAYMENT,16938.98,C2021137602,88695.47,71756.49,M162275447,0.0,0.0,0,0
285,CASH_OUT,250336.54,C1422476807,44821.64,0.0,C1120980531,143518.39,393854.93,0,0
285,CASH_OUT,66217.93,C470361302,0.0,0.0,C1741802507,2062464.18,2128682.11,0,0
285,CASH_OUT,54482.63,C228727221,0.0,0.0,C1621231155,2330263.06,2384745.69,0,0
285,CASH_IN,25987.56,C1525837093,99559.0,125546.56,C1084765208,33306.49,7318.93,0,0
286,PAYMENT,20748.88,C1542266114,0.0,0.0,M1073113042,0.0,0.0,0,0
286,PAYMENT,40737.73,C1876950518,0.0,0.0,M432721679,0.0,0.0,0,0
286,PAYMENT,42405.06,C832281387,0.0,0.0,M2132674727,0.0,0.0,0,0
286,PAYMENT,5883.45,C174427584,11632.0,5748.55,M435460062,0.0,0.0,0,0
286,CASH_OUT,19942.56,C1870679278,14535.0,0.0,C874245707,29843.07,49785.62,0,0
286,PAYMENT,5414.19,C1439551901,91454.47,86040.28,M1922367189,0.0,0.0,0,0
286,PAYMENT,2662.76,C2103674583,32763.0,30100.24,M874000279,0.0,0.0,0,0
286,PAYMENT,17887.31,C1669816738,0.0,0.0,M463941574,0.0,0.0,0,0
286,PAYMENT,9283.19,C2115606884,49049.0,39765.81,M1564975058,0.0,0.0,0,0
286,TRANSFER,472229.75,C80008769,121261.0,0.0,C107547263,1304564.65,1776794.4,0,0
286,TRANSFER,237628.21,C1386467291,10.0,0.0,C244559601,0.0,237628.21,0,0
286,TRANSFER,438124.79,C12601864,233.0,0.0,C1455229400,223898.29,662023.08,0,0
287,TRANSFER,486482.75,C1312501751,27567.0,0.0,C333035557,0.0,486482.75,0,0
287,TRANSFER,2075572.66,C79038438,0.0,0.0,C918585558,6687048.68,8762621.34,0,0
287,PAYMENT,24328.02,C1206113931,0.0,0.0,M1287913617,0.0,0.0,0,0
287,CASH_OUT,308061.73,C97283818,0.0,0.0,C1824144247,866340.8,1174402.53,0,0
287,PAYMENT,17176.19,C766039273,301793.0,284616.81,M815824870,0.0,0.0,0,0
287,CASH_OUT,206518.45,C1868653425,0.0,0.0,C610652311,2042336.48,2248854.93,0,0
287,CASH_OUT,106940.99,C1356568142,0.0,0.0,C1425039875,378275.72,485216.7,0,0
287,PAYMENT,10332.23,C485872164,0.0,0.0,M176639032,0.0,0.0,0,0
287,PAYMENT,4578.7,C252381786,10551.0,5972.3,M200364611,0.0,0.0,0,0
287,CASH_OUT,7109453.78,C34310706,7109453.78,0.0,C615611865,1377347.2,8486800.98,1,0
287,PAYMENT,6710.63,C1243597276,0.0,0.0,M2144124692,0.0,0.0,0,0
287,PAYMENT,5285.81,C25575638,0.0,0.0,M1293037673,0.0,0.0,0,0
288,PAYMENT,56478.22,C524409181,50310.0,0.0,M853440557,0.0,0.0,0,0
288,PAYMENT,34465.95,C871884045,0.0,0.0,M1850585186,0.0,0.0,0,0
288,PAYMENT,24598.81,C1017472935,2119.61,0.0,M756091754,0.0,0.0,0,0
288,TRANSFER,2183852.42,C1299507314,0.0,0.0,C1897434753,3918848.39,6102700.81,0,0
288,PAYMENT,88543.07,C1013928370,20665.0,0.0,M1163075313,0.0,0.0,0,0
289,TRANSFER,7115.59,C774834597,20549.0,13433.41,C724924934,3523917.79,3531033.38,0,0
289,CASH_OUT,758492.63,C470945069,0.0,0.0,C1953746914,2354782.91,3113275.54,0,0
290,CASH_OUT,272473.3,C1077391313,0.0,0.0,C2108455110,1040588.12,1313061.42,0,0
294,CASH_OUT,290090.57,C2076884011,290090.57,0.0,C105660024,2000395.18,2290485.75,1,0
297,PAYMENT,29486.03,C1021316068,0.0,0.0,M1252105601,0.0,0.0,0,0
297,CASH_IN,13025.65,C84282910,2635690.81,2648716.46,C339782300,62761.5,49735.85,0,0
297,CASH_OUT,211989.16,C311001181,19126.0,0.0,C1399155939,0.0,211989.16,0,0
297,TRANSFER,868355.77,C87511055,0.0,0.0,C387199088,920804.12,1789159.89,0,0
297,CASH_IN,200397.84,C1177376320,19059239.61,19259637.45,C220410933,752673.54,552275.7,0,0
297,CASH_OUT,180315.46,C1000670610,101951.0,0.0,C939306187,0.0,180315.46,0,0
297,CASH_OUT,312539.22,C1204591741,106525.0,0.0,C1033464564,757375.71,1069914.93,0,0
297,TRANSFER,313106.75,C856591921,0.0,0.0,C2115812248,624446.86,937553.61,0,0
297,PAYMENT,30015.7,C1484296830,0.0,0.0,M1117313381,0.0,0.0,0,0
297,CASH_IN,175078.88,C360053519,101099.0,276177.88,C552563981,0.0,0.0,0,0
297,CASH_OUT,208807.37,C890763255,9107.0,0.0,C1338524502,2614915.11,2823722.48,0,0
297,CASH_OUT,100965.82,C1714454194,0.0,0.0,C2057372360,1126463.25,1227429.07,0,0
297,CASH_OUT,69931.26,C1083354621,0.0,0.0,C1100284264,692908.81,1229150.65,0,0
297,CASH_IN,51994.29,C1660945542,10184.0,62178.29,C930878097,385646.64,333652.35,0,0
297,CASH_IN,81759.59,C58145161,24107.0,105866.59,C111931997,72635.28,0.0,0,0
297,CASH_OUT,336003.06,C1329428455,74153.0,0.0,C1222217515,1321226.74,1657229.8,0,0
297,CASH_IN,275878.34,C355650779,156284.0,432162.34,C1033146013,1402576.87,1126698.53,0,0
297,PAYMENT,19085.01,C1418304186,449020.99,429935.98,M1750482545,0.0,0.0,0,0
297,CASH_IN,460571.27,C1941643316,21915.0,482486.27,C561442644,192182.01,0.0,0,0
297,TRANSFER,678874.18,C797151808,199960.0,0.0,C702640627,0.0,678874.18,0,0
297,CASH_OUT,4932.23,C257702265,0.0,0.0,C244307050,70362.12,75294.35,0,0
297,PAYMENT,17943.2,C1810670143,11140.0,0.0,M1113001325,0.0,0.0,0,0
297,CASH_OUT,283192.07,C1060318851,0.0,0.0,C1584495875,3402293.5,3685485.57,0,0
297,PAYMENT,3815.99,C27957008,3410.0,0.0,M928073146,0.0,0.0,0,0
297,CASH_IN,268364.13,C1718789843,2999150.6,3267514.73,C1837087976,589824.74,321460.6,0,0
297,DEBIT,2694.0,C117908568,125819.0,123125.0,C1999820312,109577.58,112271.58,0,0
297,PAYMENT,7965.15,C656454382,0.0,0.0,M243646650,0.0,0.0,0,0
297,CASH_IN,121451.67,C737446539,9817583.59,9939035.26,C15260857,176760.21,55308.54,0,0
297,CASH_IN,133466.36,C162140527,4775738.8,4909205.15,C1089381724,745935.09,612468.73,0,0
297,CASH_IN,483426.64,C991843185,63107.0,546533.64,C925108572,3134567.88,2651141.23,0,0
297,CASH_OUT,114679.3,C375485301,0.0,0.0,C753603258,3259403.71,3374083.01,0,0
297,CASH_IN,28067.87,C1217737761,10823659.74,10851727.61,C780523880,7942469.43,7914401.57,0,0
298,CASH_OUT,104051.63,C1434137988,281570.95,177519.32,C1368772358,120043.58,224095.21,0,0
298,CASH_OUT,6713.48,C2143288512,0.0,0.0,C1529647071,237093.99,243807.47,0,0
298,TRANSFER,2149320.59,C758558311,39689.0,0.0,C1085992222,0.0,1641530.6,0,0
298,CASH_OUT,37772.75,C1120379629,0.0,0.0,C1980250605,1299171.31,1336944.05,0,0
298,PAYMENT,30361.5,C1278579010,0.0,0.0,M91120393,0.0,0.0,0,0
298,PAYMENT,36547.81,C1878282776,0.0,0.0,M677115343,0.0,0.0,0,0
298,CASH_OUT,154579.21,C1267674004,52814.04,0.0,C1904446635,185496.72,340075.93,0,0
298,CASH_IN,153724.51,C991429437,2688177.59,2841902.1,C564996871,468647.64,314923.13,0,0
298,PAYMENT,8996.31,C1833810998,0.0,0.0,M1074879579,0.0,0.0,0,0
298,CASH_OUT,362133.57,C1322781909,0.0,0.0,C1425987779,1134680.65,1628696.43,0,0
298,TRANSFER,844632.82,C1066626820,14700.0,0.0,C1990270372,0.0,844632.82,0,0
298,CASH_OUT,110187.95,C1597856707,0.0,0.0,C1765665409,4727566.36,4837754.31,0,0
298,CASH_OUT,308343.17,C1640612585,350.0,0.0,C1223529864,4234042.88,4542386.04,0,0
298,CASH_OUT,43887.98,C1981876829,101158.0,57270.02,C1314619016,131471.15,175359.13,0,0
298,CASH_IN,177589.73,C2129010606,100789.0,278378.73,C68794782,109769.53,0.0,0,0
298,TRANSFER,3585331.34,C940945368,51298.0,0.0,C2131886271,399133.38,3984464.72,0,0
298,PAYMENT,16240.22,C1018899275,0.0,0.0,M1018943861,0.0,0.0,0,0
298,CASH_OUT,75072.51,C9446700,5342.0,0.0,C1790936260,8467590.54,8542663.05,0,0
298,CASH_IN,311873.24,C916516654,12564.0,324437.24,C1840240248,0.0,0.0,0,0
298,CASH_OUT,243379.33,C1943771700,0.0,0.0,C1657808698,2918341.99,3161721.31,0,0
298,CASH_OUT,166710.61,C1632198196,767.0,0.0,C1764644241,11830.5,178541.11,0,0
298,CASH_OUT,105801.43,C808879718,0.0,0.0,C2073977905,607852.37,713653.8,0,0
298,PAYMENT,28552.71,C229413779,0.0,0.0,M1616846804,0.0,0.0,0,0
298,PAYMENT,564.48,C984848679,0.0,0.0,M910878042,0.0,0.0,0,0
298,CASH_OUT,64468.19,C776090773,130.0,0.0,C965931601,156882.77,270456.38,0,0
298,CASH_OUT,384001.09,C1232399123,14420.0,0.0,C449381707,2863146.58,3247147.67,0,0
298,PAYMENT,10239.18,C1376591247,43973.12,33733.94,M264451348,0.0,0.0,0,0
298,PAYMENT,3483.04,C861367165,623647.64,620164.6,M1840336436,0.0,0.0,0,0
298,DEBIT,8739.62,C1618307670,0.0,0.0,C1285080038,259282.18,268021.8,0,0
298,PAYMENT,53299.16,C1547962631,0.0,0.0,M2133238222,0.0,0.0,0,0
298,CASH_IN,122247.73,C321022374,60278.0,182525.73,C17930312,0.0,0.0,0,0
298,PAYMENT,17070.79,C998795543,415135.38,398064.6,M1063312753,0.0,0.0,0,0
298,CASH_IN,172434.77,C438618978,2662679.76,2835114.52,C2125817523,1114800.89,942366.13,0,0
298,CASH_IN,360595.93,C1132264861,14838141.16,15198737.09,C1045141792,505184.78,144588.85,0,0
298,TRANSFER,518518.31,C428483308,0.0,0.0,C1676644278,576057.48,1094575.79,0,0
298,CASH_OUT,107920.1,C625580544,0.0,0.0,C131837504,16018660.17,16126580.27,0,0
298,CASH_OUT,314077.31,C549056891,0.0,0.0,C312603836,1027936.83,1342014.14,0,0
298,PAYMENT,1303.98,C1316684942,167663.0,166359.02,M1939312984,0.0,0.0,0,0
298,PAYMENT,34075.76,C1074536397,0.0,0.0,M2141186747,0.0,0.0,0,0
298,PAYMENT,6985.95,C1774397300,40400.11,33414.16,M1169790022,0.0,0.0,0,0
298,PAYMENT,42798.69,C284687102,151940.41,109141.71,M1060722556,0.0,0.0,0,0
298,TRANSFER,4697400.89,C1796066720,0.0,0.0,C2106908510,51976393.36,56673794.25,0,0
298,CASH_IN,72584.98,C1531609970,2113097.67,2185682.64,C1088119605,3241820.18,3169235.2,0,0
298,PAYMENT,49479.13,C821067798,0.0,0.0,M451492663,0.0,0.0,0,0
298,PAYMENT,13446.13,C263447367,37692.63,24246.5,M1258663838,0.0,0.0,0,0
298,CASH_IN,88649.42,C779313198,2001093.72,2089743.14,C1068323512,524437.94,435788.52,0,0
299,PAYMENT,3004.34,C1065692301,0.0,0.0,M446718653,0.0,0.0,0,0
299,PAYMENT,4877.01,C1077108756,0.0,0.0,M1170386864,0.0,0.0,0,0
299,PAYMENT,4171.04,C590971574,174984.93,170813.89,M984014898,0.0,0.0,0,0
299,PAYMENT,8218.47,C340067785,0.0,0.0,M213390449,0.0,0.0,0,0
299,CASH_IN,402738.44,C1560026259,21496519.41,21899257.85,C69160490,662162.6,259424.16,0,0
299,CASH_IN,337404.31,C663737353,18810700.39,19148104.7,C726905526,766643.86,429239.55,0,0
299,PAYMENT,13959.98,C1839061547,279853.85,265893.86,M201753286,0.0,0.0,0,0
299,CASH_IN,374708.17,C111053275,31468.0,406176.17,C1512421137,925478.0,550769.83,0,0
299,PAYMENT,22192.31,C1292562418,0.0,0.0,M1030796264,0.0,0.0,0,0
299,CASH_OUT,338083.21,C1319775915,682.0,0.0,C229776600,752538.39,1090621.6,0,0
299,CASH_OUT,15913.39,C945707921,0.0,0.0,C483932677,537641.73,553555.13,0,0
299,CASH_OUT,28148.69,C1589951776,101215.23,73066.54,C173326038,33521.14,61669.83,0,0
299,CASH_IN,170453.99,C85382606,2827176.62,2997630.61,C1667125202,314663.96,144209.97,0,0
299,CASH_IN,25997.67,C184459554,47790.0,73787.67,C1595255870,1299655.53,1273657.86,0,0
299,CASH_OUT,278674.06,C1878396998,228426.0,0.0,C250471754,55940.02,334614.08,0,0
299,CASH_OUT,190397.69,C1943266211,10975.0,0.0,C1699100984,142819.29,333216.99,0,0
299,CASH_OUT,212677.53,C1282023278,0.0,0.0,C1937721430,3145833.7,3358511.23,0,0
299,CASH_OUT,389562.7,C1542341458,51936.0,0.0,C1027027272,1108972.25,1498534.95,0,0
299,CASH_OUT,23472.88,C209708581,0.0,0.0,C1357376084,108597.67,132070.55,0,0
299,CASH_OUT,272969.89,C1954058136,12673.75,0.0,C1818194306,3160405.39,3433375.28,0,0
299,CASH_IN,399565.26,C395336954,10117.0,409682.26,C321857738,177388.57,0.0,0,0
299,PAYMENT,10874.16,C1881125872,294411.0,283536.84,M1495351983,0.0,0.0,0,0
299,CASH_IN,325308.78,C1171383592,6166894.53,6492203.31,C1415166766,973544.81,648236.03,0,0
299,PAYMENT,2666.66,C588133799,40258.0,37591.34,M1031863340,0.0,0.0,0,0
299,CASH_IN,178649.95,C1238020864,8262535.34,8441185.29,C1085988605,294052.51,115402.56,0,0
299,CASH_IN,229204.53,C1229733503,107905.0,337109.53,C498118445,55048.41,0.0,0,0
299,PAYMENT,16622.39,C569191469,295459.88,278837.49,M672346976,0.0,0.0,0,0
299,CASH_OUT,81714.38,C1638573777,0.0,0.0,C959668764,2396737.29,2478451.68,0,0
299,CASH_IN,313167.34,C1199812017,4954196.85,5267364.18,C2017781503,1902316.35,1589149.01,0,0
299,CASH_OUT,247691.54,C718454900,0.0,0.0,C470475774,1724680.29,1972371.82,0,0
299,CASH_OUT,241939.72,C473200762,0.0,0.0,C1037423853,786117.04,1028056.76,0,0
299,CASH_IN,158567.58,C703932387,4581357.83,4739925.41,C431971651,196805.93,38238.35,0,0
299,CASH_OUT,113234.1,C1622430731,0.0,0.0,C557990385,155332.2,268566.3,0,0
299,TRANSFER,1146548.44,C871213592,0.0,0.0,C1053297930,2193508.48,3646332.64,0,0
299,TRANSFER,1294743.87,C265141521,33012.0,0.0,C541339162,0.0,1294743.87,0,0
299,CASH_IN,301681.29,C67580640,1925845.42,2227526.72,C1928264617,2769941.69,2672736.64,0,0
299,CASH_OUT,171548.41,C729363987,0.0,0.0,C619095454,1425850.12,1597398.53,0,0
299,CASH_IN,117419.52,C203379390,1244102.66,1361522.18,C64327150,1544792.6,1427373.07,0,0
299,PAYMENT,8156.05,C1554560731,0.0,0.0,M2115346530,0.0,0.0,0,0
299,CASH_OUT,231546.81,C1768648782,0.0,0.0,C615499599,2721827.53,2953374.35,0,0
299,CASH_OUT,525499.19,C347926301,0.0,0.0,C410437994,3708948.15,4228971.39,0,0
299,CASH_OUT,7028.25,C1098011316,0.0,0.0,C1232504595,21718.63,28746.88,0,0
299,CASH_IN,106505.56,C1507537251,7317327.31,7423832.86,C2127132683,9470634.3,9364128.74,0,0
299,CASH_IN,132498.26,C1912752810,21895.0,154393.26,C1465164530,381520.65,249022.39,0,0
299,CASH_OUT,173585.49,C523607833,0.0,0.0,C1465896918,359455.83,533041.32,0,0
299,CASH_OUT,429262.86,C1960006585,0.0,0.0,C1527213535,6150192.84,6579455.7,0,0
299,CASH_OUT,75531.93,C387804830,0.0,0.0,C365553096,809904.96,885436.89,0,0
299,CASH_IN,50284.16,C98173823,451068.43,501352.6,C1929438329,1503995.75,1453711.58,0,0
299,PAYMENT,12662.49,C540223871,0.0,0.0,M900269740,0.0,0.0,0,0
299,TRANSFER,162538.26,C388312603,0.0,0.0,C1163253942,1532030.4,1694568.66,0,0
299,PAYMENT,26578.36,C581214493,121788.53,95210.17,M405228281,0.0,0.0,0,0
299,PAYMENT,38808.85,C791616853,0.0,0.0,M903024747,0.0,0.0,0,0
299,PAYMENT,17210.51,C1721738373,0.0,0.0,M716750203,0.0,0.0,0,0
299,CASH_OUT,184476.97,C558017357,10183.0,0.0,C405547387,91304.76,275781.73,0,0
299,CASH_OUT,80513.22,C1704421972,10546.0,0.0,C43616733,0.0,80513.22,0,0
300,CASH_IN,243977.71,C1776075264,30413.0,274390.71,C6891951,78162.84,0.0,0,0
300,TRANSFER,277684.05,C1726423555,790.0,0.0,C2050698407,2199747.41,2477431.46,0,0
300,PAYMENT,14544.55,C1204528801,9008.0,0.0,M941867789,0.0,0.0,0,0
300,CASH_OUT,450369.7,C561720887,26375.0,0.0,C684298508,211844.24,662213.94,0,0
300,PAYMENT,5561.3,C1214632949,5041.86,0.0,M323495292,0.0,0.0,0,0
300,PAYMENT,2339.53,C1764242935,0.0,0.0,M1851367049,0.0,0.0,0,0
300,CASH_OUT,346415.39,C772467396,7115.0,0.0,C1564641525,46080.04,392495.43,0,0
300,PAYMENT,32961.62,C1412612211,0.0,0.0,M756904529,0.0,0.0,0,0
300,PAYMENT,2428.29,C60272770,213915.0,211486.71,M2116676934,0.0,0.0,0,0
300,CASH_IN,171108.44,C1793150147,491791.0,662899.44,C1975628105,2069473.1,1898364.67,0,0
300,TRANSFER,674694.88,C534533023,5573.0,0.0,C811674438,5876935.45,6551630.33,0,0
300,PAYMENT,33153.22,C1022449837,76485.69,43332.47,M1832494417,0.0,0.0,0,0
300,PAYMENT,17459.85,C442624112,98129.16,80669.32,M1721105971,0.0,0.0,0,0
300,CASH_IN,45956.97,C523990235,9061943.32,9107900.28,C849164182,103589.96,57632.99,0,0
300,PAYMENT,12367.79,C1434300290,20848.0,8480.21,M484620686,0.0,0.0,0,0
300,CASH_OUT,307013.71,C725156453,21927.0,0.0,C1560707606,0.0,307013.71,0,0
300,PAYMENT,883.09,C1926464835,85722.73,84839.64,M1669600678,0.0,0.0,0,0
300,PAYMENT,12239.18,C1688725487,103564.0,91324.82,M573717845,0.0,0.0,0,0
300,CASH_IN,121406.56,C262027536,11134552.17,11255958.73,C690433073,262062.49,140655.93,0,0
300,CASH_OUT,257185.07,C635146466,198084.0,0.0,C709337333,0.0,257185.07,0,0
300,PAYMENT,68148.88,C928615178,145.0,0.0,M559866204,0.0,0.0,0,0
300,CASH_OUT,68071.58,C527835928,100912.0,32840.42,C1925212752,2983623.69,3051695.28,0,0
300,PAYMENT,26.34,C2075344094,0.0,0.0,M1485969627,0.0,0.0,0,0
300,PAYMENT,21521.49,C904342923,1720.0,0.0,M318154360,0.0,0.0,0,0
300,PAYMENT,8785.39,C1321412970,62069.93,53284.54,M1059030081,0.0,0.0,0,0
300,CASH_OUT,63090.38,C264526303,10056.0,0.0,C717708039,3177.47,66267.85,0,0
300,PAYMENT,12297.38,C1855802118,227025.0,214727.62,M1963284110,0.0,0.0,0,0
300,CASH_IN,13076.52,C1181991519,3368749.04,3381825.56,C1241128308,278373.63,265297.11,0,0
300,DEBIT,7302.26,C1220692126,26061.0,18758.74,C1931984545,1454658.26,1461960.52,0,0
300,PAYMENT,18016.91,C988162210,4004.0,0.0,M643243344,0.0,0.0,0,0
300,CASH_OUT,223708.38,C707052783,0.0,0.0,C528288210,439539.86,663248.24,0,0
300,PAYMENT,3090.5,C431572376,0.0,0.0,M1037764524,0.0,0.0,0,0
300,PAYMENT,4442.88,C502814353,0.0,0.0,M706291233,0.0,0.0,0,0
300,CASH_IN,346955.99,C565391196,3227516.56,3574472.55,C254004306,1632346.03,1285390.05,0,0
300,PAYMENT,17235.95,C1113174359,30779.0,13543.05,M287445451,0.0,0.0,0,0
300,PAYMENT,26351.17,C166642003,7916.0,0.0,M2141583544,0.0,0.0,0,0
300,CASH_IN,68169.15,C872353953,31224.0,99393.15,C1197707721,0.0,0.0,0,0
300,CASH_IN,97352.24,C1111614284,3655831.34,3753183.57,C1144427721,196299.18,98946.94,0,0
301,PAYMENT,6174.09,C1143019261,0.0,0.0,M1382785712,0.0,0.0,0,0
301,PAYMENT,67785.41,C1512418535,73504.0,5718.59,M1487754001,0.0,0.0,0,0
301,CASH_IN,161684.15,C1276156233,1065677.8,1227361.95,C937277644,323076.8,161392.65,0,0
301,CASH_IN,194003.83,C1528170693,5021891.18,5215895.01,C1678933612,276519.66,82515.83,0,0
301,DEBIT,5565.85,C1483482859,102716.0,97150.15,C1560045670,2566445.61,2572011.46,0,0
301,CASH_OUT,314320.71,C1609489320,15481.0,0.0,C245054860,1826719.98,2141040.7,0,0
301,CASH_IN,273936.21,C1112430340,57715.0,331651.21,C2044808787,19682.13,0.0,0,0
301,CASH_IN,178536.77,C1686359895,3971879.23,4150416.0,C1664850128,3929008.1,3750471.33,0,0
301,TRANSFER,3732201.97,C507622176,90462.0,0.0,C288867277,0.0,3732201.97,0,0
301,CASH_IN,151517.21,C1794089589,2909195.17,3060712.37,C1162020203,2147907.22,1996390.02,0,0
301,CASH_OUT,106095.18,C1779529033,10798.0,0.0,C1245466837,40609.03,146704.21,0,0
301,PAYMENT,76186.1,C331470254,0.0,0.0,M932576315,0.0,0.0,0,0
301,CASH_OUT,360084.85,C1460197218,0.0,0.0,C1392176625,4033022.41,4393107.25,0,0
301,CASH_OUT,270551.57,C1582166560,0.0,0.0,C1900122453,1211959.34,1482510.92,0,0
301,CASH_OUT,202287.77,C84261681,0.0,0.0,C112569631,369306.43,571594.2,0,0
301,PAYMENT,5215.19,C2087050977,0.0,0.0,M1262405771,0.0,0.0,0,0
301,PAYMENT,46095.49,C715839952,644.0,0.0,M1676810658,0.0,0.0,0,0
301,CASH_OUT,46245.96,C250775296,50377.0,4131.04,C803850778,0.0,46245.96,0,0
301,PAYMENT,59532.06,C1679254203,34008.0,0.0,M1839473604,0.0,0.0,0,0
301,PAYMENT,9984.2,C963512319,0.0,0.0,M242252275,0.0,0.0,0,0
301,PAYMENT,76187.87,C1743189247,0.0,0.0,M535641635,0.0,0.0,0,0
301,PAYMENT,53316.16,C409226457,0.0,0.0,M1095580213,0.0,0.0,0,0
301,CASH_IN,239863.42,C1959677884,22217.0,262080.42,C1331132296,1495076.23,1255212.81,0,0
301,PAYMENT,3208.56,C693263215,0.0,0.0,M172803647,0.0,0.0,0,0
301,CASH_IN,129074.89,C743846521,101120.0,230194.89,C1273513896,23006.57,0.0,0,0
301,CASH_IN,109533.91,C365292737,6550980.91,6660514.83,C1275128206,2365909.18,2256375.27,0,0
301,CASH_IN,101726.52,C804225473,9758145.15,9859871.67,C1259789528,809019.05,707292.54,0,0
301,PAYMENT,9329.36,C357011405,18815.03,9485.67,M1267812448,0.0,0.0,0,0
301,CASH_OUT,55749.68,C7152073,0.0,0.0,C1792670955,8922497.49,8978247.18,0,0
301,PAYMENT,13222.96,C692972725,184.0,0.0,M2127170561,0.0,0.0,0,0
301,PAYMENT,9806.86,C2010907676,43729.0,33922.14,M275045708,0.0,0.0,0,0
301,TRANSFER,26000934.92,C1943135550,0.0,0.0,C1767067167,113382078.0,139383012.92,0,0
301,CASH_OUT,59998.48,C992888449,148997.88,88999.4,C1091743708,1353692.31,1413690.79,0,0
301,CASH_OUT,323914.43,C841460650,279.0,0.0,C1182908789,9005963.45,9329877.87,0,0
301,CASH_IN,250368.11,C1683834438,466.0,250834.11,C282670619,18633.0,0.0,0,0
301,PAYMENT,8342.1,C298481097,0.0,0.0,M182728521,0.0,0.0,0,0
301,CASH_OUT,1000.84,C367451676,0.0,0.0,C2126825170,1351433.2,1352434.04,0,0
301,CASH_IN,148404.99,C804347263,28422.0,176826.99,C2099285992,0.0,0.0,0,0
301,CASH_OUT,532665.55,C1126074023,0.0,0.0,C302902142,1219341.31,1752006.86,0,0
301,TRANSFER,978067.59,C203935899,0.0,0.0,C937885086,2767802.19,3745869.78,0,0
301,CASH_OUT,169737.81,C220836495,8008.0,0.0,C657191163,1399807.43,1569545.24,0,0
301,CASH_OUT,281580.45,C1024737328,32159.0,0.0,C1770251256,32.69,281613.14,0,0
301,CASH_IN,143770.77,C1738806095,4900684.83,5044455.6,C64534018,248183.52,104412.75,0,0
301,CASH_IN,176367.58,C77366312,4405117.63,4581485.2,C835866214,435575.72,259208.14,0,0
302,PAYMENT,7185.06,C1490908461,9951.0,2765.94,M1285231174,0.0,0.0,0,0
302,PAYMENT,10177.71,C1935589620,15833.0,5655.29,M1714328265,0.0,0.0,0,0
302,CASH_OUT,119166.83,C308875597,14208.0,0.0,C474416582,120364.89,239531.73,0,0
302,CASH_OUT,308755.07,C1391077079,188.0,0.0,C344920464,67529.47,376284.54,0,0
302,CASH_IN,41951.1,C852325001,14835.0,56786.1,C941428624,158875.34,116924.24,0,0
302,PAYMENT,47202.53,C762727596,0.0,0.0,M1716747142,0.0,0.0,0,0
302,CASH_OUT,4722.34,C2073009826,0.0,0.0,C138441274,181958.25,186680.59,0,0
302,PAYMENT,10775.05,C392872145,0.0,0.0,M862037062,0.0,0.0,0,0
302,PAYMENT,20746.53,C2075154039,8096.0,0.0,M923554438,0.0,0.0,0,0
302,CASH_IN,105064.33,C1929914949,1460316.65,1565380.98,C692065433,5381076.63,5276012.3,0,0
302,PAYMENT,18647.82,C2024005024,311.0,0.0,M1449290051,0.0,0.0,0,0
302,CASH_IN,99849.51,C1408301299,104833.0,204682.51,C364382714,0.0,0.0,0,0
302,PAYMENT,25393.63,C932056507,19890.0,0.0,M173927958,0.0,0.0,0,0
302,CASH_OUT,96377.92,C183698370,0.0,0.0,C691469313,338816.87,435194.78,0,0
302,CASH_OUT,236351.46,C290897909,0.0,0.0,C1324805552,662310.25,629767.71,0,0
302,CASH_OUT,147579.69,C1040114261,31963.0,0.0,C1891377178,479555.72,627135.42,0,0
302,CASH_OUT,175563.84,C418272113,0.0,0.0,C1616817673,254521.85,430085.69,0,0
302,CASH_OUT,337551.02,C614450373,16488.0,0.0,C1896182855,2732920.5,3070471.52,0,0
302,CASH_IN,83718.76,C143636427,449756.0,533474.76,C1235082176,1468253.49,1384534.73,0,0
302,CASH_OUT,147637.35,C1374425276,184291.0,36653.65,C1806763586,2601676.0,2749313.35,0,0
302,CASH_OUT,181150.63,C1799762882,0.0,0.0,C1943511242,18235578.44,18416729.07,0,0
302,PAYMENT,11996.33,C840329954,425183.0,413186.67,M1396896854,0.0,0.0,0,0
302,TRANSFER,260037.77,C1765496850,13002.0,0.0,C412340960,586644.29,846682.06,0,0
302,CASH_OUT,247174.96,C1921425158,0.0,0.0,C651808938,778183.29,723732.19,0,0
302,CASH_OUT,50989.9,C1402097644,0.0,0.0,C2055438183,485889.71,536879.61,0,0
302,CASH_OUT,132108.28,C2038229046,150744.0,18635.72,C365288792,5058236.31,5190344.58,0,0
302,CASH_IN,143040.05,C1151762509,5780459.63,5923499.68,C594754089,269463.7,126423.66,0,0
302,PAYMENT,11553.76,C1305207283,70537.0,58983.24,M1134130697,0.0,0.0,0,0
302,CASH_IN,46078.73,C1347637184,5627520.68,5673599.41,C108435136,454332.41,408253.68,0,0
302,PAYMENT,133527.73,C1526040758,183104.59,49576.86,M31543256,0.0,0.0,0,0
302,CASH_OUT,28400.36,C766931170,122147.0,93746.64,C804731631,4928220.12,4956620.48,0,0
302,TRANSFER,664491.54,C302904595,0.0,0.0,C240618880,1526962.76,2191454.3,0,0
302,CASH_OUT,286406.31,C1460673159,0.0,0.0,C74743352,902744.71,1189151.02,0,0
302,PAYMENT,10075.34,C308492219,11022.0,946.66,M6771173,0.0,0.0,0,0
302,CASH_IN,135596.2,C2100169505,61577.0,197173.2,C199590268,0.0,0.0,0,0
302,PAYMENT,3792.32,C912765793,51507.0,47714.68,M529209211,0.0,0.0,0,0
302,CASH_OUT,31902.02,C1684578120,1398.0,0.0,C219082590,679605.01,711507.03,0,0
302,PAYMENT,2350.25,C945333381,0.0,0.0,M921274434,0.0,0.0,0,0
302,PAYMENT,16275.06,C1271043041,30467.0,14191.94,M1452514227,0.0,0.0,0,0
302,PAYMENT,7425.18,C1633354264,0.0,0.0,M1246499963,0.0,0.0,0,0
303,PAYMENT,3046.17,C1088501950,0.0,0.0,M1889207017,0.0,0.0,0,0
303,PAYMENT,24304.15,C1286659937,0.0,0.0,M1234636185,0.0,0.0,0,0
303,TRANSFER,1009513.2,C2121924734,32359.0,0.0,C1783051979,7826.09,1017339.29,0,0
303,CASH_IN,40867.66,C1476681799,52614.0,93481.66,C846034385,1379875.97,1339008.31,0,0
303,CASH_OUT,55163.35,C1779164566,0.0,0.0,C1615491488,1041409.85,1096573.2,0,0
303,CASH_OUT,10097.79,C296752823,105895.0,95797.21,C464943059,0.0,10097.79,0,0
303,CASH_IN,476801.26,C2062765514,9419464.28,9896265.54,C952095960,2395602.52,1918801.25,0,0
303,TRANSFER,28564.86,C1877010379,0.0,0.0,C94792505,631785.83,660350.69,0,0
303,PAYMENT,27721.13,C375637452,0.0,0.0,M324092082,0.0,0.0,0,0
303,CASH_OUT,189894.83,C1579586913,109159.0,0.0,C940539028,271900.58,461795.41,0,0
303,CASH_IN,348535.71,C860152306,7348825.89,7697361.61,C1434709760,691247.5,342711.79,0,0
303,CASH_OUT,110176.11,C1570603454,25827.0,0.0,C308596164,0.0,110176.11,0,0
303,TRANSFER,234306.89,C1177154422,142410.0,0.0,C145098927,768439.25,1002746.14,0,0
303,CASH_OUT,435249.36,C10726584,0.0,0.0,C1677024069,7181184.96,7616434.32,0,0
303,PAYMENT,14098.42,C908531783,293564.75,279466.34,M1665026601,0.0,0.0,0,0
303,PAYMENT,73278.28,C624179024,594194.42,520916.14,M2137629015,0.0,0.0,0,0
303,TRANSFER,281104.49,C999507229,0.0,0.0,C314882858,8726902.41,9008006.9,0,0
303,CASH_IN,30455.29,C1401810296,4316027.09,4346482.38,C1850393028,77792.29,47337.0,0,0
303,PAYMENT,100784.09,C929534834,19123.0,0.0,M949837562,0.0,0.0,0,0
303,PAYMENT,47204.65,C1836688427,200488.0,153283.35,M761172649,0.0,0.0,0,0
303,CASH_IN,308675.47,C1261661294,101200.0,409875.47,C112190966,114111.09,0.0,0,0
303,CASH_OUT,219488.65,C98592854,0.0,0.0,C2018189130,393648.25,613136.91,0,0
303,PAYMENT,46471.05,C2000183977,105289.19,58818.14,M1875328438,0.0,0.0,0,0
303,CASH_OUT,41184.91,C1799522194,11657.0,0.0,C1387460501,1009435.09,1050619.99,0,0
303,CASH_OUT,328908.38,C511450129,51888.0,0.0,C190514845,208920.08,537828.46,0,0
303,CASH_OUT,93436.12,C1220153062,19946.0,0.0,C806908987,76204.52,169640.64,0,0
303,CASH_OUT,366119.3,C1700321420,1609.0,0.0,C893911232,197828.57,563947.87,0,0
303,CASH_OUT,4984.01,C815684895,30351.0,25366.99,C999519823,0.0,4984.01,0,0
303,TRANSFER,236904.51,C1412440427,0.0,0.0,C1491138834,524181.04,761085.55,0,0
303,PAYMENT,15904.35,C1403349926,87130.0,71225.65,M1901007085,0.0,0.0,0,0
303,CASH_OUT,31396.92,C250804532,196574.0,165177.08,C578915757,0.0,31396.92,0,0
303,CASH_OUT,76727.99,C466520650,36423.0,0.0,C1403575139,0.0,76727.99,0,0
303,TRANSFER,578771.25,C1157588366,0.0,0.0,C1710915389,4140901.54,4719672.79,0,0
303,PAYMENT,4493.32,C170841388,5872.86,1379.53,M1426752888,0.0,0.0,0,0
303,CASH_OUT,173470.9,C451945805,0.0,0.0,C717305199,1114646.91,1288117.81,0,0
303,CASH_OUT,201529.61,C305996516,0.0,0.0,C1656711738,496634.49,698164.11,0,0
303,CASH_OUT,131762.05,C1135869826,0.0,0.0,C2124395699,2593817.82,2725579.87,0,0
303,CASH_OUT,25306.56,C1595251647,95700.15,70393.59,C1214185609,122635.83,147942.39,0,0
304,CASH_OUT,87367.69,C227253056,0.0,0.0,C1905333691,581910.55,669278.24,0,0
304,CASH_OUT,86222.71,C1449960655,11453.0,0.0,C425937741,1878364.94,1964587.65,0,0
304,CASH_OUT,101731.92,C1094853442,34146.22,0.0,C1955367546,3408850.67,3510582.59,0,0
304,PAYMENT,6471.59,C1221293002,19897.0,13425.41,M695242471,0.0,0.0,0,0
304,CASH_OUT,214027.48,C792700891,472.0,0.0,C1009789034,6197005.6,6411033.09,0,0
304,CASH_OUT,173853.99,C710570737,14777.0,0.0,C1434032099,991043.66,1164897.65,0,0
304,PAYMENT,4196.78,C1623658243,404754.0,400557.22,M1113,0.0,0.0,0,0
304,PAYMENT,9000.76,C1530093541,62046.0,53045.24,M1832139065,0.0,0.0,0,0
304,PAYMENT,1668.04,C286585922,7270.43,5602.39,M355290288,0.0,0.0,0,0
304,PAYMENT,49215.51,C219831391,0.0,0.0,M1625445707,0.0,0.0,0,0
304,CASH_OUT,100843.08,C1622308590,44464.0,0.0,C511588328,2553897.08,2824234.59,0,0
304,CASH_OUT,204163.78,C2109878148,2581.0,0.0,C126037760,3808357.2,4012520.98,0,0
304,CASH_IN,343698.09,C1856699523,27678018.54,28021716.62,C1214768056,1205409.67,861711.58,0,0
304,TRANSFER,10000000.0,C355683748,527158.0,0.0,C1621470011,241333.1,22737108.49,0,0
304,CASH_OUT,35593.05,C2040181023,40181.0,4587.95,C49826420,528314.77,563907.83,0,0
304,PAYMENT,27825.13,C1760865217,65191.24,37366.11,M1246441213,0.0,0.0,0,0
304,TRANSFER,552979.92,C1519683415,0.0,0.0,C2065742404,3778518.95,4331498.87,0,0
304,TRANSFER,10000000.0,C896812767,235381.0,0.0,C1346061232,602665.6,30501918.95,0,0
304,CASH_OUT,326738.29,C888410656,0.0,0.0,C1475884036,774711.0,1101449.3,0,0
304,CASH_OUT,73690.52,C1363003223,0.0,0.0,C1774853165,2045269.61,2118960.14,0,0
304,PAYMENT,37119.7,C688810694,0.0,0.0,M1817725504,0.0,0.0,0,0
304,PAYMENT,27591.2,C1161380700,496449.03,468857.83,M1528000981,0.0,0.0,0,0
304,CASH_OUT,484971.89,C1009032130,6760.0,0.0,C212294476,161887.29,646859.18,0,0
304,CASH_OUT,34887.0,C1213620468,0.0,0.0,C1243974884,981117.83,1016004.82,0,0
304,CASH_IN,12045.95,C1553819122,6517500.01,6529545.96,C735537152,382551.01,370505.07,0,0
304,TRANSFER,10000000.0,C1809485722,0.0,0.0,C1661473394,40536045.72,53066350.51,0,0
304,TRANSFER,10000000.0,C1086603742,0.0,0.0,C42881854,20000000.0,48112944.36,0,0
304,TRANSFER,10000000.0,C1500488867,160609.0,0.0,C1446469272,500198.87,27089376.66,0,0
304,CASH_OUT,202418.79,C1087131505,21485.0,0.0,C1534072027,160815.14,363233.94,0,0
304,CASH_OUT,356718.2,C719701057,31951.0,0.0,C333125237,0.0,356718.2,0,0
304,CASH_OUT,234793.47,C1145346481,0.0,0.0,C1833718120,1389457.79,1624251.26,0,0
304,PAYMENT,13426.57,C77169219,0.0,0.0,M1613200594,0.0,0.0,0,0
304,PAYMENT,23007.63,C1740228456,22703.0,0.0,M2093445849,0.0,0.0,0,0
304,PAYMENT,11064.25,C1236501156,10881.0,0.0,M248079476,0.0,0.0,0,0
304,PAYMENT,7130.52,C1193644286,15887.33,8756.81,M373780982,0.0,0.0,0,0
304,CASH_IN,223927.72,C609470358,6251.0,230178.72,C1512080302,161883.7,0.0,0,0
304,CASH_IN,32288.92,C761086015,50633.0,82921.92,C1747942662,623788.97,591500.05,0,0
304,PAYMENT,25925.3,C436481615,0.0,0.0,M441567070,0.0,0.0,0,0
304,TRANSFER,935168.7,C2105557425,0.0,0.0,C1872625858,1888995.66,2824164.37,0,0
305,CASH_IN,418170.73,C37570846,4332722.34,4750893.07,C575562293,487515.6,69344.87,0,0
305,CASH_OUT,39073.64,C1199728262,0.0,0.0,C1862038671,750449.51,789523.15,0,0
305,CASH_OUT,137924.59,C342514150,200380.0,62455.41,C273772216,455912.51,593837.1,0,0
305,CASH_OUT,59856.48,C634575677,142305.0,82448.52,C1379450235,610975.31,670831.79,0,0
305,CASH_IN,352418.04,C229262776,335478.42,687896.47,C1008749633,817462.41,465044.37,0,0
305,CASH_OUT,404866.6,C590966049,19369.0,0.0,C1782114769,285733.65,690600.25,0,0
305,TRANSFER,133350.98,C1407580279,0.0,0.0,C969739587,5791485.1,5924836.08,0,0
305,PAYMENT,9032.36,C935309475,0.0,0.0,M1777114321,0.0,0.0,0,0
305,PAYMENT,6342.72,C1234383493,0.0,0.0,M422809692,0.0,0.0,0,0
305,PAYMENT,124.8,C981234910,52219.0,52094.2,M37181506,0.0,0.0,0,0
305,PAYMENT,6169.04,C904989376,10843.0,4673.96,M751970946,0.0,0.0,0,0
305,PAYMENT,40614.03,C1886249316,328995.97,288381.94,M1513370423,0.0,0.0,0,0
305,PAYMENT,11582.23,C2017919333,81941.0,70358.77,M1643787566,0.0,0.0,0,0
305,CASH_OUT,112033.35,C1245534123,0.0,0.0,C1354000932,263296.18,375329.53,0,0
305,CASH_OUT,272929.33,C339815669,19372.0,0.0,C1725191429,1177945.99,1450875.32,0,0
305,CASH_OUT,118963.21,C1963413373,161836.57,42873.36,C1366453406,480174.43,599137.64,0,0
305,CASH_OUT,180049.09,C1833955728,0.0,0.0,C873301192,377539.91,557589.0,0,0
305,PAYMENT,50695.59,C870757862,0.0,0.0,M101148798,0.0,0.0,0,0
305,PAYMENT,55718.86,C763693204,31274.0,0.0,M333582213,0.0,0.0,0,0
305,PAYMENT,33389.54,C1139991423,337230.51,303840.97,M1236765571,0.0,0.0,0,0
305,CASH_OUT,207777.96,C1541011057,27188.0,0.0,C636791073,0.0,207777.96,0,0
305,PAYMENT,2124.84,C668371920,184404.0,182279.16,M977413631,0.0,0.0,0,0
305,PAYMENT,2423.33,C254733745,64272.0,61848.67,M1321354688,0.0,0.0,0,0
305,CASH_IN,53700.18,C1900398730,8.0,53708.18,C1413364582,0.0,0.0,0,0
305,CASH_OUT,136470.25,C1559637648,0.0,0.0,C1300459727,183312.28,319782.52,0,0
305,CASH_IN,166816.63,C766204918,3501757.21,3668573.84,C286358056,11495225.22,11328408.59,0,0
305,TRANSFER,1754597.44,C276718485,1754597.44,0.0,C1947776397,0.0,0.0,1,0
305,PAYMENT,11945.41,C808841803,0.0,0.0,M34051076,0.0,0.0,0,0
305,CASH_IN,26813.5,C1744772564,679236.74,706050.24,C192607659,7010568.44,6983754.94,0,0
305,CASH_OUT,103622.82,C848378917,11381.0,0.0,C1781663274,289046.75,392669.57,0,0
305,CASH_IN,302321.99,C134316515,846442.78,1148764.77,C1192050055,1032199.46,729877.48,0,0
305,PAYMENT,6939.35,C569464825,193368.5,186429.16,M1048055520,0.0,0.0,0,0
305,PAYMENT,5196.06,C308215488,403199.25,398003.19,M1181053780,0.0,0.0,0,0
305,CASH_IN,259177.6,C1612925940,21441.0,280618.6,C2110664582,132394.95,0.0,0,0
305,PAYMENT,39164.65,C1246775964,73030.0,33865.35,M116590545,0.0,0.0,0,0
305,CASH_IN,149029.33,C617221896,60136.0,209165.33,C790603579,154430.02,5400.68,0,0
305,CASH_IN,184955.47,C1890426131,27132.0,212087.47,C539775463,0.0,0.0,0,0
305,PAYMENT,7234.45,C1086359215,0.0,0.0,M1362586840,0.0,0.0,0,0
305,PAYMENT,13467.13,C694486609,21643.0,8175.87,M288298327,0.0,0.0,0,0
305,PAYMENT,21577.84,C1684574506,277106.92,255529.08,M891101823,0.0,0.0,0,0
305,PAYMENT,21896.83,C700233491,474435.1,452538.27,M1611377704,0.0,0.0,0,0
305,CASH_OUT,159565.8,C172205290,726.0,0.0,C172271102,135841.53,295407.34,0,0
305,CASH_IN,325221.53,C1504924161,30946.0,356167.53,C2124075204,99012.14,0.0,0,0
305,TRANSFER,1541389.65,C1530113746,0.0,0.0,C603904068,8823077.17,10364466.82,0,0
305,CASH_IN,346503.84,C943788426,68.0,346571.84,C1795461703,0.0,0.0,0,0
305,PAYMENT,1441.29,C1405877519,0.0,0.0,M1594032018,0.0,0.0,0,0
305,CASH_IN,496009.5,C59642103,806.0,496815.5,C1098833081,95336.12,0.0,0,0
305,PAYMENT,735.67,C969982338,0.0,0.0,M1435602181,0.0,0.0,0,0
305,CASH_IN,174365.31,C1784657569,24027.0,198392.31,C1050172539,233273.8,58908.48,0,0
305,PAYMENT,1352.72,C827733801,0.0,0.0,M1071178499,0.0,0.0,0,0
305,CASH_OUT,112293.01,C1468633868,0.0,0.0,C1377179857,2934241.05,3046534.06,0,0
305,CASH_OUT,217720.06,C1628039255,0.0,0.0,C1187753391,313643.94,531364.0,0,0
305,PAYMENT,30566.94,C866358685,0.0,0.0,M123800143,0.0,0.0,0,0
305,PAYMENT,41662.6,C1718059677,109833.86,68171.26,M60214076,0.0,0.0,0,0
305,TRANSFER,10000000.0,C481470723,82337.0,0.0,C585524475,297707.03,19646022.74,0,0
305,PAYMENT,9333.38,C291908892,608.0,0.0,M1433414343,0.0,0.0,0,0
305,CASH_OUT,179085.75,C426479297,0.0,0.0,C2067079564,2269595.11,2448680.85,0,0
305,CASH_OUT,81481.19,C1775097481,0.0,0.0,C1948391125,273613.26,355094.44,0,0
305,PAYMENT,2602.06,C40378439,0.0,0.0,M499390524,0.0,0.0,0,0
305,TRANSFER,259859.78,C1922893988,0.0,0.0,C1055491325,4048630.27,4308490.05,0,0
306,CASH_OUT,73299.77,C1696968483,549.0,0.0,C1957225369,0.0,73299.77,0,0
306,CASH_IN,26540.15,C434063369,248681.51,275221.66,C1129366522,81711.08,55170.93,0,0
306,CASH_OUT,50492.73,C977488279,81495.0,31002.27,C422862854,438965.96,489458.69,0,0
306,PAYMENT,17681.56,C1691795785,0.0,0.0,M1733263131,0.0,0.0,0,0
306,PAYMENT,10670.14,C369346576,0.0,0.0,M1665542794,0.0,0.0,0,0
306,PAYMENT,17929.97,C1236366641,88203.0,70273.03,M938829252,0.0,0.0,0,0
306,CASH_OUT,46030.98,C1357770331,10483.0,0.0,C611124143,27450.85,73481.83,0,0
306,PAYMENT,29027.11,C1292021709,0.0,0.0,M2064975584,0.0,0.0,0,0
306,CASH_OUT,6888.22,C353615331,1154.0,0.0,C1343134099,12508996.56,12515884.79,0,0
306,CASH_OUT,120245.57,C1403540956,0.0,0.0,C151118936,219118.53,339364.1,0,0
306,TRANSFER,276281.21,C875942065,0.0,0.0,C300655327,744418.19,1020699.4,0,0
306,CASH_OUT,205356.24,C2026149689,361827.0,156470.76,C1214060303,0.0,205356.24,0,0
306,PAYMENT,52710.73,C1759081780,0.0,0.0,M931607264,0.0,0.0,0,0
306,PAYMENT,27486.99,C421470775,12600.32,0.0,M2050596185,0.0,0.0,0,0
306,PAYMENT,6365.88,C1957450833,0.0,0.0,M175226061,0.0,0.0,0,0
306,CASH_IN,89562.94,C1092124314,23718305.08,23807868.02,C1684387894,207689.48,118126.54,0,0
306,PAYMENT,10036.67,C329165658,53025.0,42988.33,M950260829,0.0,0.0,0,0
306,CASH_OUT,49559.96,C1373625018,20384.0,0.0,C1815028951,13596.6,63156.56,0,0
306,CASH_IN,224286.14,C1911046541,41150.0,265436.14,C1894332672,2465639.06,2241352.92,0,0
306,CASH_IN,361077.61,C1820768832,61808.67,422886.28,C1063930908,4949.06,74918.26,0,0
306,TRANSFER,1170101.77,C278963713,0.0,0.0,C2015761677,1834321.13,3004422.9,0,0
306,PAYMENT,11675.74,C915327704,0.0,0.0,M1075986810,0.0,0.0,0,0
306,CASH_OUT,199474.72,C514212446,11425.0,0.0,C1724162046,445647.84,645122.56,0,0
306,CASH_OUT,67787.84,C1855908835,5097.0,0.0,C604831365,100510.06,168297.89,0,0
306,CASH_IN,80285.12,C1114728326,2205983.2,2286268.31,C116867741,105533.16,25248.04,0,0
306,PAYMENT,8681.42,C1366738410,98515.05,89833.63,M1663473528,0.0,0.0,0,0
306,CASH_OUT,299661.1,C101765972,109664.0,0.0,C1312699405,19651.43,319312.53,0,0
306,CASH_OUT,40144.98,C1304802802,14282.0,0.0,C808264571,50048.69,90193.67,0,0
306,PAYMENT,9187.5,C731388231,0.0,0.0,M1286862751,0.0,0.0,0,0
306,CASH_IN,448667.85,C1618360759,149930.0,598597.85,C704354701,7678.18,0.0,0,0
306,PAYMENT,4383.39,C1100162602,0.0,0.0,M349236861,0.0,0.0,0,0
306,PAYMENT,8247.47,C1310386548,60591.43,52343.97,M57435832,0.0,0.0,0,0
306,TRANSFER,888918.36,C137937326,40750.4,0.0,C1201429789,1143747.6,2032665.96,0,0
306,CASH_OUT,79735.5,C882508450,21510.0,0.0,C780845246,0.0,79735.5,0,0
306,CASH_OUT,312426.26,C1989957909,187592.0,0.0,C1785398684,1703986.74,2016412.99,0,0
306,CASH_IN,187263.11,C1068755240,10265561.67,10452824.77,C2057762811,466229.03,278965.92,0,0
306,PAYMENT,21300.46,C1645673924,0.0,0.0,M888617840,0.0,0.0,0,0
306,CASH_OUT,64923.34,C836351646,0.0,0.0,C1969536662,189932.07,254855.42,0,0
306,CASH_OUT,58884.45,C290976973,102425.0,43540.55,C650808888,407746.95,466631.4,0,0
306,CASH_OUT,300.49,C1822024230,0.0,0.0,C808983763,70185.38,70485.87,0,0
306,PAYMENT,27287.89,C1800029040,0.0,0.0,M1556389804,0.0,0.0,0,0
306,PAYMENT,7722.23,C351903772,170982.07,163259.84,M982296163,0.0,0.0,0,0
306,TRANSFER,831418.57,C2038698981,10664.0,0.0,C488510977,0.0,831418.57,0,0
306,CASH_IN,377805.99,C657576304,4998989.45,5376795.44,C265628961,3094512.74,2504874.16,0,0
306,CASH_OUT,539240.71,C462906772,0.0,0.0,C752541421,733002.18,1272242.89,0,0
306,PAYMENT,4162.65,C1645809093,79381.02,75218.36,M1733394912,0.0,0.0,0,0
306,CASH_IN,134938.72,C1993446419,10864.0,145802.72,C2026707336,0.0,0.0,0,0
306,CASH_IN,115460.47,C835992073,9909927.27,10025387.74,C2087141015,328968.78,213508.31,0,0
306,TRANSFER,108350.12,C2044225128,0.0,0.0,C824600756,1103432.44,1211782.56,0,0
306,TRANSFER,617227.08,C1998073890,24713.0,0.0,C433943640,0.0,617227.08,0,0
306,PAYMENT,827.4,C994493681,0.0,0.0,M2088655008,0.0,0.0,0,0
306,CASH_OUT,148223.17,C1312337463,0.0,0.0,C166351907,226162.34,374385.51,0,0
306,TRANSFER,615041.31,C1855914076,31550.0,0.0,C25494309,19115.34,634156.65,0,0
306,PAYMENT,24321.18,C958630657,62793.0,38471.82,M722562850,0.0,0.0,0,0
306,PAYMENT,2827.13,C1562338487,121.0,0.0,M1205766056,0.0,0.0,0,0
306,CASH_IN,286703.48,C1995498242,36101.0,322804.48,C1985566271,199052.15,0.0,0,0
306,CASH_IN,151692.81,C1226973028,6885560.76,7037253.58,C848022162,11352421.5,11200728.69,0,0
307,TRANSFER,763943.97,C414294172,22562.0,0.0,C1365838846,202584.83,966528.8,0,0
307,CASH_OUT,287344.15,C272450468,0.0,0.0,C438723374,544261.87,831606.03,0,0
307,CASH_OUT,234129.28,C1980411863,0.0,0.0,C885750371,1740294.83,1974424.11,0,0
307,CASH_IN,128752.88,C265037223,8193077.23,8321830.11,C290442752,358180.42,229427.55,0,0
307,TRANSFER,454962.32,C1667176072,5015.0,0.0,C642639574,33793.57,488755.89,0,0
307,CASH_IN,449279.56,C2097127280,11722.0,461001.56,C722045279,0.0,0.0,0,0
307,PAYMENT,13505.58,C1975741414,1357.0,0.0,M1243421963,0.0,0.0,0,0
307,CASH_IN,341084.18,C1835517784,7517641.2,7858725.38,C1908426432,353232.04,12147.85,0,0
307,PAYMENT,1923.86,C1111888912,16484.61,14560.75,M1625603618,0.0,0.0,0,0
307,PAYMENT,13639.29,C698220710,0.0,0.0,M478595044,0.0,0.0,0,0
307,PAYMENT,24851.07,C1276338557,9047.0,0.0,M862803129,0.0,0.0,0,0
307,CASH_IN,146118.33,C1724602620,25323676.8,25469795.12,C1635544353,1480114.83,1333996.51,0,0
307,PAYMENT,42375.56,C1519868402,0.0,0.0,M769524300,0.0,0.0,0,0
307,PAYMENT,17605.23,C864572046,289115.16,271509.93,M239191007,0.0,0.0,0,0
307,PAYMENT,13813.99,C833535198,100894.0,87080.01,M1437528131,0.0,0.0,0,0
307,CASH_OUT,124612.67,C1016604053,6511.0,0.0,C1315536202,571004.91,695617.58,0,0
307,PAYMENT,26625.05,C1734576115,193601.4,166976.35,M1654474571,0.0,0.0,0,0
307,PAYMENT,2998.8,C909644261,0.0,0.0,M1854016059,0.0,0.0,0,0
307,PAYMENT,24509.14,C888923657,4044.75,0.0,M466316026,0.0,0.0,0,0
307,PAYMENT,16091.7,C1569561721,19226.76,3135.06,M381150058,0.0,0.0,0,0
307,CASH_IN,23668.77,C727652052,1035019.92,1058688.68,C770283279,8959825.13,8936156.37,0,0
307,CASH_IN,85335.32,C1009690813,40488.0,125823.32,C2025020726,0.0,0.0,0,0
307,TRANSFER,879678.41,C1321984897,0.0,0.0,C1902566798,5049483.06,5929161.48,0,0
307,TRANSFER,2975177.28,C680808909,0.0,0.0,C931464514,5039824.36,8015001.63,0,0
307,CASH_OUT,217014.28,C1249890066,21552.0,0.0,C1469194882,8041.13,225055.41,0,0
307,CASH_OUT,85355.13,C891501295,16846.0,0.0,C43584840,7743348.68,7828703.81,0,0
307,PAYMENT,56915.21,C1261443227,0.0,0.0,M825844853,0.0,0.0,0,0
307,TRANSFER,729696.01,C1161239823,1252672.74,522976.73,C1305368593,0.0,729696.01,0,0
307,CASH_IN,207362.54,C1905852695,49258.0,256620.54,C1287881802,5487655.86,5280293.32,0,0
307,PAYMENT,18194.14,C333258306,0.0,0.0,M921131474,0.0,0.0,0,0
307,CASH_IN,237741.98,C392320727,25624.0,263365.98,C1587836042,0.0,0.0,0,0
307,PAYMENT,13964.94,C2105775159,178036.56,164071.62,M213478293,0.0,0.0,0,0
307,CASH_IN,180287.5,C1610487951,53339.0,233626.5,C1776424268,1432722.81,1252435.31,0,0
307,CASH_IN,113916.66,C1455584713,33076.0,146992.66,C1929062280,765748.84,651832.19,0,0
307,CASH_OUT,93578.15,C1127807300,144530.0,50951.85,C1410643846,215559.04,309137.2,0,0
307,PAYMENT,6749.35,C301608290,11013.0,4263.65,M668554447,0.0,0.0,0,0
307,TRANSFER,121580.47,C412208718,74727.81,0.0,C1735487075,127362.13,248942.6,0,0
307,CASH_OUT,209701.79,C889389786,25752.97,0.0,C656005326,767349.93,977051.72,0,0
307,CASH_OUT,123820.81,C1426901884,0.0,0.0,C949754843,578441.87,702262.68,0,0
307,PAYMENT,6905.16,C1138828443,64729.0,57823.84,M807074091,0.0,0.0,0,0
307,TRANSFER,668619.79,C1752463045,0.0,0.0,C978665071,1432029.34,2192892.24,0,0
307,TRANSFER,1141167.71,C380092770,3159.0,0.0,C592979763,6669894.19,7811061.91,0,0
307,CASH_OUT,7420.02,C1292638249,0.0,0.0,C867389038,83209.63,90629.65,0,0
307,CASH_OUT,116328.24,C2046502167,80334.0,0.0,C340483778,1151137.6,1267465.84,0,0
307,CASH_IN,18614.86,C1877743181,25312982.5,25331597.36,C993033558,10537348.08,12874643.66,0,0
307,TRANSFER,186933.95,C1374848057,2102.0,0.0,C1347498132,1228278.27,1415212.22,0,0
307,TRANSFER,686438.56,C1145928096,0.0,0.0,C1903833074,12094223.59,12780662.15,0,0
307,CASH_OUT,260703.71,C458067074,312863.0,52159.29,C281907564,190508.0,400643.2,0,0
307,CASH_OUT,202619.1,C604267610,755.0,0.0,C714444892,595101.43,797720.53,0,0
307,CASH_OUT,336763.73,C764882536,24388.0,0.0,C565026055,625825.67,962589.41,0,0
307,CASH_IN,99177.78,C492785430,20982.0,120159.78,C1972608410,2118448.14,2019270.35,0,0
307,CASH_IN,77929.72,C2106605630,294896.34,372826.07,C22043098,9679071.73,9601142.01,0,0
307,CASH_IN,183316.25,C757481420,6971464.2,7154780.45,C1195038477,829994.98,646678.73,0,0
307,CASH_IN,421397.92,C410807727,25059900.15,25481298.07,C377043700,1242293.76,1049552.4,0,0
307,CASH_OUT,108477.93,C1333827532,125604.62,17126.68,C367573226,316207.74,424685.68,0,0
307,PAYMENT,29469.9,C943990910,0.0,0.0,M1079299736,0.0,0.0,0,0
307,PAYMENT,11399.66,C1982407712,0.0,0.0,M1382830871,0.0,0.0,0,0
307,CASH_IN,49337.5,C2066003318,150874.0,200211.5,C1027640987,0.0,0.0,0,0
307,CASH_OUT,397629.81,C434277734,20182.0,0.0,C501850462,38434.59,436064.39,0,0
307,TRANSFER,743347.74,C1552665763,0.0,0.0,C1116605177,3155624.71,3898972.45,0,0
307,TRANSFER,1348446.1,C303259480,0.0,0.0,C2104118755,1568158.61,2916604.7,0,0
307,CASH_OUT,37472.53,C528482653,10166.0,0.0,C1251834654,45278.65,82751.18,0,0
307,PAYMENT,7517.56,C739275795,0.0,0.0,M1567023465,0.0,0.0,0,0
307,CASH_OUT,184635.94,C1485209742,0.0,0.0,C342683533,826408.2,1011044.14,0,0
307,CASH_OUT,30509.26,C1704617427,7786.31,0.0,C1989813738,127054.75,157564.01,0,0
307,CASH_OUT,22849.38,C1080154210,232.0,0.0,C271886997,146047.22,168896.6,0,0
307,PAYMENT,29400.04,C1613847329,512231.11,482831.07,M638955439,0.0,0.0,0,0
307,TRANSFER,1204587.66,C755892915,0.0,0.0,C430216148,1792071.82,2996659.48,0,0
307,PAYMENT,14115.48,C841026129,0.0,0.0,M1559791743,0.0,0.0,0,0
307,PAYMENT,15770.98,C1796337645,26170.0,10399.02,M507407982,0.0,0.0,0,0
307,PAYMENT,15994.09,C892769713,35516.0,19521.91,M888891697,0.0,0.0,0,0
307,CASH_OUT,25821.23,C175474783,31994.0,6172.77,C1414653082,69949.16,95770.38,0,0
307,CASH_OUT,165470.06,C155306713,0.0,0.0,C970112525,4515402.24,4680872.3,0,0
307,TRANSFER,48403.55,C348908108,0.0,0.0,C1878292471,1260338.95,1308742.5,0,0
307,CASH_OUT,235867.97,C867111009,0.0,0.0,C1172549126,843962.04,1079830.01,0,0
307,PAYMENT,1816.81,C24283505,57068.03,55251.22,M1721756448,0.0,0.0,0,0
307,PAYMENT,8031.06,C298329550,5230.51,0.0,M1608161445,0.0,0.0,0,0
307,CASH_IN,189763.47,C1648537995,9555027.83,9744791.3,C1100272322,1306071.19,1116307.72,0,0
307,PAYMENT,4248.31,C1527618008,33649.0,29400.69,M1711236188,0.0,0.0,0,0
307,PAYMENT,7981.69,C107838165,0.0,0.0,M894292907,0.0,0.0,0,0
307,PAYMENT,42260.91,C882038600,0.0,0.0,M1140048224,0.0,0.0,0,0
307,PAYMENT,8496.51,C1168218677,98545.0,90048.49,M850496880,0.0,0.0,0,0
307,PAYMENT,11518.9,C1164695527,25734.56,14215.66,M211318406,0.0,0.0,0,0
307,PAYMENT,2795.14,C904030437,186683.65,183888.51,M238989831,0.0,0.0,0,0
308,PAYMENT,46464.13,C1986781243,0.0,0.0,M2114466525,0.0,0.0,0,0
308,PAYMENT,35672.95,C1391392542,0.0,0.0,M239877724,0.0,0.0,0,0
308,CASH_OUT,172312.32,C723635161,0.0,0.0,C423567002,1429454.85,1601767.18,0,0
308,CASH_IN,169582.85,C1090403038,12364630.94,12534213.79,C660382254,229321.24,59738.39,0,0
308,PAYMENT,2458.57,C1645248801,515.0,0.0,M1745438151,0.0,0.0,0,0
308,PAYMENT,8148.17,C288564423,0.0,0.0,M1059671283,0.0,0.0,0,0
308,PAYMENT,465.11,C2000339155,7.0,0.0,M878490096,0.0,0.0,0,0
308,CASH_IN,105188.05,C1367548988,41230.0,146418.05,C1711638277,67968.14,0.0,0,0
308,CASH_OUT,50586.46,C1247700996,0.0,0.0,C602875728,267359.16,317945.62,0,0
308,PAYMENT,154.21,C842658039,94712.0,94557.79,M2093693193,0.0,0.0,0,0
308,CASH_OUT,11454.36,C1998652958,10941.0,0.0,C1466971364,0.0,11454.36,0,0
308,CASH_OUT,100237.77,C1449221734,0.0,0.0,C1828608576,196213.77,296451.54,0,0
308,CASH_IN,38252.8,C527883106,16014606.06,16052858.86,C405973423,381287.3,343034.5,0,0
308,PAYMENT,563.37,C1127285419,50397.0,49833.63,M1716580098,0.0,0.0,0,0
308,CASH_OUT,103720.42,C1920931634,15909.0,0.0,C2139614551,294588.46,398308.88,0,0
308,PAYMENT,10287.86,C6751239,86336.0,76048.14,M423830192,0.0,0.0,0,0
308,PAYMENT,9649.33,C1150485653,28459.0,18809.67,M281028565,0.0,0.0,0,0
308,CASH_OUT,83252.47,C1687811697,0.0,0.0,C507637291,519781.82,603034.29,0,0
308,CASH_IN,16156.26,C1928914667,65536.0,81692.26,C2016175113,7691.82,0.0,0,0
308,PAYMENT,7281.75,C382368831,18122.0,10840.25,M1295134917,0.0,0.0,0,0
308,CASH_OUT,37888.15,C1800217485,0.0,0.0,C269172505,2575329.09,2613217.24,0,0
308,CASH_IN,64204.89,C360288545,51407.0,115611.89,C62496923,0.0,0.0,0,0
308,CASH_OUT,12756.87,C552070151,0.0,0.0,C1481918317,213719.35,226476.22,0,0
308,PAYMENT,16249.95,C219478511,0.0,0.0,M1936203335,0.0,0.0,0,0
308,CASH_IN,20497.18,C625780029,52414.0,72911.18,C1141465544,1288802.35,1268305.17,0,0
308,CASH_OUT,280100.25,C418547904,0.0,0.0,C72273772,1740938.95,2021039.2,0,0
308,CASH_IN,25840.41,C210006077,5880942.47,5906782.88,C1992102774,1020110.28,994269.87,0,0
308,CASH_OUT,443516.99,C2072366117,0.0,0.0,C1781234697,15271001.56,15714518.55,0,0
308,CASH_IN,73525.16,C1002755700,2484884.85,2558410.01,C1204625637,1239977.53,1166452.36,0,0
308,PAYMENT,5485.42,C2056777268,2774.0,0.0,M1486942516,0.0,0.0,0,0
308,CASH_OUT,106172.21,C985950788,72.0,0.0,C1179421953,85565.36,191737.57,0,0
308,CASH_OUT,135175.32,C965468983,122123.61,0.0,C656954142,214661.69,349837.01,0,0
308,PAYMENT,12495.55,C1204922727,238.0,0.0,M989880697,0.0,0.0,0,0
308,PAYMENT,7235.66,C2141888561,0.0,0.0,M2091334231,0.0,0.0,0,0
308,CASH_OUT,74386.85,C1760511488,0.0,0.0,C834007126,150224.99,224611.84,0,0
308,PAYMENT,5314.96,C1686359453,30671.0,25356.04,M1129164198,0.0,0.0,0,0
308,TRANSFER,355745.24,C229986749,0.0,0.0,C1759071072,1401632.32,1757377.57,0,0
308,CASH_OUT,134391.88,C2015252214,358554.0,224162.12,C672776860,0.0,134391.88,0,0
308,CASH_OUT,119010.09,C2048108374,117113.0,0.0,C668220465,2353122.52,2472132.61,0,0
308,TRANSFER,1388058.29,C1145025299,5315.0,0.0,C8684050,1274973.52,2663031.81,0,0
308,TRANSFER,324391.9,C1967405190,11305.0,0.0,C813631268,0.0,324391.9,0,0
308,CASH_OUT,72657.64,C123794800,0.0,0.0,C1257423094,3096274.27,3168931.9,0,0
308,PAYMENT,2144.44,C185885800,0.0,0.0,M1315113043,0.0,0.0,0,0
308,CASH_IN,136424.22,C1974797362,4040586.05,4177010.27,C269785417,607869.31,471445.09,0,0
308,PAYMENT,16551.89,C2073416870,177716.0,161164.11,M1124029321,0.0,0.0,0,0
308,CASH_IN,83371.19,C601230889,8783133.68,8866504.88,C1869637748,2293883.12,2210511.93,0,0
308,PAYMENT,4291.56,C1756981888,152695.0,148403.44,M899518843,0.0,0.0,0,0
308,PAYMENT,4249.62,C632709777,25909.0,21659.38,M2044802416,0.0,0.0,0,0
308,PAYMENT,20561.45,C1864150717,484001.3,463439.85,M1454133218,0.0,0.0,0,0
308,PAYMENT,9262.26,C1359181403,73658.0,64395.74,M840291993,0.0,0.0,0,0
308,PAYMENT,12518.42,C466930706,14074.0,1555.58,M872964883,0.0,0.0,0,0
308,PAYMENT,7217.27,C1261170382,41649.0,34431.73,M575126321,0.0,0.0,0,0
309,PAYMENT,52321.28,C742391659,144.0,0.0,M16236675,0.0,0.0,0,0
309,CASH_OUT,246537.38,C139937369,0.0,0.0,C491711033,554552.83,801090.21,0,0
309,CASH_OUT,60449.48,C1171610862,0.0,0.0,C976400823,577823.06,638272.53,0,0
309,CASH_OUT,142255.71,C715223745,16956.0,0.0,C96629522,268909.98,411165.69,0,0
309,CASH_IN,133263.12,C961253027,68909.0,202172.12,C2105815601,207851.21,74588.09,0,0
309,PAYMENT,29038.89,C584714362,82429.0,53390.11,M1139397184,0.0,0.0,0,0
309,PAYMENT,8849.24,C1106752284,55615.0,46765.76,M622347654,0.0,0.0,0,0
309,TRANSFER,729473.88,C924028339,0.0,0.0,C1745434943,1354505.09,2083978.97,0,0
309,CASH_OUT,112749.25,C59040190,0.0,0.0,C1628204934,1250776.84,1363526.09,0,0
309,CASH_IN,399513.4,C1147283327,8349030.22,8748543.62,C1126915246,2156634.37,1757120.97,0,0
309,PAYMENT,3440.01,C297675809,358919.0,355478.99,M645050550,0.0,0.0,0,0
309,CASH_IN,75534.16,C1563000588,29654703.48,29730237.64,C1534231261,497139.85,421605.69,0,0
309,TRANSFER,503542.52,C1839713768,0.0,0.0,C16334673,1379725.62,1883268.14,0,0
309,PAYMENT,4875.37,C1239827847,6063.0,1187.63,M216100261,0.0,0.0,0,0
309,CASH_IN,227733.2,C1389819784,35641.0,263374.2,C273516982,3004432.27,2776699.07,0,0
309,CASH_OUT,53652.76,C1672496247,1189.0,0.0,C590057207,0.0,53652.76,0,0
309,CASH_OUT,77321.73,C1797691592,284175.23,206853.5,C451009483,9736069.23,9813390.97,0,0
309,CASH_OUT,150881.53,C1663544654,0.0,0.0,C396591609,2156478.14,2307359.67,0,0
309,CASH_OUT,24285.76,C1674081178,136231.0,111945.24,C1802632685,16653308.08,16677593.85,0,0
309,PAYMENT,18719.79,C1928562366,50755.65,32035.86,M376931223,0.0,0.0,0,0
309,CASH_OUT,258350.71,C756773755,622.0,0.0,C2115178036,17361292.54,17619643.26,0,0
309,PAYMENT,42272.39,C885481030,24422.0,0.0,M1514298900,0.0,0.0,0,0
309,PAYMENT,21172.99,C1274068792,114828.0,93655.01,M662470968,0.0,0.0,0,0
309,PAYMENT,27178.94,C1057134372,115773.0,88594.06,M1324994203,0.0,0.0,0,0
309,PAYMENT,9113.43,C719515502,102100.91,92987.48,M1272450324,0.0,0.0,0,0
309,CASH_IN,320474.47,C8227636,1887350.77,2207825.23,C54784776,1027604.25,707129.79,0,0
309,CASH_IN,231810.54,C224504331,45614.0,277424.54,C1480419968,0.0,0.0,0,0
309,PAYMENT,6734.43,C904278910,38630.69,31896.26,M1675609665,0.0,0.0,0,0
309,CASH_IN,224155.51,C1475993715,8855143.13,9079298.64,C400703351,6195110.89,5970955.38,0,0
309,PAYMENT,29605.44,C1976834896,494.0,0.0,M892100702,0.0,0.0,0,0
309,PAYMENT,9687.13,C1054944368,10219.0,531.87,M1049742660,0.0,0.0,0,0
309,TRANSFER,4036.38,C1380153734,15675.0,11638.62,C1339159065,576881.89,580918.27,0,0
309,PAYMENT,18085.75,C1527694083,0.0,0.0,M677771132,0.0,0.0,0,0
310,PAYMENT,25241.93,C620567595,0.0,0.0,M2064331466,0.0,0.0,0,0
310,PAYMENT,12678.55,C1686860424,12113.0,0.0,M356287217,0.0,0.0,0,0
310,CASH_IN,323807.41,C340755059,3060745.74,3384553.15,C848342597,3177323.11,2853515.71,0,0
310,PAYMENT,33198.06,C2091897313,7184.61,0.0,M2107808297,0.0,0.0,0,0
310,PAYMENT,11678.23,C446640966,0.0,0.0,M145386675,0.0,0.0,0,0
310,CASH_IN,219696.22,C572264172,9193891.94,9413588.16,C1333735241,4272766.29,4053070.08,0,0
310,PAYMENT,19009.41,C849177754,158689.0,139679.59,M1414923145,0.0,0.0,0,0
310,PAYMENT,10303.73,C811383180,0.0,0.0,M1888166864,0.0,0.0,0,0
310,TRANSFER,321281.14,C1500642794,4435.5,0.0,C550990657,1132477.54,1453758.69,0,0
310,TRANSFER,17921.53,C654593212,0.0,0.0,C494395747,54194.58,72116.11,0,0
310,CASH_OUT,147518.25,C552280417,0.0,0.0,C321799693,764435.59,911953.84,0,0
310,PAYMENT,43641.17,C763379750,14722.0,0.0,M558517643,0.0,0.0,0,0
310,CASH_OUT,112676.58,C1462753021,0.0,0.0,C1132423981,284024.84,396701.42,0,0
310,CASH_OUT,115901.77,C194286273,0.0,0.0,C1395400898,2439124.89,2555026.66,0,0
310,PAYMENT,33492.34,C240942646,0.0,0.0,M138263013,0.0,0.0,0,0
310,CASH_OUT,283301.4,C1398118168,0.0,0.0,C1264094330,0.0,283301.4,0,0
310,TRANSFER,263572.9,C735917264,44810.0,0.0,C567597567,761274.95,1024847.84,0,0
311,TRANSFER,268366.47,C1593902970,268366.47,0.0,C2132178163,0.0,0.0,1,0
311,CASH_IN,83836.94,C1679211281,2991364.55,3075201.49,C445175320,222266.33,138429.39,0,0
311,CASH_IN,59212.49,C1464328409,195.0,59407.49,C420417451,888985.79,829773.29,0,0
311,PAYMENT,44198.91,C219991173,311741.08,267542.17,M470084860,0.0,0.0,0,0
311,CASH_OUT,298532.93,C683035894,0.0,0.0,C2062864802,600918.73,899451.66,0,0
311,CASH_OUT,23756.44,C417835785,140722.0,116965.56,C1254638295,0.0,23756.44,0,0
311,PAYMENT,2778.81,C1968934096,5637.88,2859.06,M1806149526,0.0,0.0,0,0
311,CASH_OUT,112801.3,C1646602619,0.0,0.0,C1163202511,1081157.71,1193959.01,0,0
311,PAYMENT,13697.96,C931321032,774.92,0.0,M451371205,0.0,0.0,0,0
311,CASH_IN,130045.42,C119963644,1869280.39,1999325.81,C2116998312,1398199.21,1268153.79,0,0
311,PAYMENT,10004.33,C300543708,18880.0,8875.67,M395231340,0.0,0.0,0,0
311,PAYMENT,4248.3,C2070227046,0.0,0.0,M953101923,0.0,0.0,0,0
312,PAYMENT,14646.09,C1377938951,79542.0,64895.91,M1130714744,0.0,0.0,0,0
312,DEBIT,2672.47,C404769420,10146.0,7473.53,C376941606,4395270.78,4397943.24,0,0
312,TRANSFER,281124.27,C701171967,2631.0,0.0,C1694167022,210581.94,491706.21,0,0
313,CASH_IN,304214.76,C1991083085,1914368.07,2218582.83,C483028965,2734636.43,2430421.67,0,0
313,PAYMENT,12558.61,C1793070268,0.0,0.0,M1406516304,0.0,0.0,0,0
313,PAYMENT,25299.9,C1404260179,97838.0,72538.1,M1216224986,0.0,0.0,0,0
314,CASH_OUT,274599.81,C101790771,0.0,0.0,C1948355031,5891065.79,6165665.61,0,0
314,CASH_OUT,2984434.36,C1499429209,2984434.36,0.0,C1399829166,5498919.48,8483353.84,1,0
316,TRANSFER,158279.4,C2088071095,158279.4,0.0,C2038364008,0.0,0.0,1,0
317,TRANSFER,1160652.82,C257814888,1160652.82,0.0,C706563298,0.0,0.0,1,0
321,CASH_IN,111044.72,C1669149760,83845.0,194889.72,C1923298432,226011.1,114966.37,0,0
321,CASH_OUT,142342.9,C1125126446,0.0,0.0,C204915925,16056802.09,16199144.99,0,0
321,CASH_IN,367716.53,C126296373,4451.0,372167.53,C1626293818,1902997.54,1535281.01,0,0
321,PAYMENT,4441.87,C1663499604,0.0,0.0,M1857985664,0.0,0.0,0,0
321,CASH_OUT,57486.92,C510241077,1398.0,0.0,C529017761,372543.6,430030.52,0,0
321,CASH_OUT,226779.15,C101268650,71063.0,0.0,C1902774129,295786.5,522565.66,0,0
321,PAYMENT,35564.19,C398783120,542228.66,506664.47,M1775635231,0.0,0.0,0,0
321,TRANSFER,3409477.99,C441812089,0.0,0.0,C927401334,3844972.6,7254450.59,0,0
321,CASH_OUT,91610.58,C31944237,0.0,0.0,C1651869269,286230.23,377840.81,0,0
321,PAYMENT,5080.35,C2051706169,49872.0,44791.65,M601821320,0.0,0.0,0,0
321,PAYMENT,17075.51,C1190664689,5564.0,0.0,M677598791,0.0,0.0,0,0
321,CASH_OUT,237558.3,C1652176665,0.0,0.0,C1433381470,414213.5,651771.8,0,0
321,CASH_OUT,60313.45,C1649890960,5529.0,0.0,C182704937,0.0,60313.45,0,0
321,TRANSFER,380136.66,C354979074,916.0,0.0,C24786571,0.0,380136.66,0,0
321,CASH_IN,55272.33,C1156517346,24347.0,79619.33,C2034217990,0.0,0.0,0,0
321,CASH_OUT,34143.41,C1601678433,0.0,0.0,C398454342,393228.87,427372.28,0,0
321,PAYMENT,11057.54,C969130649,19926.0,8868.46,M402650912,0.0,0.0,0,0
321,CASH_IN,336820.16,C1806285093,206700.46,543520.63,C1550905173,7795062.74,7458242.58,0,0
321,CASH_OUT,167477.02,C1166326573,105223.0,0.0,C1473172235,177005.84,344482.86,0,0
321,CASH_IN,563592.82,C338144456,3058338.53,3621931.35,C334926059,1256853.44,693260.61,0,0
321,PAYMENT,27618.18,C1888068680,0.0,0.0,M65369450,0.0,0.0,0,0
321,TRANSFER,1625098.01,C606599556,0.0,0.0,C1000158110,8668167.6,10293265.61,0,0
322,PAYMENT,22928.48,C542109202,20576.0,0.0,M1713236847,0.0,0.0,0,0
322,TRANSFER,598256.18,C540535013,0.0,0.0,C1604565655,3362618.87,3960875.05,0,0
322,PAYMENT,40591.96,C1989187847,0.0,0.0,M225506343,0.0,0.0,0,0
322,CASH_IN,433741.19,C2122102846,1164506.17,1598247.36,C643437296,785259.09,351517.89,0,0
322,CASH_IN,149218.11,C1601861761,1782362.87,1931580.97,C489651596,183609.59,34391.48,0,0
322,CASH_OUT,129306.16,C363995900,986.0,0.0,C640058795,161597.15,290903.31,0,0
322,PAYMENT,11148.66,C1946840896,6407.0,0.0,M1433538216,0.0,0.0,0,0
322,PAYMENT,13345.55,C299466095,0.0,0.0,M1578864830,0.0,0.0,0,0
322,CASH_OUT,150756.87,C50736546,11030.0,0.0,C1226798746,254964.95,405721.81,0,0
322,PAYMENT,25956.35,C1862720337,0.0,0.0,M314801788,0.0,0.0,0,0
322,CASH_OUT,450239.8,C1925666436,437.0,0.0,C240354316,3363.19,453602.99,0,0
322,PAYMENT,4788.87,C1645851344,44362.0,39573.13,M424097554,0.0,0.0,0,0
322,CASH_IN,55892.72,C1241850061,11093771.43,11149664.15,C1352254232,545643.48,489750.76,0,0
322,CASH_IN,273734.82,C10354352,5336239.46,5609974.28,C739425563,1734229.05,1460494.23,0,0
322,CASH_OUT,165352.06,C793145239,10250.0,0.0,C2066938021,3652832.89,3818184.96,0,0
322,CASH_OUT,423746.7,C2033872023,104.0,0.0,C84261911,249721.86,673468.56,0,0
322,CASH_IN,175455.09,C391098999,12568064.21,12743519.3,C1267092407,1445619.38,1270164.29,0,0
322,CASH_IN,295022.97,C1343564313,155273.0,450295.97,C1191294052,47084.91,0.0,0,0
322,PAYMENT,25607.17,C1539609792,22357.0,0.0,M1497634907,0.0,0.0,0,0
322,CASH_OUT,245361.49,C1412456107,0.0,0.0,C138032116,543212.01,788573.5,0,0
322,CASH_OUT,23827.17,C320039655,112950.0,89122.83,C2042002807,24765.72,48592.89,0,0
322,TRANSFER,359332.5,C383465309,0.0,0.0,C159710624,12290094.39,12649426.89,0,0
322,CASH_OUT,110378.24,C294555240,0.0,0.0,C1730570232,1321725.88,1432104.12,0,0
322,PAYMENT,48730.58,C1339079085,6573.0,0.0,M936428859,0.0,0.0,0,0
322,CASH_OUT,113944.66,C64984535,33333.0,0.0,C530418195,0.0,113944.66,0,0
322,PAYMENT,58885.15,C156774704,281851.98,222966.83,M1441542259,0.0,0.0,0,0
322,CASH_IN,361436.96,C1867251740,421955.0,783391.96,C996640599,28387453.43,28026016.46,0,0
322,CASH_OUT,14536.48,C84937533,11675.0,0.0,C1012568307,381305.16,395841.64,0,0
322,CASH_IN,43210.24,C590944212,15499507.67,15542717.91,C951457984,217056.45,173846.21,0,0
322,CASH_IN,218532.45,C823011052,16501643.8,16720176.25,C12166694,1028713.82,810181.37,0,0
322,CASH_OUT,333235.24,C1879053963,0.0,0.0,C191696607,355722.43,688957.67,0,0
322,CASH_OUT,17888.93,C485388563,0.0,0.0,C2007896488,1941937.77,1959826.7,0,0
322,CASH_OUT,314872.2,C1798222659,1027.0,0.0,C1539116758,82350.74,397222.94,0,0
322,PAYMENT,4389.11,C1504469337,6752.17,2363.06,M1250532476,0.0,0.0,0,0
322,CASH_IN,52943.11,C472094137,207309.42,260252.53,C331273524,734256.57,681313.46,0,0
322,CASH_IN,151791.92,C1419480062,2644118.58,2795910.5,C1167095952,6347879.24,6196087.32,0,0
322,PAYMENT,1847.77,C527742451,11380.0,9532.23,M1408611681,0.0,0.0,0,0
322,CASH_OUT,172112.93,C1668332257,534.0,0.0,C1068163577,299986.11,472099.04,0,0
322,PAYMENT,23279.16,C1940321295,5044.5,0.0,M1755490356,0.0,0.0,0,0
322,TRANSFER,819949.57,C2091259586,63068.0,0.0,C2138077226,39984.77,859934.34,0,0
322,PAYMENT,4509.09,C2020618910,0.0,0.0,M876187519,0.0,0.0,0,0
322,CASH_OUT,134332.2,C231704678,0.0,0.0,C2091324075,838721.04,973053.24,0,0
322,PAYMENT,27838.94,C1906761911,12279.49,0.0,M1586348578,0.0,0.0,0,0
323,CASH_OUT,157173.43,C777991663,0.0,0.0,C1222413643,257557.87,414731.3,0,0
323,CASH_OUT,4348.55,C58838658,0.0,0.0,C1595528174,1594549.79,1598898.34,0,0
323,PAYMENT,2801.72,C1641039703,0.0,0.0,M115167805,0.0,0.0,0,0
323,CASH_OUT,153091.26,C477044500,4300.0,0.0,C1049644379,301255.19,454346.45,0,0
323,DEBIT,1783.43,C248007309,97.0,0.0,C1205044053,1018416.13,1020199.56,0,0
323,CASH_IN,186531.69,C1995141757,10648.0,197179.69,C83068488,9963.0,0.0,0,0
323,CASH_OUT,140378.62,C12498279,4466.0,0.0,C1914042872,0.0,140378.62,0,0
323,CASH_IN,56251.79,C1217115959,5588159.5,5644411.29,C854671988,664245.52,607993.73,0,0
323,CASH_OUT,28314.31,C745656161,0.0,0.0,C476985256,1793371.66,1828906.93,0,0
323,CASH_OUT,22600.05,C145721956,15782.0,0.0,C1236177334,559894.34,582494.39,0,0
323,CASH_OUT,93684.86,C666994480,52903.0,0.0,C1257996760,2173237.49,2266922.35,0,0
323,CASH_IN,293172.52,C859944796,19617.0,312789.52,C629852449,133313.89,0.0,0,0
323,CASH_IN,124335.95,C1457940252,69392.0,193727.95,C497393930,1123220.61,998884.66,0,0
323,PAYMENT,17900.71,C1038961023,0.0,0.0,M71084360,0.0,0.0,0,0
323,PAYMENT,459.42,C906843525,0.0,0.0,M1262160191,0.0,0.0,0,0
323,CASH_OUT,61983.46,C402707195,0.0,0.0,C848105532,280415.58,342399.04,0,0
323,TRANSFER,2220696.91,C1568794378,202545.0,0.0,C1596238124,168859.11,2389556.03,0,0
323,TRANSFER,359046.12,C477489537,0.0,0.0,C1051586484,1008082.54,1367128.67,0,0
323,CASH_OUT,38680.05,C1240867591,0.0,0.0,C2087741600,11279483.24,11318163.29,0,0
323,CASH_OUT,148086.46,C499230703,0.0,0.0,C986365193,2531152.4,2679238.87,0,0
323,CASH_IN,116938.07,C237244681,20707.0,137645.07,C1687511280,367431.98,250493.91,0,0
323,CASH_IN,132125.36,C813895857,1701046.58,1833171.94,C365589963,261622.72,129497.36,0,0
323,PAYMENT,27673.27,C572967341,233460.35,205787.08,M2116357933,0.0,0.0,0,0
323,CASH_OUT,346309.19,C1977150279,0.0,0.0,C1860675897,6583759.58,6930068.77,0,0
323,CASH_OUT,165369.94,C264800045,0.0,0.0,C80590015,853691.53,1019061.48,0,0
323,CASH_IN,150504.99,C831242757,6800394.35,6950899.33,C125987966,698907.94,548402.96,0,0
323,CASH_IN,90996.72,C148357005,5830723.82,5921720.55,C294951184,3247319.42,3156322.7,0,0
323,CASH_IN,87597.37,C1884801525,7521961.61,7609558.98,C1927688178,1464706.05,1377108.69,0,0
323,CASH_OUT,65893.11,C624339120,346.0,0.0,C274729712,337451.84,403344.94,0,0
323,CASH_OUT,234868.94,C761448831,175720.0,0.0,C1037661800,350137.73,585006.66,0,0
323,CASH_IN,236485.08,C81379357,2150337.4,2386822.49,C845056853,308952.12,72467.03,0,0
323,PAYMENT,5060.59,C1793204077,0.0,0.0,M1829307445,0.0,0.0,0,0
323,PAYMENT,9898.83,C837720783,444597.15,434698.33,M796327430,0.0,0.0,0,0
323,PAYMENT,31394.78,C906239448,125698.26,94303.48,M1138020553,0.0,0.0,0,0
323,CASH_IN,175823.52,C2001981618,15811.0,191634.52,C16810457,1676990.21,1501166.69,0,0
323,CASH_OUT,129720.4,C1599219922,249901.1,120180.7,C1137486852,436085.74,565806.13,0,0
323,CASH_OUT,43.38,C1137896230,722.0,678.62,C330731241,0.0,43.38,0,0
323,CASH_IN,162043.22,C509377491,14769902.3,14931945.53,C688330284,482966.92,320923.7,0,0
323,CASH_IN,161800.77,C795655521,30602.0,192402.77,C2027150315,0.0,0.0,0,0
323,PAYMENT,35060.74,C865175316,0.0,0.0,M1306625758,0.0,0.0,0,0
323,PAYMENT,32421.45,C721929471,10459.0,0.0,M1803147336,0.0,0.0,0,0
323,CASH_OUT,27639.89,C1055105684,40073.0,12433.11,C1673434442,647201.93,674841.83,0,0
323,CASH_IN,479813.77,C2006622916,99769.0,579582.77,C752320955,66324.72,0.0,0,0
323,PAYMENT,25713.31,C1223180535,0.0,0.0,M774474359,0.0,0.0,0,0
323,CASH_OUT,314408.27,C1802000541,70159.0,0.0,C523681977,0.0,314408.27,0,0
323,CASH_OUT,293425.09,C313155347,0.0,0.0,C974154212,1607500.36,1900925.45,0,0
323,CASH_OUT,302700.32,C1823593864,189702.0,0.0,C149717712,0.0,302700.32,0,0
324,PAYMENT,9230.18,C173263424,147190.66,137960.48,M2057497871,0.0,0.0,0,0
324,TRANSFER,572961.26,C992483576,0.0,0.0,C1071028671,593738.4,1166699.66,0,0
324,CASH_IN,71325.03,C1207967796,2183.0,73508.03,C1779789830,335911.54,264586.52,0,0
324,DEBIT,8907.19,C1135176441,2422.0,0.0,C803643930,452247.01,461154.2,0,0
324,PAYMENT,18520.15,C879794533,100266.0,81745.85,M1674181625,0.0,0.0,0,0
324,PAYMENT,13985.4,C1368218511,59897.0,45911.6,M2006221945,0.0,0.0,0,0
324,CASH_IN,139527.55,C635289935,204283.0,343810.55,C918728552,2159612.76,2020085.2,0,0
324,DEBIT,64.73,C1108197111,0.0,0.0,C1339651646,65057.35,65122.08,0,0
324,CASH_OUT,10852.25,C1546872196,0.0,0.0,C1206714073,3411104.83,3421957.08,0,0
324,CASH_OUT,162335.75,C864339690,0.0,0.0,C1191473646,7312879.58,7475215.33,0,0
324,PAYMENT,25860.14,C520150394,416.0,0.0,M1828942827,0.0,0.0,0,0
324,PAYMENT,10058.25,C1268543863,105245.53,95187.29,M244332632,0.0,0.0,0,0
324,PAYMENT,42930.23,C229070917,106394.0,63463.77,M42126332,0.0,0.0,0,0
324,CASH_IN,181952.77,C1073696952,12129896.89,12311849.66,C936652325,541156.05,359203.28,0,0
324,CASH_IN,28083.38,C1222747227,172.0,28255.38,C755625748,0.0,0.0,0,0
324,CASH_OUT,210309.1,C1777997574,0.0,0.0,C1674450768,1819153.23,2029462.33,0,0
324,CASH_OUT,204471.96,C221984659,0.0,0.0,C948772832,367088.03,571560.0,0,0
324,CASH_OUT,53309.26,C1355869249,0.0,0.0,C692324040,667713.97,721023.23,0,0
324,PAYMENT,26960.67,C658604078,201586.0,174625.33,M1578959506,0.0,0.0,0,0
324,CASH_OUT,139970.86,C1543011827,0.0,0.0,C1490261558,693616.41,833587.28,0,0
324,CASH_IN,244270.29,C1026520803,5871415.62,6115685.9,C39206026,5053148.42,4808878.14,0,0
324,TRANSFER,2779491.62,C352933419,0.0,0.0,C268784004,4379350.49,7158842.11,0,0
324,CASH_OUT,274741.65,C1648924656,21171.0,0.0,C988955013,54467.68,329209.32,0,0
324,CASH_IN,136249.73,C268930732,829329.38,965579.11,C2175099,5391046.17,5254796.43,0,0
324,TRANSFER,291675.99,C153324038,33016.34,0.0,C855303611,1453070.29,1744746.28,0,0
324,CASH_OUT,204648.13,C1471090579,20451.0,0.0,C77772280,0.0,204648.13,0,0
324,CASH_OUT,110122.16,C489096323,0.0,0.0,C1909667510,215163.12,325285.28,0,0
324,PAYMENT,32038.65,C1283481764,193623.3,161584.65,M190314014,0.0,0.0,0,0
324,CASH_OUT,96404.49,C1608667732,0.0,0.0,C716550371,1170402.01,1266806.5,0,0
324,PAYMENT,23840.59,C1190714406,0.0,0.0,M1474356422,0.0,0.0,0,0
324,CASH_OUT,192678.16,C180912563,1316.0,0.0,C1083619982,686961.54,879639.7,0,0
324,CASH_OUT,75239.9,C1997782560,71719.25,0.0,C1800265008,1656737.0,1731976.91,0,0
324,CASH_OUT,223685.3,C2063324319,40934.06,0.0,C949782976,848630.85,1072316.15,0,0
324,CASH_IN,183357.6,C1535135315,6470963.53,6654321.14,C1235618541,11308573.83,11125216.23,0,0
324,CASH_OUT,383871.8,C1854574467,0.0,0.0,C1271057475,449254.59,833126.4,0,0
324,PAYMENT,23756.4,C1135741724,0.0,0.0,M1711150343,0.0,0.0,0,0
324,TRANSFER,602986.0,C1134145032,0.0,0.0,C2092508534,6326624.14,7148234.98,0,0
324,PAYMENT,31458.64,C175441841,113715.0,82256.36,M914945459,0.0,0.0,0,0
324,CASH_OUT,220121.98,C1896518463,0.0,0.0,C134541826,2075301.45,2295423.43,0,0
324,CASH_OUT,78415.26,C1918324400,17394.0,0.0,C910576957,942244.31,1020659.57,0,0
324,CASH_OUT,55513.43,C48692218,60009.0,4495.57,C291972143,0.0,55513.43,0,0
324,TRANSFER,5173096.34,C1480073924,0.0,0.0,C122320054,7045174.26,11821656.5,0,0
324,CASH_OUT,456508.98,C2141671559,38459.0,0.0,C2098048841,0.0,456508.98,0,0
324,PAYMENT,28403.89,C599966668,1027.0,0.0,M1754915126,0.0,0.0,0,0
324,CASH_OUT,203308.04,C1154295956,7064.0,0.0,C742025719,3330857.24,3534165.28,0,0
324,CASH_OUT,274570.96,C497913580,0.0,0.0,C1097324462,727086.71,1001657.67,0,0
324,TRANSFER,20076.93,C1251071714,988098.0,968021.07,C1571379473,179139.2,199216.13,0,0
324,TRANSFER,671191.61,C1603554352,103082.0,0.0,C886844260,187862.95,859054.56,0,0
324,CASH_OUT,69981.6,C1187443972,0.0,0.0,C216310095,915948.1,985929.71,0,0
324,CASH_IN,424521.7,C263772678,2379963.48,2804485.18,C218675003,516400.15,91878.45,0,0
324,PAYMENT,24608.51,C1874020351,0.0,0.0,M185344661,0.0,0.0,0,0
324,DEBIT,10802.48,C1526313269,19906.0,9103.52,C1837146339,569039.04,579841.52,0,0
324,CASH_OUT,16816.98,C130164481,0.0,0.0,C799238950,1431764.82,2473443.3,0,0
324,PAYMENT,13841.2,C1032082484,0.0,0.0,M293660623,0.0,0.0,0,0
324,PAYMENT,23336.74,C2003737239,0.0,0.0,M350151019,0.0,0.0,0,0
324,CASH_IN,50804.87,C121823640,1148280.47,1199085.33,C1199246143,83592.59,32787.72,0,0
324,CASH_OUT,29111.16,C2027390704,476236.0,447124.84,C1900829100,8540888.93,8570000.08,0,0
324,CASH_OUT,234201.65,C880910256,22142.0,0.0,C1112758583,0.0,234201.65,0,0
325,PAYMENT,22587.63,C81313794,26019.0,3431.37,M694580390,0.0,0.0,0,0
325,CASH_OUT,156982.97,C1647932691,20579.0,0.0,C481723492,131372.46,288355.43,0,0
325,CASH_IN,405156.19,C1973352477,3260800.91,3665957.1,C396957380,2204284.35,1799128.16,0,0
325,CASH_OUT,177595.24,C646456939,104310.0,0.0,C1507731213,0.0,177595.24,0,0
325,PAYMENT,25808.73,C2056669442,30044.0,4235.27,M26319402,0.0,0.0,0,0
325,CASH_IN,461136.09,C875263879,4639747.86,5100883.96,C2143528413,2700600.64,2239464.55,0,0
325,PAYMENT,28944.14,C1415010080,313281.0,284336.86,M610377492,0.0,0.0,0,0
325,CASH_OUT,8173.78,C1902556882,0.0,0.0,C460168816,2117553.11,2125726.89,0,0
325,PAYMENT,19637.71,C897060075,283296.0,263658.29,M1119509115,0.0,0.0,0,0
325,CASH_OUT,162245.96,C2104513856,680.0,0.0,C412207742,23912.86,186158.82,0,0
325,CASH_OUT,37438.79,C363570652,0.0,0.0,C291977207,1650779.63,1688218.42,0,0
325,PAYMENT,11424.6,C1377995137,23145.0,11720.4,M200093274,0.0,0.0,0,0
325,PAYMENT,29772.14,C1850092730,0.0,0.0,M1051190115,0.0,0.0,0,0
325,CASH_OUT,1654.44,C1793625066,0.0,0.0,C1788784978,373801.35,375455.79,0,0
325,PAYMENT,57.98,C2141346012,0.0,0.0,M449374671,0.0,0.0,0,0
325,CASH_OUT,161108.28,C1718885981,0.0,0.0,C887928916,716555.89,877664.17,0,0
325,CASH_OUT,93933.8,C1325796786,0.0,0.0,C2135806154,7926819.16,8020752.96,0,0
325,CASH_OUT,580330.01,C1031039127,789.0,0.0,C1580184446,25006.15,605336.16,0,0
325,TRANSFER,593481.53,C2055211456,0.0,0.0,C1190344373,3631236.72,4224718.25,0,0
325,CASH_OUT,37421.86,C1125538530,0.0,0.0,C189837409,590156.35,627578.21,0,0
325,CASH_OUT,180594.24,C483264078,194395.0,13800.76,C1803245776,205787.08,386381.32,0,0
325,CASH_IN,160986.51,C1848780180,104298.0,265284.51,C413651206,4251041.31,4090054.8,0,0
325,PAYMENT,17610.35,C1169858064,28134.0,10523.65,M613807461,0.0,0.0,0,0
325,CASH_OUT,267241.59,C857781852,5205.0,0.0,C1089325009,1619311.77,1886553.37,0,0
325,CASH_OUT,175691.4,C1399042566,0.0,0.0,C1135561793,557230.01,732921.41,0,0
325,CASH_OUT,39299.08,C1325411871,0.0,0.0,C1177149477,447622.05,486921.12,0,0
325,CASH_OUT,436144.38,C98303087,0.0,0.0,C682841699,2292785.02,2728929.4,0,0
325,PAYMENT,31220.82,C836389807,17889.0,0.0,M247559959,0.0,0.0,0,0
325,CASH_OUT,156344.76,C485208387,72382.0,0.0,C1087861533,450018.59,606363.35,0,0
325,CASH_IN,363240.35,C874427969,1217049.11,1580289.46,C684459337,456942.1,93701.75,0,0
325,PAYMENT,17474.61,C1157879740,524138.0,506663.39,M518448922,0.0,0.0,0,0
325,PAYMENT,25700.41,C751534303,130.0,0.0,M1572307634,0.0,0.0,0,0
325,TRANSFER,626615.99,C975801465,182.0,0.0,C1394879755,1509055.24,2135671.23,0,0
325,PAYMENT,7851.79,C1551147360,91340.82,83489.03,M765437062,0.0,0.0,0,0
325,CASH_IN,135235.31,C1651859202,8374828.93,8510064.25,C1222171776,185406.78,50171.47,0,0
325,CASH_IN,233930.38,C1630630580,3668381.75,3902312.12,C1093328322,408435.24,174504.86,0,0
325,PAYMENT,733.25,C1084627521,15877.0,15143.75,M240110494,0.0,0.0,0,0
325,CASH_OUT,48247.97,C1966279943,628.0,0.0,C359486894,589119.8,637367.77,0,0
325,CASH_IN,69295.29,C1259374791,471455.54,540750.83,C262339649,811215.99,705622.26,0,0
325,PAYMENT,15266.31,C2065644391,59494.44,44228.13,M1676152024,0.0,0.0,0,0
325,CASH_OUT,52988.44,C899061423,0.0,0.0,C1523149327,1137581.32,1190569.76,0,0
325,PAYMENT,13991.9,C1040521280,47205.73,33213.83,M1339519569,0.0,0.0,0,0
325,CASH_IN,25540.77,C2007106166,17743519.67,17769060.43,C929443137,1326826.12,1301285.35,0,0
326,PAYMENT,20392.93,C1483562658,37508.0,17115.07,M1231125884,0.0,0.0,0,0
326,TRANSFER,15237111.13,C1194697054,124879.3,0.0,C1840046890,29890072.38,45127183.51,0,0
326,CASH_OUT,451559.03,C2145167417,10914.0,0.0,C1026088979,0.0,451559.03,0,0
326,CASH_IN,191525.11,C519216976,1042334.76,1233859.87,C278394822,893985.09,702459.97,0,0
326,CASH_IN,147719.41,C25758269,1053588.64,1201308.06,C120492935,823006.94,675287.53,0,0
326,CASH_IN,318827.68,C185502353,58182.0,377009.68,C1371935139,2309770.55,1990942.87,0,0
326,CASH_IN,75385.59,C1801056412,1081115.36,1156500.95,C777285913,535190.09,459804.5,0,0
326,CASH_OUT,218971.19,C1186027797,0.0,0.0,C200451115,2399170.48,2618141.67,0,0
326,CASH_OUT,15957.56,C1543208877,199239.0,183281.44,C1112279044,305759.2,321716.76,0,0
326,PAYMENT,16241.94,C939328090,123313.33,107071.39,M548080971,0.0,0.0,0,0
326,PAYMENT,17531.2,C454114305,0.0,0.0,M2031605543,0.0,0.0,0,0
326,PAYMENT,17555.51,C1145939665,85775.0,68219.49,M798282063,0.0,0.0,0,0
326,CASH_OUT,25248.98,C485063037,0.0,0.0,C535209432,213199.69,238448.66,0,0
326,CASH_OUT,139901.04,C715068082,178.0,0.0,C1535200044,0.0,139901.04,0,0
326,CASH_OUT,213098.52,C1162445429,60341.0,0.0,C100642284,105756.51,318855.02,0,0
326,CASH_OUT,251160.7,C1781342585,0.0,0.0,C275469353,643739.23,894899.93,0,0
326,PAYMENT,38045.01,C896003519,4868.25,0.0,M703026703,0.0,0.0,0,0
326,PAYMENT,5721.89,C639464014,20716.0,14994.11,M882886961,0.0,0.0,0,0
326,CASH_OUT,292193.35,C1149661733,0.0,0.0,C23779432,1001568.93,1293762.28,0,0
326,PAYMENT,22400.38,C37918106,22298.51,0.0,M548000391,0.0,0.0,0,0
326,PAYMENT,8538.21,C2077419218,6476.0,0.0,M1140040337,0.0,0.0,0,0
326,PAYMENT,16079.73,C703714372,515665.0,499585.27,M337695520,0.0,0.0,0,0
326,CASH_IN,48769.16,C399989260,51425.0,100194.16,C1051223888,243629.21,194860.05,0,0
326,CASH_OUT,410158.48,C2067496318,11734.0,0.0,C1489760230,70996.38,481154.87,0,0
326,CASH_OUT,16037.93,C42204007,0.0,0.0,C1198977155,89784.85,105822.78,0,0
326,CASH_OUT,71755.52,C1089074807,0.0,0.0,C1857974951,5793768.16,5865523.68,0,0
326,CASH_OUT,22230.32,C1755181279,81099.0,58868.68,C1531926214,0.0,22230.32,0,0
326,TRANSFER,523061.27,C576579323,0.0,0.0,C1614253311,818283.42,1341344.7,0,0
326,TRANSFER,802656.41,C42877458,0.0,0.0,C847737301,6523693.47,7326349.88,0,0
326,CASH_IN,44190.78,C780587811,85011.0,129201.78,C176060639,0.0,0.0,0,0
326,CASH_OUT,6340.57,C1526527350,269737.0,263396.43,C908957251,897953.06,904293.63,0,0
326,PAYMENT,43682.62,C710790154,0.0,0.0,M11164770,0.0,0.0,0,0
326,CASH_OUT,83587.65,C1188339116,0.0,0.0,C89332861,1555151.32,1638738.97,0,0
326,PAYMENT,32352.69,C112183100,59085.36,26732.67,M516184026,0.0,0.0,0,0
326,CASH_IN,156500.9,C707614443,2516290.28,2672791.17,C1928882606,10899797.14,10743296.24,0,0
326,CASH_OUT,26139.24,C203082156,553.0,0.0,C533955791,0.0,26139.24,0,0
326,DEBIT,2411.92,C1063004309,16354.0,13942.08,C1693561644,1745264.01,1747675.93,0,0
327,CASH_OUT,278351.23,C459499759,9954.0,0.0,C964423224,794524.19,1072875.42,0,0
327,DEBIT,18691.6,C2061780377,0.0,0.0,C154085105,58394.25,77085.85,0,0
327,TRANSFER,10000000.0,C906835927,180586.0,0.0,C1107737936,1017418.12,12084594.1,0,0
327,PAYMENT,25437.96,C1905352393,0.0,0.0,M1974693381,0.0,0.0,0,0
327,CASH_IN,13054.21,C620137000,281.0,13335.21,C1443085152,223920.16,210865.95,0,0
327,CASH_IN,17653.73,C1210444239,3716267.84,3733921.58,C1549574592,40674.9,23021.17,0,0
327,CASH_IN,274455.95,C1577731114,169441.0,443896.95,C2083477539,0.0,0.0,0,0
327,PAYMENT,33690.17,C315749407,94964.07,61273.91,M1285879034,0.0,0.0,0,0
327,CASH_OUT,67990.28,C511262013,44733.0,0.0,C234334122,79188.23,147178.5,0,0
327,PAYMENT,13565.2,C1423275153,104351.0,90785.8,M586159167,0.0,0.0,0,0
327,PAYMENT,10227.36,C680215079,0.0,0.0,M1795046597,0.0,0.0,0,0
327,CASH_OUT,242387.79,C605570411,2348.0,0.0,C161151654,2366.75,244754.54,0,0
327,PAYMENT,30613.78,C429922192,420168.54,389554.77,M31565897,0.0,0.0,0,0
327,PAYMENT,2379.24,C192191717,236346.82,233967.58,M1158069646,0.0,0.0,0,0
327,CASH_OUT,223180.54,C496780952,0.0,0.0,C1635575233,1226569.69,1449750.23,0,0
327,PAYMENT,62827.76,C1039870405,16306.46,0.0,M740527530,0.0,0.0,0,0
327,TRANSFER,4311295.15,C1844444914,357959.56,0.0,C1608846944,6865886.13,11177181.28,0,0
327,TRANSFER,2555254.59,C1252997296,0.0,0.0,C911961905,10969381.6,13524636.19,0,0
327,TRANSFER,7142086.13,C1612021836,325030.0,0.0,C871487746,0.0,7142086.13,0,0
327,CASH_OUT,277149.49,C973334146,0.0,0.0,C1229616306,3341329.54,3618479.03,0,0
327,PAYMENT,22119.19,C832140141,27383.7,5264.51,M443396148,0.0,0.0,0,0
327,CASH_OUT,182116.93,C1764965707,10739.0,0.0,C835973060,31759.99,213876.92,0,0
327,PAYMENT,29404.19,C515277466,41419.0,12014.81,M1238720867,0.0,0.0,0,0
327,PAYMENT,764.6,C137863684,42547.4,41782.8,M930444823,0.0,0.0,0,0
327,CASH_OUT,108482.42,C1315627482,218776.0,110293.58,C119809551,477520.16,586002.58,0,0
327,PAYMENT,1798.87,C1341767343,142417.49,140618.62,M2146683505,0.0,0.0,0,0
327,PAYMENT,26955.47,C1292293448,5026.0,0.0,M130541626,0.0,0.0,0,0
327,PAYMENT,23976.4,C1490792500,14724.0,0.0,M1299236005,0.0,0.0,0,0
327,PAYMENT,25386.4,C1889529515,30513.0,5126.6,M1683509711,0.0,0.0,0,0
327,TRANSFER,7739362.44,C12082883,0.0,0.0,C753282599,7922877.63,15662240.08,0,0
327,CASH_OUT,50044.2,C187549460,11205.0,0.0,C1799208585,155783.24,205827.44,0,0
327,CASH_OUT,91859.2,C1662657225,21369.0,0.0,C1518494865,277882.57,369741.77,0,0
327,CASH_OUT,525640.79,C719078927,10156.0,0.0,C1486243078,245650.33,1047717.89,0,0
327,CASH_IN,26442.95,C2071320555,7541444.95,7567887.9,C1618914627,1656985.12,1630542.17,0,0
327,TRANSFER,10000000.0,C1922797343,23359.0,0.0,C1490809414,2118417.72,12546962.36,0,0
327,CASH_IN,399.44,C94511350,331.0,730.44,C1489300911,0.0,0.0,0,0
327,PAYMENT,21465.03,C91957266,0.0,0.0,M1295660342,0.0,0.0,0,0
327,CASH_IN,580579.81,C1062944588,47152.0,627731.81,C351508363,148460.73,0.0,0,0
327,CASH_OUT,461894.81,C1216763018,15354.0,0.0,C880398878,0.0,461894.81,0,0
327,CASH_IN,278589.3,C647376267,2780040.91,3058630.21,C2120027877,738775.07,460185.77,0,0
327,CASH_OUT,3015.18,C1045357135,370.0,0.0,C860307409,0.0,3015.18,0,0
327,CASH_OUT,21798.57,C1660954521,363238.0,341439.43,C1442403291,91798.81,113597.39,0,0
327,CASH_OUT,312172.28,C1816434960,53223.0,0.0,C1597692374,139087.15,451259.43,0,0
327,CASH_OUT,304845.33,C757644547,5004.0,0.0,C1743442637,0.0,304845.33,0,0
327,CASH_OUT,54968.64,C732182110,10861.0,0.0,C1405097883,1373421.31,1428389.95,0,0
327,CASH_OUT,21938.38,C40211326,0.0,0.0,C1710924877,61424.24,83362.62,0,0
327,CASH_IN,102848.08,C1811400397,0.0,102848.08,C1450502233,1708667.68,1605819.61,0,0
327,CASH_IN,127422.75,C1327130834,9551119.43,9678542.18,C1576868777,2436853.69,2309430.94,0,0
327,PAYMENT,1016.61,C925782056,0.0,0.0,M1756064422,0.0,0.0,0,0
327,CASH_IN,141160.65,C720196708,5475402.22,5616562.88,C567357752,255384.08,114223.43,0,0
328,PAYMENT,6172.31,C1667998787,27510.0,21337.69,M1354509755,0.0,0.0,0,0
328,CASH_OUT,237761.8,C925791018,467938.42,230176.62,C1117147422,838263.46,1076025.26,0,0
328,PAYMENT,2871.9,C2136951684,168301.32,165429.43,M1120758200,0.0,0.0,0,0
328,CASH_OUT,441241.74,C1167428641,0.0,0.0,C1017566642,817888.67,1259130.41,0,0
328,CASH_IN,289902.0,C1176666137,0.0,289902.0,C254862046,3579890.02,3289988.02,0,0
328,CASH_IN,97624.57,C1233440886,2478734.71,2576359.28,C18119851,697531.57,599907.0,0,0
328,TRANSFER,3459267.1,C989620071,205.0,0.0,C536972126,0.0,3459267.1,0,0
328,PAYMENT,5132.37,C145152398,0.0,0.0,M679848894,0.0,0.0,0,0
328,PAYMENT,1384.14,C1626128854,0.0,0.0,M905756726,0.0,0.0,0,0
328,PAYMENT,26209.9,C1337824609,0.0,0.0,M425632697,0.0,0.0,0,0
328,PAYMENT,44417.91,C165838482,107830.0,63412.09,M715634812,0.0,0.0,0,0
328,PAYMENT,14334.87,C542892417,0.0,0.0,M441436651,0.0,0.0,0,0
328,PAYMENT,43591.14,C1564680643,53.0,0.0,M831024566,0.0,0.0,0,0
328,CASH_OUT,117527.57,C1261889930,5482.0,0.0,C1708119445,1517192.46,1634720.04,0,0
328,TRANSFER,529202.95,C1627963538,0.0,0.0,C1068860338,1252632.85,1781835.8,0,0
328,CASH_OUT,124025.01,C1851575381,31591.0,0.0,C1664975963,0.0,124025.01,0,0
328,PAYMENT,9725.79,C1781211743,0.0,0.0,M1346615596,0.0,0.0,0,0
328,CASH_OUT,193684.73,C1162855732,0.0,0.0,C1207892739,653979.21,847663.94,0,0
328,PAYMENT,21054.06,C754093460,7474.3,0.0,M1088462864,0.0,0.0,0,0
328,PAYMENT,6956.14,C1202392064,1639.0,0.0,M364024758,0.0,0.0,0,0
328,CASH_OUT,329513.74,C1445522342,0.0,0.0,C883502766,25430025.12,25759538.86,0,0
328,CASH_OUT,77385.06,C1532158240,148940.0,71554.94,C630005247,0.0,77385.06,0,0
328,PAYMENT,1365.08,C475874003,0.0,0.0,M126296863,0.0,0.0,0,0
328,PAYMENT,15131.38,C1146158995,67759.37,52628.0,M2040276199,0.0,0.0,0,0
328,CASH_OUT,356173.44,C1853894189,4734.0,0.0,C146879857,252647.66,608821.11,0,0
328,TRANSFER,340034.96,C548839580,0.0,0.0,C1031303902,619721.11,959756.07,0,0
328,PAYMENT,14380.73,C1618124613,0.0,0.0,M328500628,0.0,0.0,0,0
328,CASH_OUT,161369.63,C485626544,0.0,0.0,C1617594742,467438.83,628808.46,0,0
328,PAYMENT,14900.33,C416951584,0.0,0.0,M301488426,0.0,0.0,0,0
328,CASH_OUT,82448.25,C796876405,10883.0,0.0,C1982913934,0.0,82448.25,0,0
328,CASH_IN,82040.62,C2081814843,296926.91,378967.54,C1648196541,173879.72,91839.1,0,0
328,CASH_OUT,201780.11,C1492856334,0.0,0.0,C1985029584,6261823.55,6463603.66,0,0
328,PAYMENT,6122.6,C1403395472,275786.36,269663.76,M537725251,0.0,0.0,0,0
328,CASH_OUT,46534.91,C1586018757,0.0,0.0,C1152856662,91461.99,137996.9,0,0
328,PAYMENT,25685.15,C1208679515,0.0,0.0,M991028082,0.0,0.0,0,0
328,CASH_IN,236280.58,C805950474,71080.0,307360.58,C1940429125,796.0,0.0,0,0
328,PAYMENT,589.82,C1953980342,19969.0,19379.18,M1410931834,0.0,0.0,0,0
328,PAYMENT,8379.07,C1500449170,30012.0,21632.93,M912132704,0.0,0.0,0,0
328,CASH_IN,439239.73,C240138715,66075.0,505314.73,C572621963,46405.36,0.0,0,0
328,CASH_IN,98688.69,C543480765,624417.52,723106.21,C1322237704,129298.19,30609.5,0,0
328,PAYMENT,38486.3,C1640810094,178075.98,139589.69,M1210503516,0.0,0.0,0,0
328,CASH_OUT,297647.97,C1683093457,0.0,0.0,C550567230,1519857.78,1817505.75,0,0
328,TRANSFER,4382431.91,C2073942107,10984.0,0.0,C1499573893,365829.56,4748261.47,0,0
329,PAYMENT,503.4,C1523306125,0.0,0.0,M451513150,0.0,0.0,0,0
329,DEBIT,4268.38,C1030070983,299032.0,294763.62,C2036487119,2017762.61,2022030.99,0,0
329,CASH_OUT,128440.17,C384267144,22022.0,0.0,C1919764866,838764.23,967204.4,0,0
329,CASH_OUT,57120.03,C421742703,80758.0,23637.97,C1499978633,647679.35,704799.39,0,0
329,CASH_OUT,197891.73,C1688969380,0.0,0.0,C1093961413,547294.58,745186.31,0,0
329,PAYMENT,48929.85,C1261928909,9811.0,0.0,M1890052881,0.0,0.0,0,0
329,PAYMENT,12293.11,C233294194,10494.0,0.0,M832450109,0.0,0.0,0,0
329,CASH_OUT,13583.08,C542859426,0.0,0.0,C1760156772,196297.09,209880.17,0,0
329,CASH_OUT,321434.99,C1117814952,0.0,0.0,C502985730,2426052.64,2747487.63,0,0
329,CASH_OUT,239828.75,C703423680,0.0,0.0,C682740912,2901812.18,3141640.94,0,0
329,CASH_OUT,113911.22,C713308864,0.0,0.0,C1004687378,1209623.07,1323534.29,0,0
329,PAYMENT,1833.98,C434276792,4024.45,2190.47,M433684955,0.0,0.0,0,0
329,PAYMENT,7056.27,C937570457,32247.0,25190.73,M1746917694,0.0,0.0,0,0
329,CASH_IN,3286.23,C1113307880,76484.0,79770.23,C369995514,7315761.51,7312475.28,0,0
329,DEBIT,17817.88,C778741624,31364.0,13546.12,C1110565937,476673.67,494491.55,0,0
329,PAYMENT,17223.19,C195433078,22350.0,5126.81,M2095058858,0.0,0.0,0,0
329,CASH_OUT,73895.3,C211474876,33095.21,0.0,C1669861682,151852.71,225748.01,0,0
329,CASH_OUT,21684.23,C991206306,0.0,0.0,C278922144,274477.31,296161.54,0,0
329,CASH_IN,67371.66,C382225607,10720.0,78091.66,C1251576610,885590.95,818219.29,0,0
329,CASH_OUT,44879.87,C1796077799,0.0,0.0,C257830539,159466.52,204346.39,0,0
329,CASH_IN,36051.22,C1819991432,2547845.16,2583896.38,C1357386830,911730.23,875679.01,0,0
329,CASH_IN,230070.96,C605497596,368588.69,598659.66,C482697374,2024813.52,1576436.17,0,0
329,CASH_OUT,169815.98,C322422933,264278.0,94462.02,C2027701011,0.0,0.0,0,0
329,PAYMENT,8147.24,C1831164071,0.0,0.0,M298297228,0.0,0.0,0,0
329,CASH_OUT,138296.11,C428652441,102.0,0.0,C1011846505,3652994.41,3791290.52,0,0
329,PAYMENT,7283.11,C74732634,169464.0,162180.89,M630213525,0.0,0.0,0,0
329,CASH_OUT,682.36,C1920288430,0.0,0.0,C1604025721,211300.65,211983.02,0,0
329,CASH_OUT,19288.72,C2063942533,74361.72,55073.0,C1001793881,68157.06,87445.78,0,0
329,CASH_IN,52811.15,C1411326987,26982778.28,27035589.43,C1624485768,763740.28,710929.13,0,0
329,CASH_IN,253937.27,C1762183883,6068722.24,6322659.51,C1791219020,404117.41,150180.14,0,0
329,PAYMENT,27317.13,C589152622,0.0,0.0,M1638298721,0.0,0.0,0,0
329,CASH_IN,351651.27,C1635626921,11422.0,363073.27,C1039439055,7933710.31,7582059.04,0,0
329,PAYMENT,10394.08,C1202321235,34338.0,23943.92,M694996561,0.0,0.0,0,0
329,PAYMENT,25790.49,C1201006936,0.0,0.0,M260477142,0.0,0.0,0,0
329,CASH_OUT,202449.42,C1015227338,10876.0,0.0,C1202861229,0.0,202449.42,0,0
329,TRANSFER,1175595.13,C1364337321,53502.0,0.0,C919007818,0.0,1175595.13,0,0
329,CASH_IN,13988.83,C2143100911,4205.0,18193.83,C1274958267,0.0,0.0,0,0
329,CASH_OUT,147789.82,C1111016021,175995.0,28205.18,C644814807,717502.36,865292.18,0,0
329,TRANSFER,806167.2,C1326784073,24047.0,0.0,C142642780,16233.04,822400.24,0,0
329,PAYMENT,36826.17,C1542403155,252570.0,215743.83,M1605228589,0.0,0.0,0,0
329,PAYMENT,18737.52,C656422461,1308.76,0.0,M1689559978,0.0,0.0,0,0
329,CASH_IN,89594.69,C904507479,24780.0,114374.69,C688501621,6209.0,0.0,0,0
329,PAYMENT,9773.58,C234444836,0.0,0.0,M1625934042,0.0,0.0,0,0
329,PAYMENT,12348.69,C1268072145,6105.0,0.0,M1361025237,0.0,0.0,0,0
329,PAYMENT,456.13,C1453103495,538790.98,538334.86,M996783750,0.0,0.0,0,0
329,TRANSFER,860335.8,C974353397,0.0,0.0,C802273332,6322188.22,7182524.02,0,0
329,CASH_OUT,584080.47,C2113875123,100098.0,0.0,C433383599,0.0,584080.47,0,0
329,CASH_OUT,331631.71,C443303795,1144.0,0.0,C1700629891,0.0,331631.71,0,0
329,CASH_OUT,48516.76,C1892458027,0.0,0.0,C606369842,580217.62,628734.38,0,0
329,CASH_IN,307234.8,C1689643508,3711078.22,4018313.02,C1552134555,1729796.36,1422561.56,0,0
329,CASH_IN,562772.2,C870385914,302629.0,865401.2,C1144322633,17612.05,0.0,0,0
329,CASH_OUT,131996.46,C913086914,0.0,0.0,C1426585293,614036.59,746033.05,0,0
329,CASH_OUT,102330.37,C1487401674,0.0,0.0,C71194304,319503.48,421833.85,0,0
329,CASH_OUT,330705.12,C710567123,70830.75,0.0,C1433833270,1774969.95,2202529.56,0,0
329,TRANSFER,1593630.69,C1627176340,112505.0,0.0,C673032540,625472.67,2219103.36,0,0
330,PAYMENT,13265.39,C608290641,312655.0,299389.61,M637408754,0.0,0.0,0,0
330,CASH_OUT,187506.67,C1767404511,0.0,0.0,C1909123330,2103512.67,2291019.34,0,0
330,PAYMENT,16743.36,C640281516,124820.88,108077.52,M117949768,0.0,0.0,0,0
330,PAYMENT,11023.8,C595384862,0.0,0.0,M2014387873,0.0,0.0,0,0
330,CASH_OUT,224172.93,C155723950,10913.08,0.0,C1117765366,269269.19,493442.12,0,0
330,TRANSFER,491181.4,C1218006329,2586.0,0.0,C56361230,615003.55,1106184.95,0,0
330,CASH_IN,83952.86,C1876593301,3273.0,87225.86,C1299909889,3929286.08,3845333.23,0,0
330,PAYMENT,14874.08,C121327597,0.0,0.0,M1841625609,0.0,0.0,0,0
330,PAYMENT,6255.28,C1263276165,0.0,0.0,M1437665470,0.0,0.0,0,0
330,PAYMENT,12653.57,C1442539063,22040.15,9386.58,M245173936,0.0,0.0,0,0
330,TRANSFER,1185070.9,C2050271409,41150.0,0.0,C672431220,237413.12,1422484.02,0,0
330,TRANSFER,1352005.42,C1545390354,0.0,0.0,C964398813,1897358.1,3249363.52,0,0
330,CASH_IN,313385.64,C1181695796,61757.0,375142.64,C2124067690,2937.5,0.0,0,0
330,CASH_IN,151905.06,C2036667792,585300.41,737205.46,C2033378975,679148.02,527242.97,0,0
330,CASH_OUT,38307.83,C1877084165,0.0,0.0,C1374813724,2814252.71,2852560.54,0,0
330,CASH_OUT,18516.46,C390473675,40091.0,21574.54,C2131173011,0.0,18516.46,0,0
330,CASH_OUT,601737.61,C986221693,0.0,0.0,C527010482,1938146.11,2539883.72,0,0
330,PAYMENT,5104.4,C656090847,0.0,0.0,M608427737,0.0,0.0,0,0
330,CASH_OUT,128524.45,C352156430,0.0,0.0,C1960245370,1377290.4,1505814.85,0,0
330,CASH_OUT,99561.19,C1432531727,0.0,0.0,C772439495,3456830.44,3556391.63,0,0
330,CASH_IN,239667.31,C2002918614,609.0,240276.31,C1291533848,1049799.9,810132.58,0,0
330,CASH_OUT,444795.85,C370882923,10042.0,0.0,C818768036,882917.96,1327713.81,0,0
330,PAYMENT,11206.07,C1900083277,0.0,0.0,M1750109388,0.0,0.0,0,0
330,CASH_OUT,9217.79,C233060677,0.0,0.0,C1694321619,33962.09,43179.88,0,0
330,CASH_IN,161598.66,C589720493,172964.0,334562.66,C1843469618,1998163.82,1836565.16,0,0
330,PAYMENT,32774.84,C1158368837,45161.22,12386.38,M106528890,0.0,0.0,0,0
330,PAYMENT,26758.4,C507779932,28391.0,1632.6,M303772595,0.0,0.0,0,0
330,CASH_OUT,57061.47,C1635157567,0.0,0.0,C1980307302,131907.19,188968.66,0,0
330,CASH_OUT,129562.79,C519299819,0.0,0.0,C1907499151,131953.46,261516.25,0,0
330,CASH_OUT,214526.41,C2080713257,15053.0,0.0,C1930541518,605278.48,1250930.08,0,0
330,PAYMENT,18075.61,C1089679936,0.0,0.0,M1473033237,0.0,0.0,0,0
330,CASH_IN,42479.38,C763351558,1480992.6,1523471.98,C1294036620,430879.3,388399.92,0,0
330,CASH_IN,89840.94,C590736938,17228464.21,17318305.15,C165193352,132751.37,42910.43,0,0
330,PAYMENT,432.37,C457483921,525490.53,525058.16,M1230855147,0.0,0.0,0,0
330,CASH_OUT,40216.11,C24680459,0.0,0.0,C951248392,681498.35,721714.46,0,0
330,CASH_IN,274988.24,C719335865,13136.0,288124.24,C1253014969,192578.49,0.0,0,0
330,CASH_OUT,123143.48,C356155765,79725.0,0.0,C1537101540,0.0,123143.48,0,0
330,CASH_IN,205496.22,C1420340256,19468317.85,19673814.07,C1293051461,490567.95,285071.73,0,0
330,CASH_IN,121293.74,C1726883853,23832.0,145125.74,C18372455,27904.13,0.0,0,0
330,CASH_OUT,65193.19,C1488109520,0.0,0.0,C1046263148,323948.07,389141.27,0,0
330,CASH_OUT,136749.48,C184646582,0.0,0.0,C1833462622,1836685.07,1973434.55,0,0
330,TRANSFER,459496.31,C1271300117,21389.0,0.0,C446196541,0.0,459496.31,0,0
330,PAYMENT,6247.51,C1541594101,31194.52,24947.0,M1656620177,0.0,0.0,0,0
331,CASH_IN,147814.99,C1882392328,1835164.37,1982979.36,C1534222117,323918.99,176104.0,0,0
331,PAYMENT,9220.49,C1355887444,8090.0,0.0,M488927877,0.0,0.0,0,0
331,PAYMENT,24016.37,C959976374,845140.0,821123.63,M303997538,0.0,0.0,0,0
331,TRANSFER,140687.08,C85009947,24852.0,0.0,C1613140484,531710.53,672397.61,0,0
331,CASH_OUT,224985.34,C1818000804,26812.0,0.0,C1709093167,0.0,224985.34,0,0
331,PAYMENT,441.28,C1234312390,53672.0,53230.72,M1275033185,0.0,0.0,0,0
331,TRANSFER,50049.38,C2124554821,14214.0,0.0,C822627147,142675.63,192725.01,0,0
331,CASH_OUT,322252.03,C13494128,2032.0,0.0,C1028235316,148430.5,470682.54,0,0
331,PAYMENT,28332.79,C1803474150,36556.0,8223.21,M2076041179,0.0,0.0,0,0
331,CASH_IN,230583.41,C708062614,19954.0,250537.41,C424699201,1962656.01,1732072.61,0,0
331,CASH_OUT,385683.35,C485421857,10454.0,0.0,C1114853795,20291.73,405975.08,0,0
331,CASH_OUT,186855.64,C1601527974,0.0,0.0,C1335105489,6276809.23,6463664.87,0,0
331,CASH_OUT,269896.1,C43632697,11643.59,0.0,C762523611,3803081.44,4072977.54,0,0
331,PAYMENT,5266.12,C803252976,13088.88,7822.76,M666711294,0.0,0.0,0,0
331,PAYMENT,7969.22,C188531240,12538.0,4568.78,M902868060,0.0,0.0,0,0
331,TRANSFER,20216.62,C348855911,0.0,0.0,C413561032,34061.4,54278.02,0,0
331,CASH_IN,64875.06,C885124507,1686014.85,1750889.91,C883822641,581405.02,516529.96,0,0
331,PAYMENT,5052.63,C1307656119,0.0,0.0,M1375167188,0.0,0.0,0,0
331,CASH_OUT,175042.31,C942026216,0.0,0.0,C1341398496,864670.49,1039712.8,0,0
331,CASH_OUT,66732.16,C180250089,0.0,0.0,C754948123,183949.16,250681.32,0,0
331,TRANSFER,5297285.85,C670667085,0.0,0.0,C805430943,17408779.15,22706065.0,0,0
331,CASH_OUT,77930.65,C787137738,0.0,0.0,C496824764,3254101.67,3332032.32,0,0
331,PAYMENT,461.0,C396335498,0.0,0.0,M20951228,0.0,0.0,0,0
331,CASH_OUT,346609.22,C1322205487,0.0,0.0,C311647489,1062213.02,1758759.12,0,0
331,TRANSFER,2145242.78,C2058186339,0.0,0.0,C2033992486,3071123.19,5216365.97,0,0
331,PAYMENT,36616.78,C519433884,474.0,0.0,M1829067428,0.0,0.0,0,0
331,CASH_OUT,23659.92,C1250462273,31287.0,7627.08,C438740685,5648641.27,5672301.19,0,0
331,PAYMENT,19096.05,C604127932,11726.0,0.0,M168843492,0.0,0.0,0,0
331,CASH_OUT,11684.45,C1383048878,49749.0,38064.55,C810443624,0.0,11684.45,0,0
331,CASH_IN,345090.47,C1022735124,7349417.66,7694508.13,C1897111060,3690126.57,3345036.09,0,0
331,CASH_IN,107848.16,C2083513249,15087782.61,15195630.77,C1814993976,8975718.36,8867870.2,0,0
331,PAYMENT,6350.33,C764962911,0.0,0.0,M449397831,0.0,0.0,0,0
331,PAYMENT,11624.65,C1080708615,28149.0,16524.35,M1855188638,0.0,0.0,0,0
331,PAYMENT,13851.71,C496490450,21109.0,7257.29,M557118613,0.0,0.0,0,0
331,CASH_OUT,71433.35,C149027409,27502.0,0.0,C1791582144,90787.24,162220.59,0,0
331,PAYMENT,13153.11,C306854106,0.0,0.0,M1346935395,0.0,0.0,0,0
331,PAYMENT,12044.72,C536836073,105100.54,93055.82,M1430628314,0.0,0.0,0,0
331,CASH_IN,103979.9,C597004906,13353521.75,13457501.65,C1935504279,1872714.2,1904286.66,0,0
331,PAYMENT,46679.21,C1614498728,0.0,0.0,M1359809568,0.0,0.0,0,0
331,CASH_OUT,169978.25,C2037216639,0.0,0.0,C1660792864,455073.54,625051.8,0,0
331,CASH_OUT,14594.05,C947727422,6221.0,0.0,C1498545373,2347696.86,2362290.91,0,0
331,CASH_IN,55875.06,C1360839798,389548.08,445423.14,C712794551,386623.8,330748.74,0,0
331,CASH_IN,39289.98,C1028543535,2535564.09,2574854.07,C107951404,2494289.33,2454999.35,0,0
331,CASH_IN,188377.28,C1450268130,351.0,188728.28,C591047780,1075446.89,887069.61,0,0
331,CASH_OUT,101766.79,C798381389,80647.0,0.0,C1136721797,2958333.96,3158054.55,0,0
331,PAYMENT,1802.97,C401562996,0.0,0.0,M429407127,0.0,0.0,0,0
331,CASH_IN,71375.85,C955213444,57.0,71432.85,C462326517,212894.36,141518.51,0,0
331,CASH_OUT,971.54,C1907840051,0.0,0.0,C1366454493,3147331.51,3148303.05,0,0
331,CASH_IN,463815.93,C966823247,49575.0,513390.93,C1996546149,349710.9,0.0,0,0
331,CASH_OUT,343803.61,C1528756672,0.0,0.0,C1842205432,12390303.65,12734107.26,0,0
331,CASH_OUT,139224.73,C1006863187,91571.0,0.0,C1396241803,0.0,139224.73,0,0
331,PAYMENT,1337.11,C722221081,0.0,0.0,M945780599,0.0,0.0,0,0
331,CASH_OUT,9438.99,C1501730326,0.0,0.0,C79142004,54089.24,63528.23,0,0
331,PAYMENT,1495.8,C855511680,50618.0,49122.2,M541970558,0.0,0.0,0,0
331,CASH_IN,13880.3,C1227964800,2899221.6,2913101.91,C484775773,3146272.59,3132392.28,0,0
331,TRANSFER,816134.07,C878994932,19202.0,0.0,C1696608555,68622.66,884756.73,0,0
331,CASH_IN,96800.31,C819365011,3060785.25,3157585.56,C1382485961,432738.76,335938.46,0,0
331,CASH_IN,378433.41,C1448209171,263729.0,642162.41,C63103643,0.0,0.0,0,0
331,PAYMENT,27256.0,C662088312,213140.71,185884.7,M1679512767,0.0,0.0,0,0
331,PAYMENT,12128.45,C662976186,156342.35,144213.89,M694273807,0.0,0.0,0,0
331,PAYMENT,34355.66,C1890424303,57237.0,22881.34,M1751667202,0.0,0.0,0,0
331,PAYMENT,16006.27,C1136102154,0.0,0.0,M881646502,0.0,0.0,0,0
331,CASH_IN,58607.53,C757892467,10318.0,68925.53,C378514172,984535.58,925928.05,0,0
331,PAYMENT,133.93,C572259939,312473.0,312339.07,M117455068,0.0,0.0,0,0
331,TRANSFER,77437.11,C1352860220,0.0,0.0,C431894474,723161.46,800598.57,0,0
331,CASH_OUT,33864.99,C240476125,0.0,0.0,C707266771,104553.88,138418.87,0,0
331,CASH_OUT,19792.11,C1448131317,4586.75,0.0,C1279322917,83027.94,102820.05,0,0
331,CASH_OUT,95032.31,C1623029637,14410.0,0.0,C912434304,318525.22,413557.53,0,0
331,CASH_IN,177802.19,C1823705305,10898413.4,11076215.59,C568751745,1972124.54,1794322.35,0,0
331,CASH_OUT,55711.97,C85723952,22196.0,0.0,C1124041514,26055404.32,40654079.24,0,0
331,PAYMENT,28521.91,C1538014491,2489.86,0.0,M1440421884,0.0,0.0,0,0
332,CASH_OUT,88804.63,C49325933,0.0,0.0,C344346704,672115.48,760920.11,0,0
332,CASH_OUT,257752.07,C480712924,61006.25,0.0,C1382182758,732272.47,990024.54,0,0
332,CASH_OUT,125340.23,C1098152922,56809.0,0.0,C1772208019,0.0,125340.23,0,0
332,PAYMENT,19605.61,C255475621,39305.0,19699.39,M883622406,0.0,0.0,0,0
332,CASH_IN,81381.61,C1717496558,20469.0,101850.61,C1376874217,6263880.19,6182498.58,0,0
332,CASH_OUT,40302.29,C321980496,80620.0,40317.71,C1828843327,264766.96,305069.25,0,0
332,TRANSFER,149325.53,C452323046,67510.0,0.0,C1911078648,0.0,149325.53,0,0
332,CASH_OUT,36294.9,C1854409238,0.0,0.0,C21285134,63788.61,100083.52,0,0
332,PAYMENT,17465.13,C129473511,407813.0,390347.87,M2118635861,0.0,0.0,0,0
332,DEBIT,3190.05,C120640421,0.0,0.0,C167255988,1315570.44,1362314.22,0,0
332,PAYMENT,4096.78,C909472486,357346.74,353249.96,M394079868,0.0,0.0,0,0
332,CASH_OUT,123983.88,C2107247597,50684.0,0.0,C447759440,0.0,123983.88,0,0
332,CASH_IN,152240.94,C1124105355,7054475.69,7206716.63,C1016304534,544392.49,392151.54,0,0
332,PAYMENT,5945.94,C1656963883,110114.93,104168.99,M542211999,0.0,0.0,0,0
332,CASH_OUT,199429.67,C1719113054,50396.0,0.0,C923429525,0.0,199429.67,0,0
332,PAYMENT,18951.34,C434615374,153048.0,134096.66,M1837904717,0.0,0.0,0,0
332,CASH_OUT,370663.56,C298820901,0.0,0.0,C1227812582,832616.79,1203280.35,0,0
332,CASH_OUT,97477.37,C1856593583,556.0,0.0,C1434665173,225707.7,323185.07,0,0
332,PAYMENT,4567.84,C715818601,70906.89,66339.05,M906610476,0.0,0.0,0,0
332,TRANSFER,2255388.96,C668451896,0.0,0.0,C2091139419,4781001.18,7036390.13,0,0
332,PAYMENT,12352.68,C1806507897,0.0,0.0,M829820342,0.0,0.0,0,0
332,CASH_IN,4980.42,C752974320,417313.78,422294.2,C957917689,9920309.65,9915329.23,0,0
332,CASH_OUT,49168.65,C156308835,0.0,0.0,C2111746697,866113.59,915282.24,0,0
332,PAYMENT,27831.39,C388720885,0.0,0.0,M907947933,0.0,0.0,0,0
332,CASH_IN,150848.08,C1642031848,75111.0,225959.08,C240805494,102891.51,0.0,0,0
332,CASH_IN,57866.34,C1224870454,170695.28,228561.62,C1131441961,1121725.73,1063859.39,0,0
332,CASH_OUT,194778.99,C589405178,0.0,0.0,C693380852,6463960.52,6658739.52,0,0
332,CASH_OUT,56019.3,C2023537589,0.0,0.0,C454181825,3565276.44,3621295.74,0,0
332,CASH_OUT,209546.84,C1956595979,0.0,0.0,C2071176674,898367.69,1107914.53,0,0
332,PAYMENT,17571.77,C827339076,3405.0,0.0,M365853741,0.0,0.0,0,0
332,TRANSFER,668367.11,C451776191,83842.0,0.0,C167486945,130370.01,798737.12,0,0
332,CASH_OUT,477406.81,C1568525406,0.0,0.0,C1090093929,734642.88,1212049.69,0,0
332,PAYMENT,38978.22,C1374632404,0.0,0.0,M2011460665,0.0,0.0,0,0
332,CASH_IN,423338.45,C947122127,2655752.45,3079090.9,C1116467134,1875230.07,1451891.62,0,0
332,CASH_IN,128931.79,C1008421448,19576224.83,19705156.62,C512071838,3494812.81,3365881.01,0,0
332,PAYMENT,14778.79,C966039210,0.0,0.0,M291192145,0.0,0.0,0,0
332,CASH_IN,155711.91,C1030016563,9155731.99,9311443.9,C2014578749,705924.45,550212.54,0,0
332,CASH_OUT,301224.46,C276655198,0.0,0.0,C880850434,949733.13,1250957.59,0,0
332,CASH_OUT,255771.77,C1486102084,299782.0,44010.23,C1164555538,642828.44,898600.22,0,0
332,CASH_OUT,63709.74,C159308771,0.0,0.0,C736245762,112173.05,175882.79,0,0
332,CASH_OUT,27551.15,C1766392590,11665.0,0.0,C1095546014,77935.72,105486.88,0,0
332,PAYMENT,11893.45,C1970127996,0.0,0.0,M157032434,0.0,0.0,0,0
332,CASH_IN,175613.35,C658864602,53052.0,228665.35,C1447497474,327370.06,151756.71,0,0
332,CASH_OUT,726383.35,C1470134292,0.0,0.0,C1746189447,1612700.57,2339083.91,0,0
332,PAYMENT,6967.43,C2011490783,34085.68,27118.25,M132415517,0.0,0.0,0,0
332,PAYMENT,6398.63,C1036587801,0.0,0.0,M679069083,0.0,0.0,0,0
332,CASH_IN,286784.52,C1856992860,635.0,287419.52,C833546422,104892.86,0.0,0,0
332,PAYMENT,6581.36,C1336232107,1409.0,0.0,M1804860810,0.0,0.0,0,0
332,PAYMENT,690.03,C1398262268,0.0,0.0,M1920254214,0.0,0.0,0,0
332,CASH_OUT,159038.65,C1445656813,0.0,0.0,C242417074,2165194.28,2324232.93,0,0
332,PAYMENT,11610.06,C935004106,0.0,0.0,M48714213,0.0,0.0,0,0
332,TRANSFER,58909.46,C2133084112,0.0,0.0,C71464578,90621.34,149530.8,0,0
332,PAYMENT,18975.1,C258862374,297334.74,278359.64,M1363948006,0.0,0.0,0,0
333,CASH_IN,170156.27,C658968761,29252.0,199408.27,C282327526,11461196.56,11291040.29,0,0
333,PAYMENT,9285.89,C1649308772,0.0,0.0,M1616428571,0.0,0.0,0,0
333,PAYMENT,5297.78,C1772972567,0.0,0.0,M1166875244,0.0,0.0,0,0
333,PAYMENT,30291.02,C1786968336,21499.0,0.0,M1275898519,0.0,0.0,0,0
333,CASH_IN,24541.99,C1788897852,298969.0,323510.99,C712971356,5670414.48,5645872.48,0,0
333,CASH_OUT,165200.47,C395770654,32523.0,0.0,C1542580687,170570.71,335771.18,0,0
333,PAYMENT,21944.16,C1137341184,127914.23,105970.07,M1009481740,0.0,0.0,0,0
333,CASH_OUT,84105.73,C1826154281,24750.99,0.0,C1507080435,620099.13,704204.85,0,0
333,TRANSFER,3496860.09,C233969186,0.0,0.0,C1775875807,9223160.94,12720021.03,0,0
333,CASH_IN,421769.28,C642803938,4024789.09,4446558.37,C1460662635,1935574.68,1513805.4,0,0
333,CASH_OUT,345329.56,C1614817708,31044.0,0.0,C2095516724,0.0,345329.56,0,0
333,PAYMENT,5732.02,C319533682,0.0,0.0,M620091651,0.0,0.0,0,0
333,TRANSFER,819950.77,C46190585,0.0,0.0,C751679719,2277729.3,3097680.06,0,0
333,PAYMENT,9056.89,C2138267636,0.0,0.0,M595556934,0.0,0.0,0,0
333,CASH_IN,70846.31,C1148948809,166306.0,237152.31,C1431083823,451937.99,381091.68,0,0
333,PAYMENT,18353.14,C1006501395,163714.0,145360.86,M1827582662,0.0,0.0,0,0
333,CASH_IN,66010.53,C2125963236,6980906.34,7046916.87,C425681317,4199084.49,4133073.95,0,0
333,CASH_OUT,143246.28,C1852070114,188137.0,44890.72,C680207093,449134.83,557895.6,0,0
333,PAYMENT,4284.48,C774920294,0.0,0.0,M1690963517,0.0,0.0,0,0
333,CASH_IN,113853.44,C1027690178,28542580.25,28656433.69,C1468634952,410225.68,296372.24,0,0
333,CASH_IN,254737.31,C317569980,17723947.45,17978684.76,C1197073145,1579029.34,1324292.02,0,0
333,PAYMENT,6111.07,C189435996,0.0,0.0,M393142737,0.0,0.0,0,0
333,CASH_OUT,236265.91,C1996290800,0.0,0.0,C1499067417,906306.17,1142572.08,0,0
334,TRANSFER,93609.0,C1606162194,0.0,0.0,C1355803119,3416283.39,3509892.39,0,0
334,CASH_IN,247721.88,C1062314926,4487133.82,4734855.7,C1676395833,3177345.44,2929623.56,0,0
334,CASH_IN,196331.7,C254972472,10673069.57,10869401.27,C619187890,7778078.02,7581746.33,0,0
334,CASH_IN,132517.15,C1686539892,4716025.67,4848542.81,C1673816629,173238.44,40721.29,0,0
334,PAYMENT,9096.49,C420025489,5579.0,0.0,M1353639051,0.0,0.0,0,0
334,CASH_IN,208619.31,C569707571,1232721.51,1441340.82,C1537123116,240979.45,32360.14,0,0
334,TRANSFER,282122.95,C2013043984,20325.83,0.0,C1621365985,588157.38,870280.33,0,0
334,PAYMENT,7733.88,C1731926148,617.0,0.0,M506315096,0.0,0.0,0,0
334,CASH_OUT,47189.48,C1535506494,0.0,0.0,C155383084,379630.69,426820.17,0,0
334,PAYMENT,3423.09,C751868051,59757.0,56333.91,M870728914,0.0,0.0,0,0
334,PAYMENT,35786.52,C1634337847,126100.0,90313.48,M1968294046,0.0,0.0,0,0
334,CASH_OUT,17489.63,C1686939473,0.0,0.0,C1763631099,539676.26,557165.89,0,0
334,PAYMENT,30049.16,C243717870,164.0,0.0,M286427142,0.0,0.0,0,0
334,CASH_IN,101708.69,C683323519,10785630.64,10887339.33,C74137789,481145.65,379436.97,0,0
334,PAYMENT,30833.2,C2054430402,29896.0,0.0,M729419008,0.0,0.0,0,0
334,TRANSFER,243166.71,C1064546720,6047.0,0.0,C1747329443,184157.93,427324.64,0,0
334,CASH_IN,83719.09,C1909406236,0.0,83719.09,C1803807180,201590.21,117871.12,0,0
334,CASH_OUT,64039.57,C1463870549,0.0,0.0,C331561288,934681.38,998720.96,0,0
334,PAYMENT,13916.07,C1249841512,166.0,0.0,M1045788773,0.0,0.0,0,0
334,PAYMENT,33898.3,C562469788,63555.0,29656.7,M378849124,0.0,0.0,0,0
334,PAYMENT,8400.02,C505214385,0.0,0.0,M1579549920,0.0,0.0,0,0
334,PAYMENT,31932.3,C1166767109,0.0,0.0,M2003820697,0.0,0.0,0,0
334,PAYMENT,922.5,C1300958792,0.0,0.0,M1753129671,0.0,0.0,0,0
334,CASH_OUT,89714.54,C112773555,11337.0,0.0,C1909783404,0.0,89714.54,0,0
334,CASH_OUT,117645.53,C1969666312,0.0,0.0,C157369578,944163.89,1061809.42,0,0
334,PAYMENT,2269.82,C1316026601,2843.0,573.18,M1869828397,0.0,0.0,0,0
334,PAYMENT,13683.51,C1463998121,0.0,0.0,M300129783,0.0,0.0,0,0
334,CASH_OUT,134174.16,C1174210773,0.0,0.0,C1841378754,263774.24,397948.39,0,0
334,CASH_OUT,124724.33,C1320485316,2941.0,0.0,C1783404580,0.0,124724.33,0,0
335,CASH_IN,235356.93,C409643174,30922.31,266279.24,C1199657477,4198970.25,3963613.33,0,0
335,CASH_OUT,180445.22,C1513964121,198451.0,18005.78,C1871428468,282684.6,463129.82,0,0
335,TRANSFER,304143.56,C1750533517,0.0,0.0,C1939915273,1577877.4,1882020.95,0,0
335,PAYMENT,6378.23,C1372474087,0.0,0.0,M333573124,0.0,0.0,0,0
335,TRANSFER,197778.49,C1785998250,0.0,0.0,C1771785074,244422.9,442201.39,0,0
335,PAYMENT,5301.37,C754051494,8348.0,3046.63,M475262729,0.0,0.0,0,0
335,PAYMENT,4832.62,C377180006,9330.0,4497.38,M1155383280,0.0,0.0,0,0
335,PAYMENT,9640.53,C71514294,167505.0,157864.47,M364260541,0.0,0.0,0,0
335,CASH_IN,103405.0,C343637739,513334.39,616739.38,C326832841,410198.83,306793.83,0,0
335,PAYMENT,4627.52,C1519802324,64407.0,59779.48,M1087472213,0.0,0.0,0,0
335,PAYMENT,7811.57,C337054073,100626.0,92814.43,M1571666170,0.0,0.0,0,0
335,PAYMENT,7230.84,C786825246,9080.0,1849.16,M442999124,0.0,0.0,0,0
335,PAYMENT,29035.28,C1889596620,0.0,0.0,M594503537,0.0,0.0,0,0
335,CASH_OUT,54655.34,C1237758881,0.0,0.0,C1723180733,2294577.01,2349232.35,0,0
335,CASH_OUT,279157.94,C1587098669,49582.0,0.0,C747833220,337929.04,617086.99,0,0
335,CASH_IN,309558.35,C1825768349,2335791.85,2645350.2,C1478307984,23711335.88,23401777.53,0,0
335,CASH_IN,37106.63,C1328426656,2807188.24,2844294.87,C392876594,284582.51,247475.88,0,0
335,PAYMENT,5746.09,C1260050528,24130.0,18383.91,M462243493,0.0,0.0,0,0
336,CASH_IN,221169.5,C1816234649,3809822.35,4030991.85,C1533070478,299952.53,78783.03,0,0
336,CASH_OUT,38345.84,C440531540,0.0,0.0,C1872809657,87564.73,125910.57,0,0
336,PAYMENT,1246.09,C1598473809,102952.0,101705.91,M1403258432,0.0,0.0,0,0
336,PAYMENT,20598.89,C559278084,6887.79,0.0,M359749036,0.0,0.0,0,0
336,PAYMENT,3040.42,C543094507,5111.0,2070.58,M305044575,0.0,0.0,0,0
336,PAYMENT,11902.46,C314820026,139952.0,128049.54,M2026057179,0.0,0.0,0,0
337,CASH_OUT,623152.72,C2031063966,623152.72,0.0,C1705815867,847223.26,1470375.97,1,0
337,CASH_OUT,658637.38,C1494570595,658637.38,0.0,C975876326,0.0,658637.38,1,0
339,TRANSFER,373531.87,C1176876206,373531.87,0.0,C29820940,0.0,0.0,1,0
345,PAYMENT,7630.2,C1345033416,0.0,0.0,M661402518,0.0,0.0,0,0
345,PAYMENT,17010.48,C520499391,0.0,0.0,M1864321100,0.0,0.0,0,0
345,PAYMENT,5283.46,C1971795036,0.0,0.0,M339360230,0.0,0.0,0,0
345,CASH_OUT,69637.39,C82201628,0.0,0.0,C471949627,86116.68,155754.07,0,0
345,CASH_IN,97671.29,C1669929696,4079178.0,4176849.29,C207381095,108461.31,10790.02,0,0
345,CASH_IN,12956.44,C1662128639,2186268.74,2199225.18,C1158829737,4816181.29,4803224.85,0,0
345,PAYMENT,17972.28,C58172024,0.0,0.0,M906192448,0.0,0.0,0,0
345,CASH_OUT,338090.65,C597396708,0.0,0.0,C888426817,10974586.76,11312677.41,0,0
345,CASH_OUT,21459.86,C891603742,0.0,0.0,C1386442101,382016.9,403476.75,0,0
345,CASH_IN,258232.21,C1724705646,796868.64,1055100.85,C66727355,547510.04,289277.83,0,0
345,PAYMENT,6198.65,C1379286287,168653.37,162454.72,M1383457146,0.0,0.0,0,0
345,PAYMENT,17963.59,C1977018416,62089.11,44125.52,M580549810,0.0,0.0,0,0
345,CASH_IN,20128.2,C211770182,954.0,21082.2,C503731654,232732.25,212604.05,0,0
345,PAYMENT,18512.1,C237841611,0.0,0.0,M190226837,0.0,0.0,0,0
345,PAYMENT,28430.95,C1682701813,386668.45,358237.5,M165086269,0.0,0.0,0,0
345,CASH_OUT,261323.59,C2033423500,138191.0,0.0,C1616712080,686149.11,947472.7,0,0
345,CASH_IN,259898.09,C1465855570,2700450.68,2960348.78,C1160717052,658023.51,398125.41,0,0
345,CASH_OUT,78638.74,C1090433142,0.0,0.0,C424895287,1916797.16,1995435.9,0,0
345,PAYMENT,14037.17,C1882054660,78762.0,64724.83,M824847731,0.0,0.0,0,0
345,PAYMENT,6196.98,C441254079,2.0,0.0,M464846058,0.0,0.0,0,0
345,PAYMENT,1891.54,C1583673210,19542.0,17650.46,M134034070,0.0,0.0,0,0
345,PAYMENT,2874.6,C1241322357,20197.0,17322.4,M327996200,0.0,0.0,0,0
346,CASH_IN,110772.71,C1216332185,1217882.34,1328655.05,C422737272,708757.55,597984.85,0,0
346,CASH_IN,53374.59,C1260755968,32279.0,85653.59,C84289483,0.0,0.0,0,0
346,CASH_IN,13081.44,C818281302,10038181.33,10051262.77,C2075356874,381708.85,368627.41,0,0
346,PAYMENT,10526.14,C2038841554,51908.0,41381.86,M1662430854,0.0,0.0,0,0
346,CASH_OUT,38287.81,C1048521289,0.0,0.0,C1406869765,808520.39,846808.19,0,0
346,PAYMENT,876.06,C1984972320,0.0,0.0,M355094161,0.0,0.0,0,0
346,PAYMENT,3968.5,C769407519,0.0,0.0,M1422215180,0.0,0.0,0,0
346,CASH_OUT,114465.22,C1088097218,19518.0,0.0,C1974042518,256901.99,371367.21,0,0
346,CASH_IN,457848.62,C1823483204,359827.0,817675.62,C595982198,1821800.12,1363951.5,0,0
346,PAYMENT,5893.71,C153831246,31047.0,25153.29,M1618916125,0.0,0.0,0,0
346,CASH_OUT,18841.07,C1270785277,0.0,0.0,C1758674989,2764410.47,2783251.54,0,0
346,CASH_OUT,189631.66,C1113961767,7825.71,0.0,C2032635653,13776725.14,13966356.81,0,0
346,PAYMENT,10044.48,C2013081039,0.0,0.0,M772983435,0.0,0.0,0,0
346,CASH_OUT,257616.89,C472784324,24137.88,0.0,C573097287,2083663.73,2341280.62,0,0
346,PAYMENT,25835.1,C995406033,5991.0,0.0,M1694765991,0.0,0.0,0,0
346,CASH_OUT,138835.08,C73668249,0.0,0.0,C1476769750,390501.63,529336.71,0,0
346,CASH_IN,130020.57,C702939069,2160467.48,2290488.05,C1224353455,533213.1,403192.53,0,0
346,PAYMENT,5716.58,C1658761180,0.0,0.0,M1730743734,0.0,0.0,0,0
346,CASH_IN,194731.55,C997178641,1719092.36,1913823.91,C330930779,495084.88,300353.33,0,0
346,PAYMENT,2983.21,C74802549,22633.0,19649.79,M1587794887,0.0,0.0,0,0
346,CASH_IN,78543.57,C451338178,20040637.41,20119180.98,C1005506059,887401.0,808857.43,0,0
346,CASH_IN,234139.12,C1661221724,16179.0,250318.12,C587858696,0.0,0.0,0,0
346,PAYMENT,17495.54,C208724851,104743.0,87247.46,M340781704,0.0,0.0,0,0
346,TRANSFER,1770793.55,C1425555214,0.0,0.0,C1984618120,2319747.03,4090540.58,0,0
346,DEBIT,6577.5,C896260107,203822.0,197244.5,C986752946,171647.04,178224.54,0,0
346,CASH_OUT,180110.22,C2019788000,180110.22,0.0,C700536860,0.0,180110.22,1,0
346,PAYMENT,16579.56,C177030271,0.0,0.0,M1882692089,0.0,0.0,0,0
346,PAYMENT,38708.29,C398655904,0.0,0.0,M970880141,0.0,0.0,0,0
346,PAYMENT,33524.13,C1316651077,30514.0,0.0,M759011894,0.0,0.0,0,0
346,PAYMENT,14661.67,C1317680676,22369.0,7707.33,M309243463,0.0,0.0,0,0
347,PAYMENT,15210.71,C965599524,0.0,0.0,M10171675,0.0,0.0,0,0
347,CASH_OUT,153817.55,C1656928616,0.0,0.0,C1995102854,595681.1,749498.65,0,0
347,TRANSFER,1060965.05,C312453618,120275.57,0.0,C220760073,1676781.52,2737746.57,0,0
347,PAYMENT,9987.7,C1438284061,0.0,0.0,M406445229,0.0,0.0,0,0
347,PAYMENT,10981.95,C2006182703,0.0,0.0,M530469932,0.0,0.0,0,0
347,CASH_OUT,236051.42,C1080941565,51330.0,0.0,C831902744,149297.15,385348.57,0,0
347,CASH_OUT,877069.91,C1648536480,183848.0,0.0,C1522436226,98130.29,975200.2,0,0
347,CASH_OUT,20251.7,C162657350,0.0,0.0,C1713616433,213678.88,367049.18,0,0
347,PAYMENT,2768.96,C1726020855,0.0,0.0,M592814484,0.0,0.0,0,0
347,CASH_OUT,166427.93,C914915469,10924.0,0.0,C107122740,0.0,166427.93,0,0
347,TRANSFER,200032.33,C1165772983,0.0,0.0,C1246122768,1211975.15,1412007.48,0,0
347,CASH_IN,299118.42,C1757919849,143846.0,442964.42,C576964585,3265211.94,2966093.52,0,0
347,PAYMENT,63875.75,C308087317,195343.0,131467.25,M1493186753,0.0,0.0,0,0
347,CASH_OUT,343953.68,C644558948,0.0,0.0,C1843699635,1109715.98,1453669.66,0,0
347,PAYMENT,16289.84,C761846471,0.0,0.0,M1785011248,0.0,0.0,0,0
347,CASH_OUT,183050.21,C1198829266,0.0,0.0,C1666971510,248084.93,431135.14,0,0
347,CASH_OUT,153608.19,C1705064790,0.0,0.0,C1386744602,735187.6,888795.79,0,0
347,TRANSFER,3369840.79,C354274382,90421.0,0.0,C1081383567,275197.67,3645038.47,0,0
347,CASH_IN,172446.92,C827318473,3966290.3,4138737.22,C1789802951,2101287.88,1928840.97,0,0
347,CASH_OUT,467068.27,C460030068,0.0,0.0,C479710887,1458902.27,1925970.55,0,0
347,TRANSFER,196777.71,C851201647,1661.0,0.0,C1756409831,0.0,196777.71,0,0
347,CASH_OUT,385665.02,C223807353,11261.0,0.0,C590656428,585647.64,971312.66,0,0
347,CASH_IN,297657.1,C251370448,10863.0,308520.1,C853422043,325918.33,28261.23,0,0
347,CASH_IN,352961.52,C1861979119,873.0,353834.52,C1276865588,331788.38,0.0,0,0
347,CASH_OUT,84563.89,C2093626976,0.0,0.0,C1527097155,167281.92,251845.81,0,0
347,CASH_OUT,369530.75,C774229004,31416.0,0.0,C566954749,0.0,369530.75,0,0
347,PAYMENT,1121.06,C987836691,0.0,0.0,M2066043388,0.0,0.0,0,0
347,CASH_OUT,23227.44,C584203330,0.0,0.0,C421043180,4716093.66,4739321.1,0,0
347,CASH_IN,208071.23,C1419721577,1748060.32,1956131.55,C816250914,4993136.45,4785065.22,0,0
347,PAYMENT,24919.61,C1217272699,358.0,0.0,M146710737,0.0,0.0,0,0
347,CASH_OUT,179707.88,C1872464339,5615.0,0.0,C1880905893,1215631.66,1395339.54,0,0
347,TRANSFER,774922.15,C1922525624,16177.0,0.0,C473975778,0.0,774922.15,0,0
347,CASH_IN,357363.26,C223495785,1888263.4,2245626.67,C424584166,7718995.58,7361632.32,0,0
347,PAYMENT,11343.33,C34366807,50147.0,38803.67,M1539234337,0.0,0.0,0,0
347,CASH_OUT,440859.05,C1235459590,1973.0,0.0,C1160146350,5737877.95,6178737.0,0,0
347,CASH_IN,293000.33,C1202988817,70673.0,363673.33,C106580295,0.0,0.0,0,0
347,CASH_IN,43189.44,C1267782186,106376.0,149565.44,C1604326375,0.0,0.0,0,0
347,PAYMENT,38235.94,C520822078,21179.0,0.0,M550849935,0.0,0.0,0,0
348,PAYMENT,20905.71,C1034860870,224879.12,203973.41,M1386399790,0.0,0.0,0,0
348,CASH_OUT,64877.87,C2112796696,0.0,0.0,C456110452,749660.49,814538.36,0,0
348,PAYMENT,17700.13,C620891325,0.0,0.0,M1891036690,0.0,0.0,0,0
348,PAYMENT,31075.38,C1633609162,764.0,0.0,M211655528,0.0,0.0,0,0
348,PAYMENT,26825.31,C73497693,0.0,0.0,M881678714,0.0,0.0,0,0
348,PAYMENT,11739.58,C250455194,0.0,0.0,M25907128,0.0,0.0,0,0
348,CASH_OUT,68900.14,C638434900,0.0,0.0,C197062270,140322.22,209222.37,0,0
348,CASH_OUT,156507.36,C615013150,0.0,0.0,C1171393414,363737.01,520244.36,0,0
348,CASH_IN,362517.64,C1857770190,6831291.84,7193809.48,C578531991,5946862.76,5584345.12,0,0
348,CASH_IN,43725.65,C328965067,22150449.06,22194174.71,C1848088955,5961386.82,5917661.17,0,0
348,CASH_IN,24419.56,C520001653,4207812.6,4232232.16,C889554105,374580.76,622.89,0,0
348,CASH_OUT,384071.35,C1444533000,0.0,0.0,C362489536,2239867.04,2623938.39,0,0
348,PAYMENT,8158.76,C1554196828,50966.0,42807.24,M1660369694,0.0,0.0,0,0
348,TRANSFER,1060464.07,C1939346727,0.0,0.0,C1099924098,4693449.09,5753913.16,0,0
348,PAYMENT,14378.3,C1125880616,0.0,0.0,M1983797796,0.0,0.0,0,0
348,DEBIT,3335.35,C1528326112,0.0,0.0,C1558488754,443303.98,446639.33,0,0
348,CASH_IN,400808.26,C97814428,20743359.63,21144167.89,C2048531472,1181914.2,781105.94,0,0
348,CASH_IN,133159.09,C2005214766,26752800.64,26885959.73,C1934294473,331024.6,197865.51,0,0
348,CASH_IN,400786.07,C1670031555,17294326.62,17695112.69,C932567562,1344452.85,943666.78,0,0
348,CASH_IN,229359.59,C1416581157,51361.0,280720.59,C1752791175,119281.31,0.0,0,0
348,PAYMENT,36062.58,C1158876183,10102.0,0.0,M267309036,0.0,0.0,0,0
348,CASH_OUT,210160.84,C1723208136,0.0,0.0,C1729146739,27603877.13,27814037.97,0,0
348,TRANSFER,7445820.78,C1893971699,7445820.78,0.0,C520742045,0.0,0.0,1,0
348,CASH_OUT,195844.7,C1293019141,51126.0,0.0,C1823634195,126331.64,322176.34,0,0
348,TRANSFER,932546.76,C852409552,0.0,0.0,C636481592,1611171.98,2543718.74,0,0
348,CASH_OUT,210381.12,C1516859385,0.0,0.0,C862992866,878110.17,1088491.29,0,0
348,CASH_OUT,93683.5,C1715882187,20800.0,0.0,C1846064291,57321.09,151004.59,0,0
348,PAYMENT,30409.95,C880801104,21859.0,0.0,M1890930479,0.0,0.0,0,0
348,CASH_OUT,387615.1,C267225153,0.0,0.0,C1214305609,905902.58,1293517.68,0,0
348,CASH_IN,274201.0,C84379741,19216.0,293417.0,C2131944626,160767.94,0.0,0,0
348,CASH_IN,146420.24,C223733668,11547648.02,11694068.26,C907164630,1912268.64,1765848.4,0,0
348,PAYMENT,2516.72,C1737284903,0.0,0.0,M1169662436,0.0,0.0,0,0
348,CASH_IN,57382.13,C681058603,479860.0,537242.13,C427372836,141060.03,83677.9,0,0
348,CASH_OUT,624181.84,C16019720,48602.0,0.0,C1504894184,7211399.67,7835581.52,0,0
348,TRANSFER,904652.04,C317250074,332029.19,0.0,C1030935932,4696506.57,5601158.61,0,0
348,CASH_OUT,80524.56,C1004951913,0.0,0.0,C25556705,410127.54,490652.1,0,0
348,CASH_OUT,105114.36,C1735283852,0.0,0.0,C1409178708,289441.48,394555.84,0,0
348,CASH_OUT,73423.68,C710502827,61487.0,0.0,C858690844,0.0,73423.68,0,0
348,TRANSFER,678633.89,C2068831387,0.0,0.0,C1278446774,1317244.41,1995878.29,0,0
348,PAYMENT,7600.28,C2013160832,0.0,0.0,M1971486740,0.0,0.0,0,0
348,TRANSFER,19943.99,C1456225111,0.0,0.0,C469461487,132507.05,152451.03,0,0
348,CASH_OUT,617488.37,C675314557,41002.0,0.0,C1734557767,591354.13,1208842.5,0,0
348,CASH_OUT,414515.93,C595816533,7232.0,0.0,C1058253639,23944.58,438460.51,0,0
348,PAYMENT,5245.64,C1534672604,147538.38,142292.74,M1253683636,0.0,0.0,0,0
349,CASH_OUT,72505.54,C809948088,61615.0,0.0,C599497089,2979474.93,3051980.48,0,0
349,TRANSFER,1066633.62,C924407532,71614.0,0.0,C320002796,6153.03,1072786.65,0,0
349,PAYMENT,29015.07,C1831469027,94205.0,65189.93,M1224984326,0.0,0.0,0,0
349,CASH_IN,296411.34,C307159071,1427291.21,1723702.55,C1039953024,2874545.6,2578134.26,0,0
349,TRANSFER,474590.59,C775531807,29799.0,0.0,C49307915,1094764.76,1569355.35,0,0
349,CASH_OUT,326009.65,C1744722395,4066.0,0.0,C1798591190,0.0,326009.65,0,0
349,PAYMENT,10413.4,C564572067,0.0,0.0,M1298840752,0.0,0.0,0,0
349,CASH_OUT,104977.63,C616277551,0.0,0.0,C1958598801,9249521.69,9354499.31,0,0
349,CASH_OUT,276806.94,C75862303,0.0,0.0,C225771754,1821836.82,2098643.76,0,0
349,PAYMENT,8167.57,C2074163646,319271.83,311104.25,M1770517195,0.0,0.0,0,0
349,CASH_OUT,469616.19,C867864441,0.0,0.0,C1018583983,1880004.48,2349620.67,0,0
349,CASH_OUT,154732.31,C313770804,0.0,0.0,C3973051,534875.8,689608.11,0,0
349,TRANSFER,98736.52,C1777704750,98736.52,0.0,C1874416454,0.0,0.0,1,0
349,CASH_OUT,30128.71,C362543644,0.0,0.0,C1932244769,1235141.38,1265270.09,0,0
349,PAYMENT,12879.21,C111394033,164891.54,152012.34,M1748412420,0.0,0.0,0,0
349,CASH_OUT,86852.59,C28781937,17079.0,0.0,C1318404667,0.0,86852.59,0,0
349,CASH_IN,633460.87,C38195547,325485.51,958946.38,C717552851,661233.61,27772.74,0,0
349,CASH_OUT,12508.84,C2007255469,0.0,0.0,C1680863366,104676.62,117185.46,0,0
349,CASH_IN,140420.56,C486621776,9242670.3,9383090.86,C1607305408,211839.88,71419.32,0,0
349,CASH_OUT,206187.46,C2141553014,24447.0,0.0,C1446488935,251228.68,457416.13,0,0
349,CASH_OUT,48935.36,C157682740,0.0,0.0,C565002042,1414146.01,1463081.37,0,0
349,PAYMENT,16044.05,C385499656,0.0,0.0,M944642044,0.0,0.0,0,0
349,PAYMENT,1257.96,C1656395399,341997.66,340739.71,M1335129939,0.0,0.0,0,0
349,CASH_IN,187916.63,C1122779604,301.0,188217.63,C966710610,840062.14,652145.51,0,0
349,PAYMENT,20398.15,C16404544,0.0,0.0,M1635621270,0.0,0.0,0,0
349,TRANSFER,378667.03,C885460191,0.0,0.0,C11418214,3455749.66,3834416.69,0,0
349,CASH_OUT,321256.68,C700781531,20818.0,0.0,C164063461,343912.46,665169.14,0,0
349,CASH_OUT,483519.86,C402870693,25703.0,0.0,C607522482,0.0,483519.86,0,0
349,CASH_IN,178496.38,C917177105,6406479.27,6584975.65,C1907844319,2905327.15,2726830.77,0,0
349,CASH_OUT,108789.13,C121404817,66788.0,0.0,C1434343191,0.0,108789.13,0,0
349,TRANSFER,17729.51,C1457214957,0.0,0.0,C1319464945,376739.29,394468.8,0,0
349,CASH_IN,369283.11,C1899226078,201506.0,570789.11,C1451634144,701682.5,332399.4,0,0
349,CASH_IN,388376.77,C1868873186,9202759.63,9591136.41,C767495554,14583766.14,14195389.37,0,0
349,CASH_IN,161445.01,C466300719,1833353.53,1994798.54,C1914490548,170244.09,8799.08,0,0
349,CASH_OUT,366217.98,C27504246,0.0,0.0,C1114569283,1062724.72,1428942.69,0,0
349,PAYMENT,33326.06,C592331539,20902.0,0.0,M1542421020,0.0,0.0,0,0
349,CASH_OUT,203560.09,C873913796,0.0,0.0,C530206956,700439.87,903999.97,0,0
349,CASH_OUT,84189.03,C1781184154,0.0,0.0,C48687709,707399.54,791588.57,0,0
349,PAYMENT,2851.51,C1308783715,0.0,0.0,M1388675639,0.0,0.0,0,0
349,PAYMENT,2545.24,C1199862366,0.0,0.0,M1558324432,0.0,0.0,0,0
349,CASH_IN,38241.17,C1443730005,0.0,38241.17,C388873964,49543762.76,49505521.59,0,0
349,CASH_IN,230713.67,C1796808303,956028.42,1186742.09,C89795430,4452679.6,4221965.93,0,0
349,CASH_OUT,108214.05,C464850934,26577.0,0.0,C277572713,78427.12,186641.17,0,0
349,PAYMENT,6596.74,C1137746299,179306.6,172709.87,M1431979066,0.0,0.0,0,0
349,PAYMENT,14888.12,C1282753620,11648.0,0.0,M1123799573,0.0,0.0,0,0
350,CASH_IN,212453.73,C35450932,63509.0,275962.73,C1739103970,225758.9,13305.17,0,0
350,CASH_OUT,217913.73,C409957034,0.0,0.0,C463327265,477513.53,695427.26,0,0
350,CASH_IN,77251.17,C835587726,5398369.13,5475620.3,C1467026661,112604.46,35353.29,0,0
350,TRANSFER,731246.07,C1360469634,474.0,0.0,C489451669,0.0,731246.07,0,0
350,CASH_OUT,358340.91,C180395584,21392.0,0.0,C496730842,269074.91,627415.82,0,0
350,CASH_OUT,204462.32,C675152051,102414.0,0.0,C634083695,723168.12,927630.44,0,0
350,CASH_IN,507717.18,C695586555,632.0,508349.18,C540329143,0.0,0.0,0,0
350,CASH_OUT,209132.43,C495168272,0.0,0.0,C617829989,3478035.09,3687167.52,0,0
350,PAYMENT,550.23,C1054180330,0.0,0.0,M333997490,0.0,0.0,0,0
350,PAYMENT,13113.98,C860355409,0.0,0.0,M2037501991,0.0,0.0,0,0
350,CASH_IN,353195.85,C1771861907,1521.0,354716.85,C894188429,395098.02,41902.17,0,0
350,CASH_OUT,78302.46,C1289954223,0.0,0.0,C1018996889,220877.13,299179.59,0,0
350,PAYMENT,5845.82,C1633255327,11834.0,5988.18,M286154115,0.0,0.0,0,0
350,CASH_IN,461138.73,C1825982728,1150626.07,1611764.8,C424432063,1344173.22,883034.48,0,0
350,PAYMENT,21607.35,C496301684,0.0,0.0,M1880865967,0.0,0.0,0,0
350,TRANSFER,908919.86,C244523044,40.0,0.0,C2098773564,178702.78,856302.16,0,0
350,TRANSFER,172572.74,C1985483410,10739.87,0.0,C786746625,1843315.96,2015888.7,0,0
350,CASH_IN,79796.05,C1904072224,23621406.15,23701202.2,C619959544,1694943.11,1615147.05,0,0
350,CASH_OUT,82676.48,C559333828,42630.0,0.0,C575399998,0.0,82676.48,0,0
350,PAYMENT,10632.38,C1655859542,49408.0,38775.62,M1468179387,0.0,0.0,0,0
350,PAYMENT,3885.96,C1242188586,33588.48,29702.52,M534668974,0.0,0.0,0,0
350,TRANSFER,1027245.68,C1614603464,0.0,0.0,C191378071,1567136.81,2594382.49,0,0
350,CASH_IN,55581.38,C971920478,4425409.55,4480990.93,C2144641711,136056.68,80475.3,0,0
350,PAYMENT,17454.49,C469700593,33248.0,15793.51,M634983889,0.0,0.0,0,0
350,CASH_OUT,166658.88,C1167526873,0.0,0.0,C1017025040,978164.99,1144823.87,0,0
350,TRANSFER,8631309.81,C1517538553,0.0,0.0,C253623001,54709439.91,63340749.72,0,0
350,CASH_OUT,82331.35,C469324753,25798.0,0.0,C709517480,14039.94,96371.29,0,0
350,CASH_OUT,129843.49,C1131689025,59313.0,0.0,C507700113,0.0,129843.49,0,0
350,CASH_OUT,127947.62,C188295445,262.0,0.0,C988370269,289472.44,417420.06,0,0
350,CASH_OUT,13227.56,C889599474,0.0,0.0,C243630377,46048.68,59276.24,0,0
350,CASH_IN,18136.0,C1254122765,104012.0,122148.0,C1210265658,0.0,0.0,0,0
350,PAYMENT,24933.64,C1585713425,88663.65,63730.01,M844544025,0.0,0.0,0,0
350,CASH_IN,264416.42,C626414041,3475956.67,3740373.09,C873823535,890917.86,626501.44,0,0
350,CASH_IN,63961.88,C1365979521,7939374.29,8003336.17,C260111376,70955.7,6993.82,0,0
350,PAYMENT,18717.51,C1954903163,10792.0,0.0,M2120698888,0.0,0.0,0,0
350,PAYMENT,3811.59,C1340756140,2661.0,0.0,M765794341,0.0,0.0,0,0
350,CASH_IN,244818.99,C988777909,630.0,245448.99,C437656486,0.0,0.0,0,0
350,CASH_OUT,290096.69,C1271555274,0.0,0.0,C1805791089,1094484.64,1384581.33,0,0
350,CASH_OUT,3397.22,C2011728185,14752.0,11354.78,C1999387850,3402.43,6799.65,0,0
350,CASH_OUT,25657.37,C587679600,0.0,0.0,C296770990,115314.9,140972.27,0,0
350,CASH_OUT,218169.28,C1778415824,0.0,0.0,C1688923359,11056570.1,11274739.38,0,0
350,TRANSFER,99757.45,C753580897,0.0,0.0,C447716574,7956125.52,8055882.98,0,0
350,CASH_OUT,62661.51,C2008926321,14687.0,0.0,C289929264,1712325.99,1774987.49,0,0
350,PAYMENT,4454.47,C1095149366,86570.0,82115.53,M1276314176,0.0,0.0,0,0
350,CASH_OUT,167034.79,C859648961,0.0,0.0,C990071839,1478557.47,1645592.25,0,0
350,CASH_IN,178406.56,C933275988,2662624.02,2841030.59,C477510998,263649.73,85243.17,0,0
350,CASH_IN,108926.2,C914811054,6241838.68,6350764.88,C2094917327,343886.47,234960.26,0,0
351,PAYMENT,13054.08,C246384393,11141.0,0.0,M1375061481,0.0,0.0,0,0
351,PAYMENT,31723.46,C465705536,179230.91,147507.44,M909910803,0.0,0.0,0,0
351,CASH_IN,130984.36,C294720048,364429.75,495414.11,C1256289409,400109.34,163910.69,0,0
351,CASH_OUT,90039.12,C1879928664,0.0,0.0,C1592687559,2345508.85,2435547.97,0,0
351,CASH_IN,154406.95,C1561219397,6343.0,160749.95,C389341179,140119.42,0.0,0,0
351,CASH_IN,412861.43,C1193778138,9898.0,422759.43,C1559169295,0.0,0.0,0,0
351,CASH_IN,467910.87,C1927344893,139520.0,607430.87,C144597250,0.0,0.0,0,0
351,CASH_OUT,282702.28,C506985304,14252.0,0.0,C1641916706,2315085.38,2597787.65,0,0
351,PAYMENT,1455.81,C170886264,282204.86,280749.05,M931015434,0.0,0.0,0,0
351,CASH_IN,32938.69,C466441716,121848.0,154786.69,C1724169215,3438998.72,3406060.03,0,0
351,CASH_OUT,324779.39,C399657104,0.0,0.0,C425995100,491395.78,816175.17,0,0
351,CASH_IN,279594.45,C644384592,131617.0,411211.45,C990090487,0.0,0.0,0,0
351,PAYMENT,19577.58,C1135727018,330.0,0.0,M1516298733,0.0,0.0,0,0
351,TRANSFER,329404.0,C1023530412,598.0,0.0,C647134853,0.0,329404.0,0,0
351,TRANSFER,478646.22,C1128791968,282592.0,0.0,C1161905686,2103435.13,2582081.35,0,0
351,PAYMENT,22333.49,C1956499406,487549.78,465216.28,M1717124593,0.0,0.0,0,0
351,CASH_IN,211500.33,C1287411573,8454340.27,8665840.61,C756324419,1934911.86,1723411.53,0,0
351,PAYMENT,11177.6,C641605693,0.0,0.0,M1334335173,0.0,0.0,0,0
351,TRANSFER,640445.0,C1727110983,98484.55,0.0,C1983013614,6316230.28,6956675.28,0,0
351,PAYMENT,17846.03,C878915165,300328.88,282482.85,M128102982,0.0,0.0,0,0
351,PAYMENT,24051.66,C2071191648,0.0,0.0,M646913016,0.0,0.0,0,0
351,CASH_OUT,165442.3,C149064408,0.0,0.0,C502919009,531099.94,696542.24,0,0
351,CASH_OUT,31242.9,C1199071132,33006.0,1763.1,C3704045,0.0,31242.9,0,0
351,PAYMENT,5249.57,C1526174937,0.0,0.0,M1543067773,0.0,0.0,0,0
351,PAYMENT,12215.84,C641488605,121966.0,109750.16,M1361428055,0.0,0.0,0,0
351,CASH_IN,74729.18,C1385918918,4529150.02,4603879.2,C1163519620,5097183.33,5022454.15,0,0
351,PAYMENT,20756.66,C594304162,0.0,0.0,M381867501,0.0,0.0,0,0
351,CASH_OUT,21934.71,C1248204882,30323.0,8388.29,C424383165,0.0,21934.71,0,0
351,CASH_OUT,471357.62,C1963885152,1723.0,0.0,C1521370553,1141404.45,1612762.07,0,0
351,CASH_IN,83502.34,C410924669,898814.07,982316.41,C695464479,84241.05,738.7,0,0
351,CASH_OUT,65525.53,C521579724,422010.27,356484.74,C781082391,1190160.78,1255686.31,0,0
351,CASH_IN,61379.7,C1747429055,4919595.12,4980974.82,C128717149,844168.44,782788.74,0,0
351,PAYMENT,16113.21,C1774820036,143493.0,127379.79,M366300771,0.0,0.0,0,0
351,CASH_OUT,137183.1,C2083333718,1366.0,0.0,C324048215,934850.87,1072033.98,0,0
351,PAYMENT,13627.54,C2004766943,0.0,0.0,M1113614901,0.0,0.0,0,0
351,PAYMENT,12791.7,C1005795990,10964.0,0.0,M316637410,0.0,0.0,0,0
351,PAYMENT,9745.19,C2005777499,242.0,0.0,M1515724742,0.0,0.0,0,0
351,CASH_OUT,200005.22,C761382456,0.0,0.0,C1542230216,263130.39,463135.61,0,0
351,PAYMENT,7487.33,C887808815,65248.0,57760.67,M36801781,0.0,0.0,0,0
351,CASH_IN,308918.89,C492073989,148083.0,457001.89,C1813024524,62296.02,0.0,0,0
351,TRANSFER,225427.62,C1274116115,183087.0,0.0,C379862527,0.0,225427.62,0,0
351,PAYMENT,12131.74,C544150055,0.0,0.0,M1939254529,0.0,0.0,0,0
351,CASH_OUT,87563.48,C728573700,302730.0,215166.52,C1849580764,8133.45,95696.93,0,0
351,CASH_IN,92569.83,C1902299778,4255605.49,4348175.32,C737329673,262835.27,170265.43,0,0
352,CASH_OUT,222778.99,C1894886576,354103.18,131324.19,C1419712463,490559.35,713338.35,0,0
352,CASH_OUT,218969.86,C233497828,37326.0,0.0,C1466382866,58461.62,277431.48,0,0
352,CASH_OUT,130469.5,C1340100995,92689.0,0.0,C404750085,92468.57,222938.07,0,0
352,PAYMENT,13171.8,C1673265455,804.0,0.0,M767596105,0.0,0.0,0,0
352,PAYMENT,18487.02,C174946838,306821.5,288334.47,M1193491429,0.0,0.0,0,0
352,CASH_OUT,234219.8,C944055357,19839.0,0.0,C297410695,320175.16,554394.96,0,0
352,CASH_OUT,3898.06,C1187076953,20079.0,16180.94,C1152542570,0.0,3898.06,0,0
352,PAYMENT,21243.47,C616544267,0.0,0.0,M1459495973,0.0,0.0,0,0
352,PAYMENT,14443.94,C834559283,10190.0,0.0,M1786412159,0.0,0.0,0,0
352,PAYMENT,18013.6,C452373981,0.0,0.0,M1242787377,0.0,0.0,0,0
352,PAYMENT,22981.42,C343595968,30816.0,7834.58,M108440793,0.0,0.0,0,0
352,PAYMENT,12370.43,C650082648,410.0,0.0,M1023544843,0.0,0.0,0,0
352,CASH_OUT,101809.77,C65158892,0.0,0.0,C1864456802,4604598.35,4706408.13,0,0
352,CASH_OUT,328914.92,C680299313,20304.0,0.0,C1680466547,0.0,328914.92,0,0
352,PAYMENT,17622.59,C1051017315,10402.0,0.0,M916704658,0.0,0.0,0,0
352,TRANSFER,1201552.91,C1130532524,53245.0,0.0,C1423057057,0.0,1201552.91,0,0
352,CASH_OUT,62709.28,C1391911098,0.0,0.0,C681419196,8582041.48,8644750.76,0,0
352,CASH_IN,287026.36,C1645912337,921401.0,1208427.36,C2102840165,238021.94,0.0,0,0
352,CASH_OUT,81844.88,C1588544411,0.0,0.0,C1792173634,904060.07,985904.95,0,0
352,PAYMENT,11454.84,C1226821865,0.0,0.0,M2051637020,0.0,0.0,0,0
352,CASH_OUT,275121.0,C2033700212,657987.87,382866.88,C887739284,1304649.55,1579770.54,0,0
352,CASH_IN,320698.39,C172556560,3192518.81,3513217.2,C1711595359,1044368.88,723670.49,0,0
352,CASH_IN,33344.98,C1717141101,6996088.34,7029433.32,C775503755,1239408.51,1206063.53,0,0
352,CASH_OUT,259459.41,C6843272,0.0,0.0,C432352923,2388019.28,2647478.69,0,0
352,CASH_OUT,200745.06,C1946249119,0.0,0.0,C203571617,389554.38,590299.44,0,0
352,CASH_IN,132200.88,C400542704,871729.26,1003930.14,C280583711,1329733.49,1197532.61,0,0
352,CASH_OUT,391045.68,C1585882004,810568.0,419522.32,C159331009,0.0,391045.68,0,0
352,PAYMENT,5492.39,C885708037,32018.0,26525.61,M1025408241,0.0,0.0,0,0
352,PAYMENT,8825.72,C999855176,63528.0,54702.28,M1477781391,0.0,0.0,0,0
352,CASH_OUT,487736.04,C566398734,0.0,0.0,C2036347556,672524.64,1160260.68,0,0
352,CASH_OUT,36095.19,C823542449,579.0,0.0,C2101891775,346126.62,382221.81,0,0
352,CASH_OUT,159713.04,C1600493505,0.0,0.0,C489728558,2392383.83,2552096.87,0,0
352,CASH_OUT,19006.51,C766920310,5587.0,0.0,C304150424,2637140.29,2656146.79,0,0
352,PAYMENT,24920.8,C1204721935,11637.0,0.0,M689332092,0.0,0.0,0,0
352,CASH_OUT,100955.75,C1223774407,11559.0,0.0,C1225902340,0.0,100955.75,0,0
352,PAYMENT,2110.26,C89336627,5554.0,3443.74,M617577266,0.0,0.0,0,0
352,CASH_OUT,48522.65,C1618622617,14527.0,0.0,C1829222762,678286.75,726809.4,0,0
352,TRANSFER,470577.64,C1063840264,4308.0,0.0,C616660136,281708.95,752286.59,0,0
352,PAYMENT,14652.76,C759222661,469085.56,454432.8,M1110265829,0.0,0.0,0,0
352,PAYMENT,35653.63,C1493651885,852.0,0.0,M676625983,0.0,0.0,0,0
352,CASH_OUT,174434.27,C496832947,11576.0,0.0,C1866133898,0.0,174434.27,0,0
352,CASH_IN,575169.11,C1066692642,32918.0,608087.11,C616772174,3922.4,0.0,0,0
352,CASH_IN,83069.72,C278532624,4441712.14,4524781.86,C319415334,1124502.94,1041433.22,0,0
352,PAYMENT,25883.54,C1924402771,1613.0,0.0,M420476714,0.0,0.0,0,0
352,PAYMENT,41617.63,C271715420,0.0,0.0,M766149117,0.0,0.0,0,0
352,CASH_OUT,120421.64,C549581180,0.0,0.0,C575355136,13652308.46,13772730.1,0,0
352,PAYMENT,30738.99,C608539518,0.0,0.0,M1109342666,0.0,0.0,0,0
352,TRANSFER,662890.9,C807655032,0.0,0.0,C1294720544,772950.1,1435841.0,0,0
352,CASH_OUT,369392.8,C1000497106,0.0,0.0,C1197622076,11138425.08,11507817.88,0,0
353,PAYMENT,579.4,C1519458041,91059.05,90479.65,M76017383,0.0,0.0,0,0
353,PAYMENT,14812.06,C1693588510,0.0,0.0,M1097647495,0.0,0.0,0,0
353,CASH_IN,60130.81,C894552921,163.0,60293.81,C935336471,0.0,0.0,0,0
353,CASH_OUT,47018.4,C52799163,120613.0,73594.6,C240655653,49801.12,96819.52,0,0
353,CASH_IN,129169.41,C97797967,82562.0,211731.41,C1442103857,3810.6,0.0,0,0
353,CASH_OUT,334945.76,C1322974999,0.0,0.0,C1995716570,3203049.94,3537995.7,0,0
353,PAYMENT,35500.49,C1409061812,0.0,0.0,M806454175,0.0,0.0,0,0
353,CASH_OUT,12709.86,C1773144772,13951.0,1241.14,C2035225037,1706791.13,1719500.99,0,0
353,CASH_OUT,117050.68,C1463046230,0.0,0.0,C2008943962,717700.25,834750.93,0,0
353,PAYMENT,18091.06,C913562571,826039.0,807947.94,M662717146,0.0,0.0,0,0
353,CASH_IN,333762.8,C347526205,463.0,334225.8,C98671207,4692394.53,4358631.73,0,0
353,CASH_OUT,70789.65,C657684803,62989.0,0.0,C1830094114,0.0,70789.65,0,0
353,CASH_IN,199372.7,C245789251,256025.39,455398.09,C813505718,303481.75,104109.06,0,0
353,CASH_IN,203862.24,C2025846720,3132516.43,3336378.67,C115338155,306213.52,102351.28,0,0
353,CASH_IN,406906.4,C1364091031,515.0,407421.4,C1464404988,0.0,0.0,0,0
353,PAYMENT,6714.7,C107939503,0.0,0.0,M2059875635,0.0,0.0,0,0
353,CASH_IN,82901.79,C1525071010,7853176.79,7936078.58,C1163373826,158192.33,75290.54,0,0
353,CASH_OUT,291260.93,C534581893,0.0,0.0,C1629006028,8213429.76,8504690.7,0,0
353,CASH_IN,13221.56,C11810135,598676.0,611897.56,C2081490371,1952693.12,1939471.56,0,0
353,CASH_IN,326961.77,C1537362474,209386.94,536348.71,C236686256,5347330.94,5020369.17,0,0
353,CASH_IN,99047.65,C1830297263,14101787.41,14200835.07,C1291247888,403883.23,304835.58,0,0
353,CASH_OUT,133790.71,C379562363,0.0,0.0,C1461081892,3114817.02,3248607.73,0,0
353,PAYMENT,12658.11,C588096688,20974.0,8315.89,M2077243900,0.0,0.0,0,0
353,PAYMENT,8749.46,C569881534,60143.35,51393.89,M117700372,0.0,0.0,0,0
353,PAYMENT,23727.59,C728662376,10220.0,0.0,M100744669,0.0,0.0,0,0
353,CASH_OUT,52374.08,C2045221848,37635.0,0.0,C1110442693,227019.1,279393.18,0,0
353,CASH_OUT,195837.5,C818923287,0.0,0.0,C1689609980,6820387.15,7016224.65,0,0
353,TRANSFER,737294.49,C1856932074,0.0,0.0,C605315207,1633126.41,2370420.9,0,0
353,CASH_OUT,89378.28,C1602191595,373294.0,283915.72,C575479991,500684.22,590062.5,0,0
353,CASH_IN,163867.6,C95893252,3160463.72,3324331.32,C1096311108,861169.37,697301.77,0,0
353,TRANSFER,2142982.0,C1242126786,6039.0,0.0,C1754653847,546603.89,2689585.89,0,0
353,CASH_OUT,148006.59,C349469492,16137.0,0.0,C1483928781,53305.84,201312.43,0,0
353,CASH_IN,145956.34,C1833456447,12341428.08,12487384.42,C1123150157,2501373.32,2355416.97,0,0
353,CASH_OUT,434921.87,C2030380738,232374.0,0.0,C1261395064,1506638.77,1941560.64,0,0
353,CASH_OUT,43278.41,C410436130,0.0,0.0,C787684551,2183676.17,2226954.58,0,0
353,PAYMENT,11722.76,C1722260640,0.0,0.0,M1396079559,0.0,0.0,0,0
353,CASH_OUT,114525.79,C1123621619,8073.0,0.0,C1199530885,271130.13,385655.92,0,0
354,PAYMENT,4896.97,C1342116111,165404.8,160507.83,M709326672,0.0,0.0,0,0
354,PAYMENT,5102.94,C729622802,0.0,0.0,M2099018721,0.0,0.0,0,0
354,CASH_OUT,39715.8,C347194744,0.0,0.0,C1482510732,75539.66,115255.45,0,0
354,CASH_OUT,298884.98,C1943364798,0.0,0.0,C634772285,553139.88,852024.86,0,0
354,CASH_OUT,141483.88,C459069871,0.0,0.0,C958850204,501168.65,642652.53,0,0
354,CASH_IN,239293.64,C1564481062,132630.0,371923.64,C589195773,0.0,0.0,0,0
354,CASH_OUT,166660.32,C1702011031,16575.41,0.0,C153896098,10464726.78,10631387.1,0,0
354,CASH_IN,145664.6,C404503874,67129.0,212793.6,C367443361,0.0,0.0,0,0
354,CASH_OUT,310673.99,C911513163,50207.0,0.0,C850686718,0.0,310673.99,0,0
354,PAYMENT,15871.49,C377877499,529.0,0.0,M370149157,0.0,0.0,0,0
354,CASH_OUT,179970.94,C2142078777,83.0,0.0,C1651213146,1719866.63,1899837.58,0,0
354,PAYMENT,9029.02,C1406527217,51240.0,42210.98,M1324342306,0.0,0.0,0,0
354,TRANSFER,339238.18,C504059374,134114.0,0.0,C1017956926,646254.92,985493.1,0,0
354,PAYMENT,923.82,C70106499,0.0,0.0,M1686580989,0.0,0.0,0,0
354,CASH_IN,174459.76,C1346530288,109244.0,283703.76,C690944533,0.0,0.0,0,0
354,CASH_OUT,170772.67,C591959517,12057.0,0.0,C1919677501,109690.6,280463.27,0,0
354,CASH_OUT,310962.01,C560731796,10881.0,0.0,C1049773680,134148.23,445110.24,0,0
354,CASH_OUT,204859.34,C1856952706,51685.0,0.0,C1752163789,3518054.47,3722913.81,0,0
354,CASH_OUT,461895.99,C2031390685,50224.0,0.0,C2251955,638894.73,1100790.73,0,0
354,TRANSFER,1000810.05,C988658682,0.0,0.0,C713636104,3585614.79,4586424.85,0,0
354,CASH_OUT,208295.36,C1752608783,31240.0,0.0,C1094748432,120585.74,328881.1,0,0
354,PAYMENT,15770.58,C2105929576,6919.0,0.0,M1800663327,0.0,0.0,0,0
354,CASH_IN,193449.47,C332088127,11541.0,204990.47,C1713025443,258526.05,65076.57,0,0
354,TRANSFER,1829474.85,C633243200,0.0,0.0,C1450780125,3006461.84,4835936.7,0,0
354,CASH_OUT,35935.3,C884543684,0.0,0.0,C1332866733,2740489.77,2776425.07,0,0
354,CASH_OUT,106526.07,C211679545,2033.0,0.0,C125785490,2104433.78,2210959.85,0,0
354,CASH_IN,31632.47,C2115880349,114.0,31746.47,C509062363,14877.58,0.0,0,0
354,PAYMENT,1764.0,C1377062577,70144.0,68380.0,M952600921,0.0,0.0,0,0
354,CASH_OUT,68004.25,C1597086223,0.0,0.0,C628514400,251636.52,319640.77,0,0
354,CASH_OUT,43852.53,C1104348518,0.0,0.0,C2037796160,353098.94,396951.47,0,0
354,CASH_OUT,26009.32,C576782042,0.0,0.0,C677642077,455911.18,481920.5,0,0
354,PAYMENT,6271.89,C1665780355,0.0,0.0,M1269682744,0.0,0.0,0,0
354,PAYMENT,21461.12,C1961191428,0.0,0.0,M1048505072,0.0,0.0,0,0
354,CASH_OUT,42490.32,C1943239871,0.0,0.0,C622875990,332920.33,375410.65,0,0
354,CASH_OUT,132495.55,C738350462,564.0,0.0,C491151140,427509.41,560004.97,0,0
354,CASH_IN,17012.68,C1110574416,50973.0,67985.68,C1195307057,0.0,0.0,0,0
354,CASH_IN,345212.31,C1888464071,72835.0,418047.31,C667970654,2989724.18,2644511.87,0,0
354,PAYMENT,18733.72,C1887760255,0.0,0.0,M285111422,0.0,0.0,0,0
354,TRANSFER,2119767.08,C928138960,0.0,0.0,C812350277,3052493.26,5172260.34,0,0
354,CASH_OUT,333138.25,C633549929,65393.0,0.0,C899376458,87833.13,420971.39,0,0
354,CASH_OUT,437383.89,C1667934790,9845.0,0.0,C1818358649,52172.85,489556.73,0,0
354,CASH_OUT,39413.96,C1827286491,0.0,0.0,C432682656,4638465.54,4677879.5,0,0
354,CASH_OUT,31476.43,C699388996,257728.0,226251.57,C1500998589,4806996.02,4838472.45,0,0
354,CASH_OUT,79194.19,C124240208,0.0,0.0,C440655650,243683.18,322877.38,0,0
354,CASH_OUT,275139.86,C534423574,526.0,0.0,C461320164,0.0,275139.86,0,0
354,PAYMENT,8402.75,C213576935,18241.38,9838.63,M1957785340,0.0,0.0,0,0
354,CASH_OUT,142777.84,C1596859138,108364.0,0.0,C1859029128,333505.57,476283.41,0,0
354,CASH_IN,96382.67,C1339117473,460674.0,557056.67,C391120897,0.0,0.0,0,0
354,CASH_IN,535101.26,C1688804265,2725.0,537826.26,C1605893734,0.0,0.0,0,0
354,PAYMENT,29760.6,C1282943627,0.0,0.0,M314640506,0.0,0.0,0,0
354,CASH_IN,44848.27,C1582390742,258666.0,303514.27,C151407027,318413.47,273565.2,0,0
354,TRANSFER,1076429.48,C733640340,0.0,0.0,C466754972,5103423.86,6179853.34,0,0
354,PAYMENT,8926.62,C397620681,49885.0,40958.38,M40174071,0.0,0.0,0,0
354,CASH_IN,24743.01,C1266910515,73089.0,97832.01,C54494586,124493.12,99750.11,0,0
355,PAYMENT,844.98,C485476595,514.0,0.0,M199012599,0.0,0.0,0,0
355,CASH_OUT,93684.44,C1530243188,71187.0,0.0,C1115809597,62749.42,156433.87,0,0
355,PAYMENT,22653.92,C156903100,11917.0,0.0,M899212126,0.0,0.0,0,0
355,CASH_OUT,384989.53,C461585366,107184.0,0.0,C1655373303,0.0,384989.53,0,0
355,TRANSFER,118973.93,C67117005,127161.0,8187.07,C1793105660,3618480.5,3737454.43,0,0
355,CASH_OUT,435571.74,C1641570549,30511.0,0.0,C1474479063,0.0,435571.74,0,0
355,CASH_IN,83907.6,C1775121357,3854208.81,3938116.41,C61693037,133326.17,49418.56,0,0
355,PAYMENT,8879.15,C433869122,1331.0,0.0,M730263910,0.0,0.0,0,0
355,CASH_OUT,87068.49,C564993186,50367.62,0.0,C1459968793,167685.09,254753.58,0,0
355,PAYMENT,12346.42,C1460486033,232633.75,220287.33,M958666791,0.0,0.0,0,0
355,PAYMENT,18322.59,C532221627,152257.46,133934.87,M1037557399,0.0,0.0,0,0
355,CASH_OUT,204411.47,C628901263,2016.0,0.0,C817088686,0.0,204411.47,0,0
355,PAYMENT,6639.45,C58456158,0.0,0.0,M334963130,0.0,0.0,0,0
355,CASH_IN,113050.0,C76419642,5449117.08,5562167.08,C279192443,2690917.33,2577867.33,0,0
355,CASH_IN,199132.41,C34863221,6345360.59,6544493.0,C309077182,1049207.58,850075.18,0,0
355,CASH_IN,35340.76,C132245006,2451501.28,2486842.03,C1973065432,4457208.16,4421867.4,0,0
355,CASH_IN,146686.92,C1107087828,14681.0,161367.92,C703821101,0.0,0.0,0,0
355,CASH_OUT,231432.57,C1036110919,102496.05,0.0,C1532692628,608277.43,839710.0,0,0
355,PAYMENT,3202.15,C556632442,0.0,0.0,M24237438,0.0,0.0,0,0
355,PAYMENT,1128.05,C1580066793,62065.0,60936.95,M1570391103,0.0,0.0,0,0
355,PAYMENT,677.31,C2107803083,5211.0,4533.69,M184978927,0.0,0.0,0,0
355,DEBIT,2416.23,C455853371,200557.0,198140.77,C1666071369,308758.53,311174.75,0,0
355,CASH_OUT,87123.08,C562244114,100926.0,13802.92,C1728631050,0.0,87123.08,0,0
355,CASH_OUT,120929.42,C1198591120,57972.67,0.0,C225169790,310586.19,431515.61,0,0
355,TRANSFER,44942.72,C1185623129,0.0,0.0,C1761466234,1111858.01,1156800.72,0,0
355,CASH_IN,33376.74,C1220627188,18214062.04,18247438.78,C947413109,9576976.37,9543599.63,0,0
355,CASH_IN,71212.83,C676336288,18247438.78,18318651.61,C710528547,641461.89,390277.68,0,0
355,CASH_IN,273731.17,C789451265,1880298.34,2154029.51,C1034929799,1493616.33,1219885.16,0,0
355,CASH_IN,101481.62,C54669168,5286146.23,5387627.86,C1072956803,906691.18,805209.56,0,0
355,CASH_OUT,213226.58,C255260496,0.0,0.0,C1611945023,662512.07,875738.65,0,0
355,CASH_OUT,37942.41,C810091500,20829.0,0.0,C2004214367,0.0,37942.41,0,0
355,CASH_OUT,120285.43,C329460479,0.0,0.0,C92868048,387261.91,507547.34,0,0
355,CASH_OUT,175947.08,C645186798,0.0,0.0,C1834834840,2145667.97,2321615.05,0,0
355,PAYMENT,7594.45,C1211661236,467749.93,460155.48,M1539134391,0.0,0.0,0,0
355,PAYMENT,10086.7,C537717356,0.0,0.0,M881211895,0.0,0.0,0,0
355,CASH_OUT,127296.38,C1018457602,0.0,0.0,C1292111864,458503.26,585799.64,0,0
355,CASH_IN,86380.61,C1658502249,1977615.57,2063996.18,C638382798,350248.69,404387.42,0,0
355,PAYMENT,4474.98,C1180918304,35354.0,30879.02,M587734600,0.0,0.0,0,0
355,PAYMENT,5577.4,C1803031187,0.0,0.0,M1054823449,0.0,0.0,0,0
355,CASH_OUT,547339.9,C248304421,0.0,0.0,C1752170385,2476551.16,2871935.63,0,0
355,CASH_IN,384717.68,C176069224,523478.0,908195.68,C736965751,0.0,0.0,0,0
355,CASH_IN,2990.83,C1714724913,3921969.75,3924960.57,C2085313518,241443.17,238452.34,0,0
355,PAYMENT,1414.5,C1996655335,9000.0,7585.5,M942569806,0.0,0.0,0,0
355,CASH_IN,137882.44,C720190440,1314578.86,1452461.3,C1479567915,870229.76,732347.32,0,0
355,PAYMENT,12755.39,C960254001,26241.0,13485.61,M1457230570,0.0,0.0,0,0
355,CASH_OUT,566708.12,C647265320,0.0,0.0,C2129147768,2050031.09,2616739.2,0,0
355,CASH_IN,216817.83,C2085558912,13511057.45,13727875.28,C543347039,2373171.43,2156353.6,0,0
355,CASH_IN,229720.21,C1766005042,25103207.39,25332927.6,C265388296,3848308.92,3618588.72,0,0
355,CASH_IN,131970.11,C723949657,108721.0,240691.11,C909372882,981664.08,849693.98,0,0
355,CASH_IN,315023.16,C664328167,4457909.74,4772932.9,C1793894414,811919.82,496896.67,0,0
355,CASH_IN,79813.74,C1431294891,60817.0,140630.74,C1650285985,798463.99,718650.25,0,0
355,PAYMENT,19330.26,C1889845348,0.0,0.0,M1381914935,0.0,0.0,0,0
355,TRANSFER,742658.46,C117314129,70787.0,0.0,C1529030742,500623.0,1243281.46,0,0
355,CASH_OUT,150396.75,C1699499219,48227.0,0.0,C66296466,74545.92,224942.67,0,0
355,CASH_OUT,289651.41,C734314526,54348.0,0.0,C1833439336,0.0,289651.41,0,0
355,CASH_OUT,13639.52,C1876501927,0.0,0.0,C850574264,367792.39,381431.91,0,0
355,CASH_OUT,130048.24,C2103022892,70062.0,0.0,C1341825968,0.0,130048.24,0,0
355,CASH_OUT,179857.89,C69450121,20777.0,0.0,C1698994041,578160.42,758018.31,0,0
355,TRANSFER,730530.88,C754734197,0.0,0.0,C2722858,6922468.42,7652999.3,0,0
355,TRANSFER,259929.56,C1608608237,0.0,0.0,C1945636374,3086781.01,3346710.57,0,0
355,CASH_IN,100943.59,C1649510950,3425295.08,3526238.67,C902271441,109319.3,8375.71,0,0
355,PAYMENT,3046.64,C986558623,0.0,0.0,M1127692182,0.0,0.0,0,0
356,CASH_OUT,44587.45,C1161933932,20645.0,0.0,C403479763,0.0,44587.45,0,0
356,CASH_OUT,110740.16,C556339567,0.0,0.0,C1296317749,536976.44,647716.6,0,0
356,CASH_OUT,172964.65,C971643548,0.0,0.0,C1937322225,521547.89,694512.54,0,0
356,PAYMENT,13887.3,C581320604,914540.0,900652.7,M467369972,0.0,0.0,0,0
356,CASH_OUT,48790.59,C1996577069,0.0,0.0,C1799172272,926467.26,975257.85,0,0
356,CASH_OUT,8802.56,C749597996,7647.0,0.0,C272985411,0.0,8802.56,0,0
356,CASH_OUT,195269.39,C55366985,0.0,0.0,C20378419,367157.13,562426.52,0,0
356,PAYMENT,4827.39,C105689070,0.0,0.0,M965640942,0.0,0.0,0,0
356,CASH_IN,52827.29,C859318635,1402036.28,1454863.57,C714930667,189456.05,136628.75,0,0
356,CASH_IN,181295.77,C1693620611,6058293.76,6239589.53,C1107223943,629063.47,447767.71,0,0
356,CASH_OUT,175546.61,C1425454956,72183.0,0.0,C206602607,44785.6,220332.21,0,0
356,PAYMENT,18652.83,C301632451,0.0,0.0,M1854476574,0.0,0.0,0,0
356,DEBIT,2373.82,C1214873886,12109.0,9735.18,C1089406571,9896676.59,9899050.41,0,0
356,PAYMENT,7100.62,C238660131,107443.0,100342.38,M267150420,0.0,0.0,0,0
356,CASH_IN,225581.85,C1287408343,11037.0,236618.85,C312659382,0.0,0.0,0,0
356,PAYMENT,14530.12,C32018376,130619.44,116089.33,M1617202235,0.0,0.0,0,0
356,PAYMENT,36458.52,C627411721,0.0,0.0,M596249003,0.0,0.0,0,0
356,PAYMENT,7006.7,C625181178,31220.0,24213.3,M1217876597,0.0,0.0,0,0
356,PAYMENT,12651.68,C1241307305,0.0,0.0,M913305232,0.0,0.0,0,0
356,PAYMENT,6329.01,C1707860519,50185.0,43855.99,M1430357736,0.0,0.0,0,0
356,CASH_OUT,98406.8,C478579384,0.0,0.0,C1304142506,795808.39,894215.19,0,0
356,CASH_IN,21921.51,C803073547,4908238.54,4930160.06,C1288985828,742860.01,720938.5,0,0
356,PAYMENT,2205.57,C1922907526,173273.46,171067.89,M1946171951,0.0,0.0,0,0
356,PAYMENT,3811.04,C552397100,11244.0,7432.96,M365846008,0.0,0.0,0,0
356,CASH_OUT,147825.5,C430597989,43084.0,0.0,C2104003322,651686.04,799511.54,0,0
356,PAYMENT,19497.06,C177135774,0.0,0.0,M673974072,0.0,0.0,0,0
356,CASH_OUT,114949.2,C1267002645,23913.0,0.0,C526608657,0.0,114949.2,0,0
356,PAYMENT,8975.5,C728059691,305.0,0.0,M1963840833,0.0,0.0,0,0
356,CASH_IN,160171.95,C1985727453,598.0,160769.95,C374589902,492169.25,331997.3,0,0
356,PAYMENT,2782.56,C138974170,349851.47,347068.91,M1877066901,0.0,0.0,0,0
356,CASH_OUT,64531.63,C515410530,9175.0,0.0,C1065581392,53890.53,118422.16,0,0
356,CASH_OUT,113612.48,C840995875,0.0,0.0,C1238963691,2610664.51,2724276.99,0,0
356,CASH_OUT,35507.46,C2146341039,16926.0,0.0,C605079508,0.0,35507.46,0,0
356,PAYMENT,2195.31,C738938222,10662.0,8466.69,M1319525485,0.0,0.0,0,0
356,CASH_OUT,173637.09,C1680361822,0.0,0.0,C110217847,393956.26,567593.35,0,0
356,CASH_OUT,104427.09,C216000510,20557.0,0.0,C1149035508,52596.58,157023.67,0,0
356,TRANSFER,43622.93,C754606903,0.0,0.0,C109137074,1372919.84,1416542.77,0,0
356,CASH_OUT,9491.63,C667510077,0.0,0.0,C894409370,479381.06,488872.69,0,0
356,CASH_IN,140443.63,C1780531863,2084956.13,2225399.76,C2106853564,556962.45,416518.82,0,0
356,CASH_IN,182125.06,C230559833,4375355.79,4557480.84,C732333064,1014293.99,832168.93,0,0
356,CASH_OUT,425036.66,C1677036680,0.0,0.0,C1972148506,3012681.95,3437718.61,0,0
356,CASH_OUT,123223.71,C1648537114,5041.0,0.0,C149477536,386538.54,509762.25,0,0
356,CASH_OUT,133544.02,C520511603,0.0,0.0,C904437452,3540349.03,3673893.05,0,0
356,DEBIT,1437.83,C438461053,2033.0,595.17,C2118094186,11361.78,12799.6,0,0
357,CASH_IN,160418.28,C1552316670,11448.0,171866.28,C454550281,0.0,0.0,0,0
357,CASH_IN,81311.92,C2118478940,27690.0,109001.92,C869666415,562751.72,481439.8,0,0
357,CASH_OUT,285668.72,C1543571020,0.0,0.0,C757241244,1562382.37,1848051.09,0,0
357,PAYMENT,5717.4,C1806152704,65714.35,59996.95,M1660007944,0.0,0.0,0,0
357,CASH_OUT,84792.21,C522925216,30850.0,0.0,C416229287,11080765.21,11165557.41,0,0
357,PAYMENT,5156.46,C95077034,0.0,0.0,M1244110497,0.0,0.0,0,0
357,PAYMENT,4937.04,C1280807099,12266.04,7329.0,M239825587,0.0,0.0,0,0
357,PAYMENT,3845.82,C1296888965,21497.0,17651.18,M1396262878,0.0,0.0,0,0
357,CASH_IN,81953.26,C2033635803,3687835.7,3769788.97,C1758750607,3910074.84,3828121.58,0,0
357,CASH_IN,178780.39,C1787940973,4373066.89,4551847.28,C59790487,738059.31,559278.92,0,0
357,PAYMENT,38017.64,C1916531614,0.0,0.0,M1593335872,0.0,0.0,0,0
357,CASH_IN,140919.86,C2097387028,3852721.95,3993641.81,C649669137,373376.47,122834.86,0,0
357,CASH_IN,179898.35,C1813925454,3993641.81,4173540.15,C1351102229,510171.06,330272.71,0,0
357,TRANSFER,141277.39,C2003398005,0.0,0.0,C1221931456,3051237.09,3192514.49,0,0
357,CASH_OUT,108010.06,C1840242981,0.0,0.0,C1927823880,199801.07,307811.13,0,0
357,CASH_IN,17369.54,C156706871,2270986.03,2288355.57,C1386276224,169044.35,151674.81,0,0
357,CASH_OUT,742355.8,C1797414410,0.0,0.0,C1995940028,795052.25,1537408.05,0,0
357,CASH_OUT,316803.66,C2097400699,0.0,0.0,C282944182,4586856.16,4903659.81,0,0
357,TRANSFER,273591.61,C2041418761,51929.0,0.0,C1057872123,13117204.22,13390795.83,0,0
357,CASH_IN,303071.66,C2028380531,237710.0,540781.66,C1540506966,129848.39,0.0,0,0
358,PAYMENT,15917.28,C481740103,233912.0,217994.72,M1765210971,0.0,0.0,0,0
358,CASH_OUT,158728.1,C1373904419,0.0,0.0,C990773570,2088474.81,2247202.91,0,0
358,CASH_IN,47003.97,C2031500426,90306.0,137309.97,C1930673981,68362.77,21358.8,0,0
358,PAYMENT,29484.13,C1943430398,185656.0,156171.87,M2045876460,0.0,0.0,0,0
358,PAYMENT,6027.02,C110534219,0.0,0.0,M394769205,0.0,0.0,0,0
358,PAYMENT,10101.87,C218042583,0.0,0.0,M2116258092,0.0,0.0,0,0
358,CASH_OUT,20706.34,C1967207522,0.0,0.0,C130217299,320045.81,340752.15,0,0
358,CASH_IN,38851.63,C287128349,6850800.97,6889652.6,C783654411,13984280.88,13945429.25,0,0
358,PAYMENT,24532.87,C2051140586,20243.0,0.0,M463746474,0.0,0.0,0,0
358,PAYMENT,1770.7,C61209171,165905.0,164134.3,M1913862460,0.0,0.0,0,0
358,CASH_OUT,537823.71,C1230628663,0.0,0.0,C110610294,2294918.84,2832742.54,0,0
358,CASH_OUT,5868.97,C1577634825,0.0,0.0,C1246902077,264929.92,270798.9,0,0
358,PAYMENT,18082.31,C441387795,233067.0,214984.69,M1347513668,0.0,0.0,0,0
358,TRANSFER,1026403.22,C1756447952,0.0,0.0,C1864435520,1298741.6,2325144.82,0,0
358,PAYMENT,19408.69,C1177723888,2539.0,0.0,M1482114884,0.0,0.0,0,0
358,PAYMENT,993.5,C915456330,0.0,0.0,M1114155461,0.0,0.0,0,0
358,PAYMENT,21801.16,C830003863,259515.0,237713.84,M933695225,0.0,0.0,0,0
358,PAYMENT,30900.98,C2102756864,107480.0,76579.02,M370358358,0.0,0.0,0,0
358,CASH_OUT,116464.0,C1289844705,0.0,0.0,C1346128563,1871892.05,1988356.05,0,0
359,TRANSFER,374527.23,C1273601556,0.0,0.0,C1226076600,3280441.21,3654968.45,0,0
359,DEBIT,5197.58,C440582011,112995.31,107797.73,C1215666033,79892.37,85089.95,0,0
359,CASH_OUT,19758.8,C935053408,0.0,0.0,C808037039,560337.55,580096.35,0,0
359,CASH_IN,207121.41,C1398867916,31313.0,238434.41,C1029114442,0.0,0.0,0,0
359,PAYMENT,7106.63,C2083087028,48761.0,41654.37,M1474722582,0.0,0.0,0,0
359,PAYMENT,4262.71,C1075716556,0.0,0.0,M1564133482,0.0,0.0,0,0
359,TRANSFER,92830.46,C194908721,0.0,0.0,C1674859526,143769.73,236600.19,0,0
359,CASH_OUT,50449.81,C106002077,57446.0,6996.19,C390306411,12141606.39,12192056.2,0,0
359,PAYMENT,17798.82,C1340279574,30553.0,12754.18,M288692990,0.0,0.0,0,0
359,CASH_IN,31431.31,C1120435515,374297.03,405728.34,C997784348,816725.82,785294.51,0,0
359,CASH_OUT,28683.63,C1629581874,0.0,0.0,C1841562607,2234994.92,2263678.55,0,0
359,CASH_OUT,51038.91,C153817442,0.0,0.0,C929823479,60746.52,111785.43,0,0
359,PAYMENT,15631.41,C2051422155,5707.18,0.0,M46611684,0.0,0.0,0,0
359,PAYMENT,530.4,C1931703612,1149.0,618.6,M912552818,0.0,0.0,0,0
359,PAYMENT,4389.93,C1656580790,29797.0,25407.07,M738624473,0.0,0.0,0,0
359,TRANSFER,75208.29,C754896895,101296.0,26087.71,C220025189,20201.82,95410.12,0,0
359,PAYMENT,12459.07,C1000733461,27573.76,15114.68,M4402418,0.0,0.0,0,0
360,PAYMENT,8269.01,C643170588,0.0,0.0,M252989288,0.0,0.0,0,0
360,CASH_OUT,108565.07,C1179081854,0.0,0.0,C1619976001,151551.9,260116.97,0,0
360,PAYMENT,28214.21,C471632818,82707.89,54493.67,M1249854111,0.0,0.0,0,0
360,PAYMENT,10826.11,C537298904,0.0,0.0,M47313761,0.0,0.0,0,0
360,PAYMENT,11009.12,C1879676404,8624.19,0.0,M1166269941,0.0,0.0,0,0
360,CASH_OUT,110239.24,C615941963,0.0,0.0,C385864067,989757.88,1099997.12,0,0
360,PAYMENT,71206.16,C118529245,0.0,0.0,M186008532,0.0,0.0,0,0
360,PAYMENT,3911.08,C1760418008,17408.75,13497.67,M102133280,0.0,0.0,0,0
361,PAYMENT,20449.36,C177871455,30670.0,10220.64,M110567831,0.0,0.0,0,0
361,PAYMENT,25453.57,C553976354,192.0,0.0,M768805650,0.0,0.0,0,0
361,PAYMENT,166.27,C1367617858,0.0,0.0,M1439970753,0.0,0.0,0,0
361,PAYMENT,9275.84,C190064311,10078.0,802.16,M635171997,0.0,0.0,0,0
361,CASH_OUT,431020.78,C1895030247,0.0,0.0,C1693949224,1035065.15,1466085.93,0,0
361,PAYMENT,13838.22,C1899286273,10850.0,0.0,M842163086,0.0,0.0,0,0
361,PAYMENT,20187.04,C1996818523,28920.0,8732.96,M611932193,0.0,0.0,0,0
362,CASH_OUT,10000000.0,C23198921,10000000.0,0.0,C486186579,526160.19,10526160.19,1,0
368,TRANSFER,1050635.77,C2102374682,1050635.77,0.0,C1827800010,0.0,0.0,1,0
369,PAYMENT,22323.47,C1699212789,829095.0,806771.53,M1555896572,0.0,0.0,0,0
369,CASH_IN,72475.39,C373792923,205993.0,278468.39,C1071865192,21703739.12,21631263.74,0,0
369,CASH_IN,325260.98,C388321527,17056.0,342316.98,C519614594,92483.79,0.0,0,0
369,CASH_IN,17748.79,C1048674990,2663861.95,2681610.74,C2034325873,99588.63,81839.84,0,0
369,PAYMENT,35079.68,C1064930807,11093.0,0.0,M423135945,0.0,0.0,0,0
369,PAYMENT,10990.12,C529135280,22026.0,11035.88,M2064503605,0.0,0.0,0,0
369,CASH_IN,243930.43,C1804162649,14468.0,258398.43,C156479283,0.0,0.0,0,0
369,CASH_OUT,61147.88,C264113900,0.0,0.0,C1713970048,5592344.33,5653492.21,0,0
369,TRANSFER,754882.81,C532280566,0.0,0.0,C1280907310,11471112.98,12225995.79,0,0
369,PAYMENT,35392.28,C13110676,0.0,0.0,M1707952118,0.0,0.0,0,0
369,TRANSFER,73253.51,C1886819526,0.0,0.0,C352661521,191070.06,264323.57,0,0
369,TRANSFER,1604512.09,C330681743,0.0,0.0,C987098786,2510997.26,4115509.36,0,0
369,CASH_OUT,99655.12,C850032446,0.0,0.0,C1334677817,3302623.9,3402279.02,0,0
369,CASH_OUT,96388.92,C1724527769,0.0,0.0,C1228874653,435314.38,531703.3,0,0
369,CASH_OUT,90424.93,C1093586562,262777.0,172352.07,C359072805,459242.92,549667.85,0,0
369,CASH_OUT,107548.47,C1674502754,60852.0,0.0,C1161462569,0.0,107548.47,0,0
369,PAYMENT,36370.87,C2071165258,0.0,0.0,M1341381713,0.0,0.0,0,0
369,CASH_IN,317863.33,C1671731113,1303208.62,1621071.96,C1154675913,404995.56,87132.23,0,0
369,PAYMENT,1343.23,C479941776,0.0,0.0,M1495141930,0.0,0.0,0,0
369,TRANSFER,1643143.95,C811443552,0.0,0.0,C1168382976,8015333.61,9658477.56,0,0
369,CASH_OUT,69565.0,C1884386337,9348.0,0.0,C1792849373,0.0,69565.0,0,0
369,CASH_OUT,293573.12,C1715236881,692.0,0.0,C812602645,193505.85,487078.96,0,0
369,PAYMENT,24796.23,C661630184,0.0,0.0,M89582720,0.0,0.0,0,0
369,CASH_IN,138568.75,C179035973,27043.0,165611.75,C1339048700,174532.08,35963.33,0,0
369,CASH_IN,162192.31,C273156997,3476591.3,3638783.61,C2110356520,231227.88,69035.57,0,0
369,CASH_IN,26290.9,C404721428,1666191.94,1692482.84,C688322406,3955260.3,3928969.41,0,0
369,PAYMENT,1833.13,C1097070945,62234.0,60400.87,M273932640,0.0,0.0,0,0
369,CASH_OUT,61313.87,C145379265,5500.0,0.0,C606750661,473529.83,534843.69,0,0
370,CASH_OUT,120426.84,C800541472,0.0,0.0,C640389436,1895993.44,2016420.28,0,0
370,CASH_OUT,18051.74,C645515632,0.0,0.0,C1119317894,11066343.44,11084395.19,0,0
370,CASH_OUT,373058.68,C603943578,7006.0,0.0,C503814692,84300.15,457358.83,0,0
370,CASH_OUT,288617.35,C1246178061,6037.0,0.0,C2087783148,1722412.38,2011029.73,0,0
370,PAYMENT,29661.7,C243348842,547690.89,518029.18,M1140825472,0.0,0.0,0,0
370,CASH_IN,263888.05,C2074491239,931518.91,1195406.96,C58054843,470872.14,206984.09,0,0
370,CASH_IN,105168.55,C1094794558,48801.0,153969.55,C945962056,55335.28,0.0,0,0
370,PAYMENT,8253.29,C220385802,436.0,0.0,M1233847838,0.0,0.0,0,0
370,PAYMENT,2537.1,C1489956530,0.0,0.0,M1715647279,0.0,0.0,0,0
370,TRANSFER,1915817.42,C2089392773,153378.39,0.0,C421925382,4892084.38,6807901.8,0,0
370,PAYMENT,11262.98,C1064819083,0.0,0.0,M883344330,0.0,0.0,0,0
370,CASH_IN,95737.61,C901818149,117085.0,212822.61,C128193694,636434.56,540696.94,0,0
370,CASH_IN,243267.66,C330157663,2068265.71,2311533.37,C560003819,470588.4,227320.74,0,0
370,CASH_OUT,103055.7,C736646029,181843.42,78787.71,C526270685,2344990.16,2448045.87,0,0
370,CASH_OUT,310726.29,C1125292418,310726.29,0.0,C1284811056,1270319.48,1581045.77,1,0
370,CASH_OUT,25732.4,C1125695706,100.0,0.0,C1184984886,1345080.81,1370813.21,0,0
370,CASH_OUT,150158.5,C692805917,180.0,0.0,C34231401,12856.07,163014.56,0,0
370,CASH_OUT,189123.49,C1455731608,167.0,0.0,C374195815,1344022.5,1533145.98,0,0
370,TRANSFER,405785.16,C1034829999,0.0,0.0,C757736314,1201730.35,1607515.51,0,0
370,TRANSFER,6926109.0,C856043333,65191.0,0.0,C599628748,8329.81,6934438.81,0,0
370,CASH_OUT,292857.48,C879104160,0.0,0.0,C1998400552,1070525.73,1363383.22,0,0
370,PAYMENT,8609.12,C132411299,63.0,0.0,M1073460955,0.0,0.0,0,0
370,CASH_OUT,89386.42,C38080530,0.0,0.0,C820651228,3618750.04,3708136.46,0,0
370,CASH_IN,74751.49,C376130397,2837991.88,2912743.37,C1936470815,1779595.2,1704843.71,0,0
370,TRANSFER,2033498.66,C344947011,3896.0,0.0,C1482992077,0.0,2033498.66,0,0
370,CASH_IN,135047.43,C285821538,3943032.78,4078080.2,C182260763,1324954.24,1189906.81,0,0
370,CASH_OUT,302924.92,C665450506,24967.0,0.0,C1726838094,0.0,302924.92,0,0
370,CASH_IN,186598.09,C478425609,33265.0,219863.09,C1320537125,119683.45,0.0,0,0
370,CASH_IN,7271.65,C1309438234,1209958.35,1217230.0,C878595758,2017312.82,2010041.17,0,0
370,PAYMENT,2603.79,C862205605,27444.0,24840.21,M1807623986,0.0,0.0,0,0
370,CASH_OUT,228051.59,C1354744703,47.0,0.0,C1970772429,1235175.14,1463226.73,0,0
370,CASH_IN,260711.71,C1016072278,6622080.99,6882792.69,C73898097,579086.94,318375.24,0,0
370,CASH_OUT,130009.24,C1080485490,0.0,0.0,C816903308,454627.7,584636.94,0,0
370,PAYMENT,27877.59,C1144104640,0.0,0.0,M3356989,0.0,0.0,0,0
370,CASH_OUT,533829.94,C1969168580,11339.0,0.0,C1410872353,77571.31,611401.26,0,0
370,CASH_OUT,126345.46,C1013496773,0.0,0.0,C473832081,1208715.59,1335061.05,0,0
370,CASH_IN,208651.38,C470139639,55236.0,263887.38,C1474158559,0.0,0.0,0,0
371,PAYMENT,23981.68,C842691589,691.0,0.0,M1838420795,0.0,0.0,0,0
371,CASH_IN,320823.15,C2081187166,5299253.94,5620077.09,C1759284839,840010.06,519186.91,0,0
371,TRANSFER,793413.43,C700841504,29921.0,0.0,C936066445,338265.77,1131679.2,0,0
371,CASH_OUT,95314.78,C1732351241,0.0,0.0,C904830144,1579132.11,1674446.89,0,0
371,DEBIT,1175.92,C2125530291,378017.0,376841.08,C724658728,70445.44,71621.36,0,0
371,CASH_IN,106193.36,C85261965,1574512.3,1680705.66,C1827818639,235382.05,129188.68,0,0
371,CASH_IN,222148.17,C2108576871,278643.0,500791.17,C561597175,321606.38,99458.21,0,0
371,PAYMENT,8521.41,C165185594,0.0,0.0,M958571611,0.0,0.0,0,0
371,PAYMENT,4408.4,C1063912853,49858.0,45449.6,M201196450,0.0,0.0,0,0
371,PAYMENT,7337.19,C847025621,4243.91,0.0,M1930722890,0.0,0.0,0,0
371,CASH_OUT,97377.82,C2085255603,0.0,0.0,C349261636,5547052.83,5644430.65,0,0
371,CASH_OUT,95865.89,C1675870351,0.0,0.0,C1788291114,1577064.76,1672930.65,0,0
371,CASH_IN,108624.91,C531325077,75.0,108699.91,C956737366,98172.89,0.0,0,0
371,PAYMENT,13103.57,C1468665816,307151.41,294047.85,M1643262138,0.0,0.0,0,0
371,CASH_IN,237564.83,C2133193911,48.0,237612.83,C1378824887,1393850.04,1156285.21,0,0
371,PAYMENT,18272.86,C1045374344,606558.6,588285.75,M599686557,0.0,0.0,0,0
371,CASH_OUT,212398.28,C1909116804,0.0,0.0,C2012145914,1153680.2,1366078.48,0,0
371,CASH_IN,103529.27,C1626000988,3833330.67,3936859.94,C1456092774,1218393.55,1114864.28,0,0
371,CASH_IN,52937.79,C608570833,810803.72,863741.51,C480710164,4199512.66,4146574.88,0,0
371,PAYMENT,20352.81,C65622583,0.0,0.0,M1109269736,0.0,0.0,0,0
371,PAYMENT,14411.31,C1108085338,2571.0,0.0,M1709896291,0.0,0.0,0,0
371,CASH_IN,211759.21,C1653900236,244552.01,456311.22,C445194236,754149.75,542390.54,0,0
371,CASH_IN,92571.37,C183049022,14651326.61,14743897.99,C334140807,301531.43,208960.06,0,0
371,TRANSFER,145238.11,C450662703,0.0,0.0,C798647339,2382988.29,2528226.39,0,0
371,CASH_OUT,263040.27,C1198758661,29994.0,0.0,C1321820952,0.0,263040.27,0,0
371,CASH_IN,344834.84,C2095302560,49884.0,394718.84,C1011495337,0.0,0.0,0,0
371,PAYMENT,279.94,C797968430,88687.79,88407.85,M800971644,0.0,0.0,0,0
371,PAYMENT,12416.36,C525578716,0.0,0.0,M987122398,0.0,0.0,0,0
371,CASH_OUT,388109.99,C732307190,0.0,0.0,C267836586,5004915.23,5393025.22,0,0
371,CASH_OUT,113070.04,C549410372,82907.0,0.0,C614350402,50655.55,163725.59,0,0
371,PAYMENT,24104.49,C355366859,10887.0,0.0,M1155655277,0.0,0.0,0,0
371,PAYMENT,2699.42,C637868397,20329.0,17629.58,M1466686613,0.0,0.0,0,0
371,CASH_IN,706711.59,C69583510,34897.0,741608.59,C1154165036,0.0,0.0,0,0
371,PAYMENT,1620.7,C155610165,10562.0,8941.3,M1293074272,0.0,0.0,0,0
371,CASH_IN,228242.59,C40178912,2187.0,230429.59,C1419798244,24498.52,0.0,0,0
371,CASH_OUT,90029.71,C2095620488,66461.0,0.0,C822714296,2410653.98,2372519.01,0,0
371,CASH_IN,302638.24,C117788162,10718.0,313356.24,C2025142397,107286.86,0.0,0,0
371,PAYMENT,29130.98,C824385037,137520.36,108389.39,M548838574,0.0,0.0,0,0
371,PAYMENT,25637.73,C29055618,3164.0,0.0,M523552325,0.0,0.0,0,0
371,CASH_IN,354451.18,C420216729,58779.0,413230.18,C1150479410,11821.02,0.0,0,0
371,CASH_OUT,498955.05,C1489485336,41246.0,0.0,C513520037,0.0,498955.05,0,0
371,PAYMENT,17848.05,C594103708,0.0,0.0,M1100783164,0.0,0.0,0,0
371,CASH_OUT,109429.54,C717246310,0.0,0.0,C436678854,151372.68,260802.22,0,0
371,CASH_IN,260830.88,C2102493192,14179873.92,14440704.8,C1429776917,3120551.2,2859720.32,0,0
371,CASH_OUT,48120.81,C722857978,0.0,0.0,C219838098,711880.24,760001.05,0,0
371,TRANSFER,255954.79,C807607465,0.0,0.0,C1448972311,904497.46,1160452.25,0,0
371,CASH_OUT,278809.16,C1885345647,24389.0,0.0,C521715812,811757.14,1090566.3,0,0
371,PAYMENT,18438.07,C2125114019,39963.0,21524.93,M668205022,0.0,0.0,0,0
371,PAYMENT,6053.62,C232609186,79863.0,73809.38,M1412472516,0.0,0.0,0,0
371,CASH_OUT,193146.38,C2080330013,21748.0,0.0,C401058954,569587.65,762734.03,0,0
371,PAYMENT,31113.73,C1138544436,0.0,0.0,M542306730,0.0,0.0,0,0
372,CASH_IN,43085.27,C1274420817,1134.0,44219.27,C389643630,455936.87,412851.6,0,0
372,TRANSFER,1072436.06,C2075977760,80512.0,0.0,C1641354309,0.0,1072436.06,0,0
372,CASH_IN,12628.11,C2004500145,41226.0,53854.11,C338002657,437700.88,425072.77,0,0
372,CASH_OUT,18595.67,C575938939,721.0,0.0,C1805709614,354612.43,373208.1,0,0
372,PAYMENT,27071.4,C390257975,126410.98,99339.58,M1841790599,0.0,0.0,0,0
372,CASH_IN,186553.2,C1280153982,3871637.49,4058190.69,C1358293546,2086581.57,1900028.38,0,0
372,CASH_IN,5233.17,C2113397046,4544588.36,4549821.53,C52449778,92402.44,87169.26,0,0
372,PAYMENT,9379.11,C1420622503,0.0,0.0,M1346601327,0.0,0.0,0,0
372,PAYMENT,52639.02,C1527063920,0.0,0.0,M2070488901,0.0,0.0,0,0
372,CASH_OUT,76144.19,C86465618,145603.0,69458.81,C2091082873,154584.42,230728.61,0,0
372,PAYMENT,32500.93,C1485409118,76571.0,44070.07,M2024262717,0.0,0.0,0,0
372,CASH_OUT,47187.63,C10939233,0.0,0.0,C1793911746,366100.23,413287.86,0,0
372,PAYMENT,4104.79,C523110481,0.0,0.0,M1986231249,0.0,0.0,0,0
372,CASH_OUT,44579.23,C693877988,0.0,0.0,C736868710,2170292.45,2214871.68,0,0
372,CASH_IN,74810.48,C1412117075,5157774.41,5232584.89,C1274317443,243130.75,168320.27,0,0
372,PAYMENT,21223.95,C2043402519,39752.0,18528.05,M22623117,0.0,0.0,0,0
372,CASH_OUT,429166.65,C2045090206,20172.0,0.0,C1053891187,5460597.0,5889763.65,0,0
372,CASH_OUT,142.85,C1800545273,0.0,0.0,C1461234157,629539.63,629682.48,0,0
372,CASH_OUT,150403.2,C1897569068,0.0,0.0,C625213866,2160245.4,2310648.6,0,0
372,PAYMENT,294.5,C446435325,0.0,0.0,M1171467717,0.0,0.0,0,0
372,PAYMENT,10863.67,C100347916,7132.0,0.0,M1540896867,0.0,0.0,0,0
372,CASH_OUT,182753.65,C2031126077,0.0,0.0,C1449792715,527296.48,710050.14,0,0
372,PAYMENT,2957.71,C1608021401,19931.0,16973.29,M2048185555,0.0,0.0,0,0
372,CASH_OUT,960.96,C516746802,32338.0,31377.04,C463059056,0.0,960.96,0,0
372,CASH_IN,38049.18,C126476491,1416619.2,1454668.38,C1841562607,2263678.55,2225629.37,0,0
372,PAYMENT,28276.16,C679525457,9943.0,0.0,M2147233265,0.0,0.0,0,0
372,CASH_OUT,113158.33,C1104112759,0.0,0.0,C2111965285,165279.23,278437.56,0,0
372,CASH_OUT,205802.66,C1204744092,10940.0,0.0,C355576636,0.0,205802.66,0,0
372,DEBIT,4029.97,C391098940,110863.0,106833.03,C1989910384,436705.79,440735.77,0,0
372,CASH_OUT,344070.26,C635840604,188.0,0.0,C20283573,0.0,344070.26,0,0
372,CASH_OUT,23227.28,C503965159,41404.0,18176.72,C1673641068,422662.34,445889.62,0,0
372,PAYMENT,4748.16,C1261519251,0.0,0.0,M791895486,0.0,0.0,0,0
372,CASH_IN,161480.05,C1595202104,17941148.12,18102628.17,C869810221,2676010.59,2514530.55,0,0
372,PAYMENT,7801.36,C486113489,0.0,0.0,M1951364035,0.0,0.0,0,0
372,CASH_IN,60842.5,C281058820,50347.0,111189.5,C1503030063,2898130.81,2837288.32,0,0
372,CASH_OUT,59787.99,C1422689716,0.0,0.0,C1245826286,67602.01,127390.0,0,0
372,CASH_OUT,345136.82,C1281008878,30269.0,0.0,C368731271,0.0,345136.82,0,0
372,CASH_IN,115730.43,C902220252,1548269.11,1663999.54,C25315424,121946.04,6215.6,0,0
372,TRANSFER,643850.69,C64933702,15953.62,0.0,C763580870,1309764.96,1953615.64,0,0
372,CASH_OUT,259970.94,C511843114,241.0,0.0,C1942120185,0.0,259970.94,0,0
372,PAYMENT,5128.42,C1913501995,91040.0,85911.58,M1234210210,0.0,0.0,0,0
372,CASH_OUT,356624.77,C350549692,0.0,0.0,C229840226,8143684.79,8500309.56,0,0
372,CASH_OUT,50865.68,C2038735677,100006.0,49140.32,C1947083324,52143.11,103008.79,0,0
372,PAYMENT,10908.91,C1078444493,10682.0,0.0,M619680408,0.0,0.0,0,0
372,CASH_OUT,156407.89,C621512853,31564.0,0.0,C1827580335,0.0,156407.89,0,0
372,PAYMENT,28362.51,C63736435,518724.0,490361.49,M202889333,0.0,0.0,0,0
372,CASH_OUT,4819.9,C331179630,0.0,0.0,C582410861,5294419.08,5299238.98,0,0
372,CASH_OUT,155414.78,C1292867285,24591.0,0.0,C1739759798,0.0,155414.78,0,0
372,CASH_OUT,316698.87,C1749138304,1792.0,0.0,C1808992246,7579840.87,7896539.74,0,0
372,PAYMENT,17777.2,C1844791018,0.0,0.0,M1576806769,0.0,0.0,0,0
373,CASH_OUT,194120.77,C1678757088,0.0,0.0,C482361982,693186.66,887307.43,0,0
373,CASH_OUT,241292.29,C1528106938,5522.0,0.0,C1029054104,97205.32,338497.61,0,0
373,PAYMENT,11652.84,C1321322238,9928.14,0.0,M49341603,0.0,0.0,0,0
373,CASH_OUT,260503.03,C627576159,242.0,0.0,C1656789437,0.0,265905.83,0,0
373,TRANSFER,3760656.84,C1700924044,0.0,0.0,C98133962,7700748.89,11461405.73,0,0
373,CASH_OUT,203873.63,C1249082794,12525.0,0.0,C884097680,7782996.49,7986870.12,0,0
373,PAYMENT,2259.0,C911917140,16338.0,14079.0,M1074179565,0.0,0.0,0,0
373,CASH_OUT,236826.1,C24677106,0.0,0.0,C1864668397,1023454.82,1260280.92,0,0
373,CASH_IN,275543.64,C407469384,860651.8,1136195.43,C33412994,388963.49,113419.86,0,0
373,CASH_IN,135682.11,C1466793399,3923446.19,4059128.3,C1260814290,321766.39,186084.28,0,0
373,CASH_IN,58587.27,C10143046,7569439.2,7628026.47,C969791230,331662.98,273075.72,0,0
373,CASH_IN,152195.05,C152232002,9967014.15,10119209.2,C868367061,977235.81,825040.76,0,0
373,CASH_OUT,299782.2,C1188637742,311903.97,12121.77,C2060453592,1711831.27,2011613.47,0,0
373,CASH_OUT,70457.82,C1405665430,99356.0,28898.18,C1242954379,49064.76,119522.58,0,0
373,PAYMENT,2421.95,C2104770638,322974.86,320552.91,M1003426066,0.0,0.0,0,0
373,PAYMENT,6264.2,C520207549,0.0,0.0,M630802128,0.0,0.0,0,0
373,CASH_OUT,157244.12,C1183987150,0.0,0.0,C1887102164,511947.55,669191.67,0,0
373,CASH_OUT,180421.98,C541411340,1510.0,0.0,C420780257,0.0,180421.98,0,0
373,PAYMENT,19670.97,C544245203,21034.0,1363.03,M1810983742,0.0,0.0,0,0
373,CASH_IN,45292.21,C280405646,2613028.92,2658321.13,C860794731,10648517.68,10603225.47,0,0
373,CASH_IN,218804.01,C539034001,5862828.28,6081632.29,C335717894,393424.72,174620.71,0,0
373,CASH_OUT,482538.76,C42885894,0.0,0.0,C566629268,9973275.88,10455814.64,0,0
373,CASH_IN,332272.97,C1653403202,9205418.25,9537691.22,C1817824077,1941278.5,1609005.53,0,0
373,CASH_OUT,155561.11,C701297515,0.0,0.0,C929732976,2168636.34,2324197.45,0,0
373,PAYMENT,22496.12,C23932550,0.0,0.0,M351617869,0.0,0.0,0,0
373,PAYMENT,47.52,C186222389,196420.75,196373.23,M315168396,0.0,0.0,0,0
373,CASH_OUT,114798.07,C618599578,105239.0,0.0,C1340866292,1563200.21,1677998.28,0,0
373,CASH_OUT,457728.31,C1474477967,22341.0,0.0,C40548618,40780.8,556249.17,0,0
373,CASH_OUT,340110.58,C1228643126,19743.0,0.0,C1328051036,673626.84,1013737.42,0,0
373,CASH_IN,39850.15,C1953811944,4618931.22,4658781.37,C389503438,849731.59,809881.44,0,0
373,CASH_OUT,292335.59,C680263924,301410.43,9074.84,C1504185577,3539801.31,3832136.9,0,0
373,CASH_OUT,348963.63,C195326027,200.0,0.0,C1780484526,1596963.17,1945926.79,0,0
373,CASH_OUT,124950.89,C622585111,0.0,0.0,C679326750,2080307.7,2205258.59,0,0
373,CASH_IN,132093.44,C1951137217,2859243.48,2991336.92,C932220016,228748.83,96655.38,0,0
373,PAYMENT,14431.51,C1548151885,29898.61,15467.1,M1650923290,0.0,0.0,0,0
373,CASH_OUT,393359.72,C1549820871,50701.0,0.0,C1476693613,217048.42,610408.14,0,0
373,CASH_OUT,395298.86,C340134655,40472.0,0.0,C285043846,5780571.42,6175870.28,0,0
373,CASH_IN,194279.46,C797664999,1599927.96,1794207.42,C510579505,337205.24,142925.78,0,0
373,TRANSFER,19135.13,C1055810700,0.0,0.0,C1031469562,521366.29,540501.42,0,0
373,PAYMENT,25340.84,C1303416161,99458.0,74117.16,M195079451,0.0,0.0,0,0
373,CASH_IN,97265.51,C1260014099,10582438.36,10679703.87,C858289176,1597462.8,1500197.29,0,0
374,CASH_OUT,362794.08,C2105872610,20040.0,0.0,C606955440,4587590.56,4950384.64,0,0
374,CASH_OUT,143704.4,C2009335494,445.0,0.0,C1181019891,0.0,143704.4,0,0
374,TRANSFER,293858.19,C1118543801,0.0,0.0,C1496267859,353805.72,647663.91,0,0
374,PAYMENT,40784.97,C2016042272,0.0,0.0,M2001612775,0.0,0.0,0,0
374,PAYMENT,18282.01,C378666411,0.0,0.0,M491680382,0.0,0.0,0,0
374,CASH_IN,65144.87,C1301954067,50751.0,115895.87,C543543430,202426.94,137282.07,0,0
374,PAYMENT,23177.01,C811670063,342555.53,319378.52,M1363787800,0.0,0.0,0,0
374,PAYMENT,1476.75,C104135242,258987.0,257510.25,M1889736492,0.0,0.0,0,0
374,PAYMENT,31968.76,C522036166,0.0,0.0,M995105608,0.0,0.0,0,0
374,PAYMENT,11036.41,C1367837415,0.0,0.0,M1102388814,0.0,0.0,0,0
374,PAYMENT,51091.35,C1511992043,611078.0,559986.65,M387890354,0.0,0.0,0,0
374,PAYMENT,25589.81,C1913495453,80659.0,55069.19,M409788038,0.0,0.0,0,0
374,CASH_IN,150736.82,C701931296,10813.0,161549.82,C1529001420,0.0,0.0,0,0
374,CASH_OUT,5306.13,C2096448920,8775.0,3468.87,C1936252695,54307.48,59613.61,0,0
374,CASH_OUT,174688.87,C817447763,0.0,0.0,C1321530694,3774397.48,3949086.35,0,0
374,CASH_IN,162479.39,C1390423917,3737965.13,3900444.51,C1512228218,16045680.01,15883200.62,0,0
374,PAYMENT,8448.64,C52552927,67.0,0.0,M135454889,0.0,0.0,0,0
374,CASH_IN,428598.95,C876111846,20895.0,449493.95,C1313054018,522927.22,94328.27,0,0
374,CASH_IN,1174.2,C2001063855,24470402.09,24471576.29,C141206662,359845.9,358671.7,0,0
374,CASH_IN,160993.93,C39754564,2026031.61,2187025.54,C598831647,6668419.63,6507425.7,0,0
374,CASH_IN,116878.33,C581309186,558.0,117436.33,C795702734,3048799.2,2931920.88,0,0
374,PAYMENT,18782.44,C1509494744,186746.0,167963.56,M1436113418,0.0,0.0,0,0
374,CASH_IN,54700.65,C1811757165,11519272.85,11573973.49,C1397213809,15087283.57,14906859.6,0,0
374,PAYMENT,1658.21,C1622521997,0.0,0.0,M1410100692,0.0,0.0,0,0
374,PAYMENT,5962.19,C1803918264,19407.37,13445.18,M150718170,0.0,0.0,0,0
374,CASH_IN,156942.2,C1723577426,74350.0,231292.2,C1073141022,169727.66,12785.46,0,0
374,CASH_OUT,58904.62,C1163284103,0.0,0.0,C163092665,412147.15,471051.77,0,0
374,CASH_IN,111460.47,C331399409,2030972.12,2142432.6,C878583036,1205564.5,1094104.03,0,0
374,CASH_IN,112064.61,C658709891,63938.0,176002.61,C2090755728,0.0,0.0,0,0
374,TRANSFER,357002.71,C1219702344,0.0,0.0,C2064641933,2397402.72,2754405.43,0,0
374,PAYMENT,3527.65,C1224369751,10294.0,6766.35,M1222219732,0.0,0.0,0,0
374,PAYMENT,951.15,C572699877,0.0,0.0,M614509465,0.0,0.0,0,0
374,PAYMENT,9336.97,C595136939,0.0,0.0,M1671504425,0.0,0.0,0,0
374,CASH_IN,90308.6,C56576260,1143475.35,1233783.95,C588856923,820954.12,730645.52,0,0
374,CASH_OUT,98895.6,C1358358505,274043.0,175147.4,C493853099,219807.48,318703.08,0,0
374,CASH_OUT,62660.27,C1675262686,63590.0,929.73,C386885775,27181.03,89841.3,0,0
374,PAYMENT,16819.15,C77290909,27373.0,10553.85,M1592967765,0.0,0.0,0,0
374,TRANSFER,293683.71,C1260522938,0.0,0.0,C394097764,15245765.85,15539449.56,0,0
374,CASH_OUT,169371.01,C242942292,0.0,0.0,C791314219,1165251.12,1334622.12,0,0
374,CASH_OUT,27656.93,C329124561,1237.0,0.0,C857570441,3959276.33,3986933.26,0,0
374,CASH_OUT,149277.53,C195824996,0.0,0.0,C1695645073,7253166.4,7402443.93,0,0
374,CASH_IN,90954.97,C1962880538,50451.0,141405.97,C400402830,0.0,0.0,0,0
374,CASH_OUT,284234.0,C726708160,296663.99,12429.99,C992369703,1337175.87,1621409.88,0,0
374,CASH_IN,255922.25,C426259931,51471.0,307393.25,C61658605,0.0,0.0,0,0
374,PAYMENT,25763.71,C362716688,141939.12,116175.4,M813185160,0.0,0.0,0,0
374,PAYMENT,10470.23,C1290210638,0.0,0.0,M1625488722,0.0,0.0,0,0
374,PAYMENT,41124.1,C1936221810,0.0,0.0,M995715748,0.0,0.0,0,0
375,PAYMENT,37514.24,C897701516,26302.0,0.0,M356527669,0.0,0.0,0,0
375,CASH_OUT,205726.24,C567779320,11209.0,0.0,C25732766,0.0,205726.24,0,0
375,PAYMENT,44923.46,C540735290,0.0,0.0,M1634792635,0.0,0.0,0,0
375,DEBIT,1297.2,C135608085,5061.0,3763.8,C1616539711,10263012.66,10264309.86,0,0
375,CASH_OUT,198862.27,C462479434,0.0,0.0,C461207720,1920758.14,2119620.41,0,0
375,PAYMENT,6291.39,C882422221,0.0,0.0,M1300803679,0.0,0.0,0,0
375,CASH_OUT,430065.17,C766811327,696.0,0.0,C2065092820,110284.63,540349.8,0,0
375,CASH_IN,325679.47,C1158269040,7723338.48,8049017.94,C740803742,678366.05,352686.59,0,0
375,PAYMENT,3709.36,C683880574,0.0,0.0,M2133152985,0.0,0.0,0,0
375,PAYMENT,9571.86,C1932144372,0.0,0.0,M549756510,0.0,0.0,0,0
375,PAYMENT,11518.55,C102422389,20045.0,8526.45,M1327643615,0.0,0.0,0,0
375,CASH_OUT,33372.72,C1424799787,551729.0,518356.28,C908817942,10200007.39,10233380.11,0,0
375,CASH_IN,103168.7,C1188304078,2020693.52,2123862.22,C646127870,928772.66,825603.96,0,0
375,CASH_OUT,158485.49,C1792936129,407819.0,249333.51,C1999393976,150344.37,308829.86,0,0
375,PAYMENT,23376.42,C417029432,106540.02,83163.59,M978471489,0.0,0.0,0,0
375,CASH_IN,282452.82,C1176970388,178.0,282630.82,C2125227661,1274195.02,991742.2,0,0
375,CASH_OUT,44335.84,C1574858774,0.0,0.0,C730772371,1319219.44,1363555.28,0,0
375,CASH_IN,23746.7,C144566516,2275688.26,2299434.95,C1068974192,168671.67,144924.98,0,0
375,CASH_OUT,548556.08,C1867084177,0.0,0.0,C706574896,638489.12,1187045.2,0,0
375,PAYMENT,4413.85,C1128520667,172608.26,168194.41,M1683287793,0.0,0.0,0,0
375,CASH_OUT,90715.99,C523573639,11846.0,0.0,C1806994556,37825.38,128541.37,0,0
375,CASH_OUT,132280.11,C1104387526,11448.0,0.0,C779940568,1698796.38,1831076.48,0,0
375,CASH_OUT,375880.69,C251499089,90825.0,0.0,C1217273105,1218660.1,1205270.65,0,0
375,TRANSFER,1121736.47,C1819903764,10351.0,0.0,C975826124,462088.99,1583825.47,0,0
375,PAYMENT,3172.38,C776921794,0.0,0.0,M373640960,0.0,0.0,0,0
375,CASH_OUT,182918.31,C665999045,32164.0,0.0,C1671877957,177100.98,360019.29,0,0
375,CASH_IN,43024.26,C923192433,660476.77,703501.03,C1265224479,1410943.81,1367919.55,0,0
375,CASH_OUT,279705.22,C2052062222,2245.0,0.0,C781436386,429047.72,708752.94,0,0
375,CASH_IN,245284.91,C2017742298,815.0,246099.91,C1869377229,278637.96,33353.05,0,0
375,CASH_OUT,6696.45,C94860118,0.0,0.0,C1143198300,376772.95,383469.4,0,0
375,CASH_OUT,190565.3,C2139613513,48818.0,0.0,C1599949792,0.0,190565.3,0,0
375,CASH_OUT,9381.18,C1777409724,0.0,0.0,C1694303,273551.32,282932.49,0,0
375,PAYMENT,7545.41,C991220323,21172.0,13626.59,M7039544,0.0,0.0,0,0
375,TRANSFER,704529.53,C1505999972,16403.0,0.0,C1530436144,371891.36,1076420.89,0,0
375,CASH_OUT,278235.87,C1636153940,0.0,0.0,C1178842171,1650192.1,1928427.97,0,0
375,PAYMENT,4034.71,C965026862,97037.0,93002.29,M644530997,0.0,0.0,0,0
375,CASH_OUT,149476.65,C1439180873,136.0,0.0,C653860329,25296.51,174773.16,0,0
375,CASH_OUT,39941.28,C36358035,0.0,0.0,C1190266541,3546105.12,3586046.41,0,0
375,CASH_OUT,198296.66,C1423879504,608952.56,410655.9,C1459692379,8581426.71,8779723.37,0,0
375,PAYMENT,12091.38,C246057148,249321.0,237229.62,M1272798635,0.0,0.0,0,0
375,CASH_OUT,122684.92,C411146098,0.0,0.0,C1624424893,313333.0,436017.91,0,0
375,PAYMENT,13259.28,C2055927082,839210.46,825951.17,M1094590706,0.0,0.0,0,0
375,CASH_OUT,254696.85,C762374829,0.0,0.0,C1023082073,363139.66,617836.51,0,0
375,CASH_OUT,58507.02,C1962679196,906023.0,847515.98,C526470353,178940.85,237447.87,0,0
375,CASH_IN,225422.55,C380694997,145.0,225567.55,C984751433,1161081.99,935659.44,0,0
376,CASH_IN,103241.26,C2000411359,2187956.05,2291197.31,C62115133,622649.09,519407.83,0,0
376,CASH_OUT,61961.24,C37932356,59401.0,0.0,C2142575639,28904.38,90865.62,0,0
376,CASH_IN,120988.87,C1348151013,50230.0,171218.87,C1957692088,203040.01,82051.14,0,0
376,PAYMENT,36618.26,C273241,50478.0,13859.74,M171317201,0.0,0.0,0,0
376,PAYMENT,12494.76,C702638690,68943.0,56448.24,M1321091677,0.0,0.0,0,0
376,CASH_IN,19467.09,C932934242,147039.0,166506.09,C522306885,256482.17,237015.08,0,0
376,PAYMENT,31220.58,C1375471057,0.0,0.0,M400486825,0.0,0.0,0,0
376,CASH_OUT,20058.48,C335548178,0.0,0.0,C105131110,3628923.49,3648981.97,0,0
376,CASH_OUT,257262.88,C1318415496,0.0,0.0,C1874090656,527009.35,784272.23,0,0
376,CASH_IN,148885.08,C1537006788,22866138.67,23015023.75,C2022227580,233949.27,85064.19,0,0
376,CASH_IN,236506.17,C641955778,5287960.35,5524466.52,C1342536294,2300994.62,2064488.45,0,0
376,CASH_IN,358153.8,C1347961543,9433.0,367586.8,C672568303,0.0,0.0,0,0
376,PAYMENT,3541.98,C1172061561,39098.0,35556.02,M220800379,0.0,0.0,0,0
376,PAYMENT,13424.49,C475326998,17560.0,4135.51,M1136974422,0.0,0.0,0,0
376,CASH_OUT,468923.04,C552542840,0.0,0.0,C1022415041,564768.2,1033691.24,0,0
376,CASH_OUT,240112.66,C2074038040,798.0,0.0,C839853221,0.0,240112.66,0,0
376,CASH_OUT,171313.66,C487663474,12697.0,0.0,C1469315450,181156.92,352470.58,0,0
376,PAYMENT,29700.56,C1897573016,21229.0,0.0,M508615210,0.0,0.0,0,0
376,CASH_OUT,20337.6,C1897921137,0.0,0.0,C142928201,931520.43,951858.02,0,0
376,TRANSFER,5942518.3,C714951716,2042.0,0.0,C54802999,16122605.56,22065123.86,0,0
376,PAYMENT,1278.01,C62908219,553545.5,552267.48,M1351200495,0.0,0.0,0,0
376,CASH_OUT,440952.61,C1135826860,152585.0,0.0,C1581783512,0.0,440952.61,0,0
376,TRANSFER,2423343.7,C40488086,696.0,0.0,C364892143,150899.07,2574242.77,0,0
376,CASH_IN,538574.89,C397522147,5604843.49,6143418.39,C2028007253,3339737.84,2801162.95,0,0
376,PAYMENT,22854.55,C134275453,265128.52,242273.96,M1670810490,0.0,0.0,0,0
376,CASH_IN,10198.79,C435661825,1879899.35,1890098.15,C1116650994,1805456.26,1795257.47,0,0
376,CASH_IN,330798.56,C1875398399,7814425.64,8145224.2,C1843876480,519589.51,188790.95,0,0
376,CASH_OUT,325836.09,C23308231,438419.54,112583.45,C1912531607,383545.2,709381.29,0,0
376,CASH_IN,168485.91,C1436011935,205411.0,373896.91,C162526774,0.0,0.0,0,0
376,TRANSFER,6606386.94,C1731781615,148179.0,0.0,C1977437304,0.0,6606386.94,0,0
376,PAYMENT,15788.83,C451510906,0.0,0.0,M600335709,0.0,0.0,0,0
376,TRANSFER,211288.29,C224854173,162.0,0.0,C317037054,2634583.4,2845871.69,0,0
377,CASH_OUT,40339.38,C1628749144,50395.0,10055.62,C13849277,0.0,40339.38,0,0
377,CASH_IN,148244.98,C1679986961,1189502.46,1337747.44,C1925740871,546829.09,398584.1,0,0
377,CASH_OUT,128926.39,C460133084,68097.0,0.0,C2102520930,0.0,128926.39,0,0
377,PAYMENT,381.23,C1240669976,23523.0,23141.77,M1235762873,0.0,0.0,0,0
377,PAYMENT,2775.94,C1514452539,0.0,0.0,M1060152815,0.0,0.0,0,0
377,PAYMENT,9110.08,C498583605,155684.0,146573.92,M640451820,0.0,0.0,0,0
377,CASH_IN,85623.83,C1278951682,1087428.08,1173051.91,C1620619210,89010.54,3386.71,0,0
377,CASH_IN,200779.09,C824681214,58569.0,259348.09,C1443733486,240182.96,39403.87,0,0
377,CASH_OUT,116042.52,C1417012956,2366.0,0.0,C1179408398,0.0,116042.52,0,0
377,CASH_IN,209810.23,C1116565201,123.0,209933.23,C826235718,158627.19,0.0,0,0
377,CASH_OUT,140244.13,C1649532933,0.0,0.0,C1227290053,753370.59,893614.72,0,0
377,CASH_OUT,129681.71,C2027449639,66239.0,0.0,C1747898089,2431.03,132112.74,0,0
377,CASH_OUT,94332.2,C1055064069,146.0,0.0,C507268895,0.0,94332.2,0,0
377,PAYMENT,1893.06,C305851084,0.0,0.0,M1634720460,0.0,0.0,0,0
377,CASH_IN,307234.1,C414380217,111.0,307345.1,C1999670584,616721.47,309487.37,0,0
377,CASH_OUT,191062.19,C364159704,15350.0,0.0,C348319512,961399.11,1152461.29,0,0
377,CASH_OUT,272571.68,C1469425207,0.0,0.0,C2106909142,381045.0,653616.67,0,0
377,CASH_OUT,440901.56,C1981981616,13492.0,0.0,C892471921,0.0,440901.56,0,0
377,CASH_OUT,15519.07,C1591646449,48800.0,33280.93,C571247185,46304.49,61823.56,0,0
377,CASH_OUT,393272.01,C436897326,103992.0,0.0,C1779666689,410532.57,803804.58,0,0
377,CASH_IN,382569.58,C1958596318,11201087.02,11583656.6,C1659845665,1949715.52,1567145.94,0,0
377,CASH_IN,142417.95,C627046443,222798.04,365215.99,C695985579,1808573.67,1666155.72,0,0
377,CASH_IN,243966.76,C1390769081,311.0,244277.76,C1112494575,244894.02,927.26,0,0
378,CASH_OUT,241074.05,C54575027,47044.0,0.0,C976581830,513483.12,754557.18,0,0
378,PAYMENT,8557.82,C1344418773,0.0,0.0,M1935175279,0.0,0.0,0,0
378,PAYMENT,7614.48,C1382808901,153672.0,146057.52,M1525854914,0.0,0.0,0,0
378,CASH_OUT,12357.72,C1023844800,0.0,0.0,C1865629187,132095.57,144453.29,0,0
378,PAYMENT,11254.9,C2112890153,198557.99,187303.09,M2008212991,0.0,0.0,0,0
378,TRANSFER,3936218.79,C1403104317,0.0,0.0,C1936655178,4846096.05,8782314.83,0,0
378,CASH_OUT,130339.93,C1563839589,690276.0,559936.07,C41651283,747381.47,877721.41,0,0
378,PAYMENT,15207.26,C1135139625,0.0,0.0,M50243375,0.0,0.0,0,0
378,TRANSFER,840478.61,C1056419769,0.0,0.0,C277671778,1114793.26,1955271.88,0,0
378,PAYMENT,2199.14,C163343841,0.0,0.0,M2092922421,0.0,0.0,0,0
378,CASH_OUT,36203.78,C851996908,0.0,0.0,C346874514,2526795.04,2562998.83,0,0
378,CASH_OUT,234385.38,C276288549,60567.24,0.0,C74137789,379436.97,613822.34,0,0
378,CASH_IN,203603.82,C20546472,1062617.54,1266221.36,C2123172962,2683133.52,2479529.7,0,0
378,CASH_OUT,168839.95,C404472949,189351.55,20511.6,C1514260572,1109698.33,1278538.28,0,0
378,PAYMENT,21564.23,C2043922584,659247.82,637683.59,M1037500999,0.0,0.0,0,0
378,PAYMENT,3615.17,C1391073383,0.0,0.0,M322252488,0.0,0.0,0,0
378,PAYMENT,8478.56,C76753713,765.0,0.0,M797759613,0.0,0.0,0,0
378,CASH_OUT,111710.87,C65720292,0.0,0.0,C1889659879,112190.6,223901.48,0,0
378,CASH_OUT,192040.61,C1427989205,51973.0,0.0,C368067311,503786.05,695826.66,0,0
378,CASH_OUT,254360.5,C759477436,0.0,0.0,C1928215129,474257.64,658023.43,0,0
378,TRANSFER,178979.67,C848870880,168.0,0.0,C1178532192,0.0,178979.67,0,0
378,CASH_OUT,219295.12,C2129544392,0.0,0.0,C1406056708,326710.2,546005.32,0,0
378,TRANSFER,125044.83,C1998307306,0.0,0.0,C56287825,677308.66,802353.49,0,0
378,CASH_OUT,187661.65,C1300002172,0.0,0.0,C1381742247,646493.65,834155.3,0,0
378,CASH_OUT,10649.66,C702980114,0.0,0.0,C1216802263,501378.26,512027.92,0,0
378,TRANSFER,27357.38,C732584827,0.0,0.0,C127509847,4469859.89,4497217.27,0,0
378,CASH_OUT,198297.66,C307679061,20403.0,0.0,C65502719,676710.13,875007.8,0,0
378,PAYMENT,3130.49,C1708650637,0.0,0.0,M1955694374,0.0,0.0,0,0
378,CASH_OUT,35893.39,C1720180290,0.0,0.0,C1766406789,201681.34,237574.73,0,0
378,TRANSFER,1237461.82,C504882681,0.0,0.0,C743293348,3923989.34,5161451.16,0,0
378,CASH_OUT,429938.0,C1445223025,0.0,0.0,C667065976,11685105.8,12115043.8,0,0
378,CASH_IN,78653.81,C398161330,1695689.71,1774343.52,C174791686,1242289.16,1163635.35,0,0
378,TRANSFER,402066.53,C1665301650,10278.0,0.0,C1496344484,135196.5,537263.02,0,0
378,CASH_IN,166863.08,C929916875,202446.0,369309.08,C1866442496,4262.58,0.0,0,0
378,TRANSFER,27625.08,C1427871112,99193.0,71567.92,C1344153640,1674059.58,1701684.66,0,0
378,CASH_OUT,47523.19,C549030017,0.0,0.0,C1504042366,1671879.85,1719403.04,0,0
378,CASH_OUT,67378.21,C134476823,180517.0,113138.79,C188633062,6109491.9,6176870.11,0,0
378,CASH_OUT,452871.68,C894006167,15100.0,0.0,C895816451,489228.46,942100.14,0,0
378,CASH_IN,188207.73,C1728290201,3596790.2,3784997.92,C1693639082,438906.07,250698.35,0,0
378,PAYMENT,15494.82,C739127051,0.0,0.0,M1528391467,0.0,0.0,0,0
378,CASH_IN,225812.88,C818911919,16519.0,242331.88,C1178866482,0.0,0.0,0,0
378,CASH_IN,32542.11,C1590887097,1880802.7,1913344.81,C1622326401,2298646.26,2266104.14,0,0
378,PAYMENT,3910.77,C1621048776,25885.0,21974.23,M1151695216,0.0,0.0,0,0
378,CASH_OUT,343080.25,C56751881,95160.0,0.0,C449872972,51203.44,394283.69,0,0
378,PAYMENT,11500.22,C794594872,437973.97,426473.74,M1851958302,0.0,0.0,0,0
378,CASH_IN,195413.96,C861695947,14121963.42,14317377.37,C210634136,346305.2,150891.25,0,0
378,CASH_OUT,152625.27,C759950352,0.0,0.0,C1383610937,368572.07,521197.34,0,0
378,CASH_OUT,244708.21,C1625685047,258.0,0.0,C702632046,105273.52,349981.73,0,0
378,CASH_OUT,205604.35,C2080539559,41764.0,0.0,C1916021249,0.0,205604.35,0,0
378,PAYMENT,21486.58,C2067499159,28212.34,6725.77,M2087335830,0.0,0.0,0,0
378,CASH_IN,212804.23,C2134888113,10294420.75,10507224.98,C551105065,4399771.27,4186967.04,0,0
378,TRANSFER,1429935.72,C1092526478,0.0,0.0,C649938094,4688552.1,6118487.82,0,0
378,PAYMENT,22757.46,C385870114,21647.0,0.0,M385893789,0.0,0.0,0,0
378,CASH_OUT,270218.88,C143454077,30270.0,0.0,C208067587,718298.37,988517.24,0,0
378,CASH_OUT,30038.45,C1289812994,0.0,0.0,C1872030161,144213.32,174251.76,0,0
378,CASH_OUT,225901.41,C1463749446,0.0,0.0,C920874192,747851.26,973752.67,0,0
378,CASH_OUT,177943.43,C150759039,8877.89,0.0,C1726507378,2280904.4,2458847.83,0,0
378,TRANSFER,119430.76,C1538959031,0.0,0.0,C8811663,1332103.27,1451534.03,0,0
378,CASH_OUT,60619.27,C1478795009,33845.0,0.0,C1327370216,68112.21,128731.48,0,0
378,CASH_IN,332603.59,C835326598,696462.0,1029065.59,C1196585359,157283.1,0.0,0,0
378,CASH_IN,254519.03,C937066543,6148088.82,6402607.85,C1697922932,3407226.98,3152707.95,0,0
378,PAYMENT,19773.48,C1145574599,55087.0,35313.52,M1960694139,0.0,0.0,0,0
378,PAYMENT,305.21,C1584306957,0.0,0.0,M1713535003,0.0,0.0,0,0
378,CASH_OUT,104377.47,C912674660,204576.0,100198.53,C1388228739,2143067.37,2247444.85,0,0
378,CASH_OUT,243710.83,C1566784292,186.0,0.0,C954047425,152363.14,396073.97,0,0
378,CASH_IN,48061.04,C206651434,2144904.86,2192965.9,C77869816,322530.92,274469.88,0,0
378,CASH_IN,179214.22,C1583031779,7408143.72,7587357.95,C719084482,300366.14,121151.92,0,0
378,CASH_OUT,137241.45,C1708645273,42389.01,0.0,C1738520779,208260.56,345502.02,0,0
379,PAYMENT,8239.16,C541719471,9573.0,1333.84,M417566444,0.0,0.0,0,0
379,CASH_OUT,129187.39,C1407789399,0.0,0.0,C1219036734,7400885.17,7530072.57,0,0
379,CASH_IN,79414.05,C1576264458,105831.0,185245.05,C1342831700,0.0,0.0,0,0
379,PAYMENT,8366.53,C640917506,43727.0,35360.47,M861945275,0.0,0.0,0,0
379,PAYMENT,14940.01,C1206295878,10934.0,0.0,M1583379410,0.0,0.0,0,0
379,CASH_IN,47480.39,C1312423466,2996583.63,3044064.02,C908943503,403029.76,355549.37,0,0
379,CASH_IN,114055.02,C767760490,5265246.23,5379301.24,C1398926019,228473.67,114418.66,0,0
379,CASH_OUT,127400.19,C2055572437,104.0,0.0,C1299886467,0.0,127400.19,0,0
379,TRANSFER,296111.52,C207543622,194238.0,0.0,C216526785,0.0,296111.52,0,0
379,CASH_OUT,132539.52,C1089719206,0.0,0.0,C1907456558,765634.07,898173.59,0,0
379,CASH_OUT,10924.59,C1023296939,0.0,0.0,C1057247403,186950.91,197875.5,0,0
379,CASH_OUT,44550.09,C1371472948,79141.38,34591.28,C942972811,261824.0,306374.09,0,0
379,PAYMENT,10032.54,C1025830277,296243.64,286211.1,M1762037834,0.0,0.0,0,0
379,CASH_OUT,104306.53,C1030593289,61897.0,0.0,C1067498149,0.0,104306.53,0,0
379,CASH_OUT,131071.82,C1982573126,62527.0,0.0,C124059364,8721543.18,8852615.0,0,0
379,CASH_OUT,295056.42,C1255279576,0.0,0.0,C616611715,3453689.12,3748745.54,0,0
379,CASH_OUT,168675.98,C537790131,0.0,0.0,C836905049,687841.68,856517.66,0,0
379,PAYMENT,4558.18,C266322363,0.0,0.0,M876466111,0.0,0.0,0,0
379,PAYMENT,7703.36,C651182431,199811.4,192108.04,M1143008661,0.0,0.0,0,0
379,CASH_IN,287449.72,C2085741560,12118.0,299567.72,C581445632,351215.73,63766.0,0,0
379,CASH_OUT,64613.16,C126649770,0.0,0.0,C880093008,220126.55,284739.71,0,0
379,CASH_OUT,55265.12,C1172578885,0.0,0.0,C184501003,123246.08,178511.2,0,0
379,TRANSFER,43168.29,C95754998,21293.0,0.0,C1249907901,0.0,43168.29,0,0
379,CASH_OUT,42693.99,C1684271257,0.0,0.0,C486058274,323473.07,333434.05,0,0
379,CASH_OUT,107842.9,C1020448928,26477.0,0.0,C1953220839,0.0,107842.9,0,0
379,PAYMENT,9172.48,C1639763609,0.0,0.0,M825749437,0.0,0.0,0,0
379,TRANSFER,72707.91,C535711385,9493.59,0.0,C1428876956,163902.95,236610.86,0,0
379,CASH_OUT,25876.1,C868431097,63.0,0.0,C593966687,69620.0,95496.09,0,0
379,CASH_OUT,104126.01,C1722370852,0.0,0.0,C1493850283,2779150.19,2883276.21,0,0
379,PAYMENT,13807.7,C1324388578,38515.64,24707.94,M1568163041,0.0,0.0,0,0
379,PAYMENT,64460.11,C1616298979,0.0,0.0,M372352106,0.0,0.0,0,0
379,PAYMENT,189.5,C971939470,0.0,0.0,M1486650843,0.0,0.0,0,0
379,PAYMENT,9537.37,C557992785,0.0,0.0,M1953132647,0.0,0.0,0,0
379,CASH_IN,82796.32,C2147146929,100797.0,183593.32,C2109858867,285386.76,202590.43,0,0
379,CASH_IN,291847.9,C1787645262,533.0,292380.9,C1945237744,0.0,0.0,0,0
379,CASH_OUT,143849.04,C1770236095,0.0,0.0,C329242759,268358.81,412207.85,0,0
379,CASH_OUT,88731.43,C423878686,0.0,0.0,C1782265051,643309.95,732041.38,0,0
379,PAYMENT,4825.44,C568251498,273098.79,268273.36,M1449691245,0.0,0.0,0,0
379,CASH_OUT,180159.96,C969637081,430.0,0.0,C2058012113,64782.88,244942.84,0,0
379,CASH_OUT,57636.54,C91735865,0.0,0.0,C1565750596,906485.9,964122.44,0,0
379,CASH_IN,235068.73,C307925475,2855490.55,3090559.28,C84557258,1249715.02,1014646.29,0,0
379,TRANSFER,178698.06,C403632380,0.0,0.0,C1952640618,1199600.98,1378299.04,0,0
379,PAYMENT,40771.25,C892813535,0.0,0.0,M892814629,0.0,0.0,0,0
379,CASH_IN,148740.3,C1660490244,10108525.9,10257266.19,C1452904217,368226.61,219486.31,0,0
379,DEBIT,703.17,C281985920,138.0,0.0,C2049909007,2344291.98,2344995.15,0,0
379,TRANSFER,375258.58,C196171291,28751.0,0.0,C670392688,0.0,375258.58,0,0
379,PAYMENT,140.63,C398141880,588643.0,588502.37,M914632243,0.0,0.0,0,0
379,CASH_IN,104066.29,C105380601,18368.0,122434.29,C429509677,116810.09,12743.8,0,0
379,PAYMENT,15372.61,C102699180,58725.26,43352.65,M1045922822,0.0,0.0,0,0
379,PAYMENT,24068.89,C628430186,11006.0,0.0,M1626900288,0.0,0.0,0,0
379,CASH_OUT,27117.61,C228342920,340115.95,312998.34,C600292621,0.0,27117.61,0,0
379,PAYMENT,15758.76,C1817222691,0.0,0.0,M99708339,0.0,0.0,0,0
379,CASH_OUT,140346.23,C1124753638,6001.0,0.0,C1563118954,8243556.5,8383902.73,0,0
379,CASH_OUT,342053.49,C695827669,158454.0,0.0,C1116414158,0.0,342053.49,0,0
379,PAYMENT,276.56,C1555937004,0.0,0.0,M534267327,0.0,0.0,0,0
379,CASH_IN,154999.64,C80415619,3024509.87,3179509.51,C841838152,3132397.07,2977397.43,0,0
379,PAYMENT,2409.36,C73790571,0.0,0.0,M648213076,0.0,0.0,0,0
379,PAYMENT,3068.26,C1452764332,15762.0,12693.74,M1554692666,0.0,0.0,0,0
379,CASH_OUT,185573.52,C1124578986,0.0,0.0,C1622550877,399245.94,584819.46,0,0
379,PAYMENT,19775.57,C2091381341,101500.0,81724.43,M1224901065,0.0,0.0,0,0
379,CASH_OUT,283404.96,C1864437715,10580.0,0.0,C835842447,4319997.19,4603402.15,0,0
379,PAYMENT,19438.39,C1830696098,14531.0,0.0,M1514694326,0.0,0.0,0,0
379,PAYMENT,8333.3,C1862523560,99726.0,91392.7,M1132221985,0.0,0.0,0,0
379,CASH_OUT,66854.5,C1040400653,0.0,0.0,C1308386084,8381357.94,8448212.45,0,0
379,PAYMENT,2556.61,C1554906319,2161.0,0.0,M1405355567,0.0,0.0,0,0
379,CASH_IN,241243.63,C1672427488,5711422.95,5952666.58,C1885384882,1719986.05,1478742.42,0,0
379,CASH_OUT,162286.47,C914814412,45654.0,0.0,C2128798732,0.0,162286.47,0,0
379,PAYMENT,7924.53,C1629944765,36167.91,28243.38,M1554052884,0.0,0.0,0,0
379,CASH_OUT,68010.22,C36414229,110727.0,42716.78,C756414827,0.0,68010.22,0,0
379,CASH_OUT,453911.33,C2099731457,0.0,0.0,C89155012,538549.21,992460.54,0,0
379,CASH_IN,281652.32,C1106711446,34776.0,316428.32,C722532039,2084144.02,1802491.7,0,0
379,PAYMENT,2028.49,C960392324,0.0,0.0,M119152939,0.0,0.0,0,0
379,CASH_IN,109576.29,C1972290310,16743.0,126319.29,C1620047929,2169406.05,2059829.76,0,0
380,CASH_OUT,125580.97,C1671030071,50648.0,0.0,C1353799965,462632.46,588213.43,0,0
380,PAYMENT,3864.37,C1841668902,108561.63,104697.26,M1254276077,0.0,0.0,0,0
380,CASH_IN,154821.29,C2042987558,100584.0,255405.29,C1968031190,0.0,0.0,0,0
380,CASH_OUT,156306.94,C994257071,141.0,0.0,C571086548,2467715.38,2624022.32,0,0
380,CASH_IN,46684.67,C719270202,1060.0,47744.67,C758785093,1131742.5,1085057.83,0,0
380,PAYMENT,4804.43,C1569766795,485208.46,480404.03,M1535148850,0.0,0.0,0,0
380,CASH_OUT,138740.92,C64269519,0.0,0.0,C519266911,3302333.44,3441074.36,0,0
380,PAYMENT,40700.08,C410984580,0.0,0.0,M746955642,0.0,0.0,0,0
380,CASH_OUT,76856.44,C970939265,0.0,0.0,C386471466,839383.2,916239.64,0,0
380,CASH_IN,137599.77,C1628457599,11183783.07,11321382.84,C982551338,1339251.23,1201651.46,0,0
380,CASH_OUT,204204.94,C1120890846,107523.0,0.0,C1914957215,1059121.45,1263326.39,0,0
380,CASH_OUT,356224.58,C1825406637,20625.0,0.0,C1993774383,251405.83,607630.42,0,0
380,CASH_OUT,98974.56,C591790592,0.0,0.0,C816510513,103105.23,202079.79,0,0
380,CASH_OUT,161720.75,C1445543988,0.0,0.0,C1188392295,5563270.87,5724991.62,0,0
380,CASH_OUT,176655.43,C83262684,75205.82,0.0,C1161793313,2346171.16,2522826.6,0,0
380,CASH_OUT,253432.05,C899261156,64807.0,0.0,C2056214471,0.0,253432.05,0,0
380,TRANSFER,168617.05,C1979936486,21315.0,0.0,C2051983506,67405.74,236022.79,0,0
380,CASH_OUT,162025.75,C1802453062,31568.0,0.0,C795900701,97256.92,259282.67,0,0
380,CASH_OUT,91128.58,C1224386317,0.0,0.0,C709269860,813738.5,904867.08,0,0
380,CASH_OUT,121089.25,C396808330,45070.0,0.0,C730858219,306066.82,427156.07,0,0
380,CASH_OUT,154276.0,C1899004596,24285.0,0.0,C1514000816,703914.66,858190.65,0,0
380,CASH_IN,5836.26,C586527353,8510668.0,8516504.27,C1793507186,103595.03,97758.76,0,0
380,PAYMENT,11088.39,C1705624005,2816.0,0.0,M949875030,0.0,0.0,0,0
380,CASH_OUT,2784.51,C1421116236,2784.51,0.0,C1258126361,4927905.98,4930690.49,1,0
380,TRANSFER,832331.2,C2128627440,60056.0,0.0,C1548705505,2905414.36,3737745.56,0,0
380,TRANSFER,431008.97,C1871713411,0.0,0.0,C912844239,748562.42,1179571.39,0,0
380,PAYMENT,14550.43,C357960720,174038.0,159487.57,M1481602149,0.0,0.0,0,0
380,PAYMENT,18227.57,C458675443,0.0,0.0,M630303611,0.0,0.0,0,0
380,CASH_OUT,24976.77,C773598898,29915.0,4938.23,C2051512830,12501512.79,12526489.56,0,0
380,PAYMENT,4362.18,C1329779505,559478.51,555116.34,M650175266,0.0,0.0,0,0
380,PAYMENT,7953.54,C423541628,13961.0,6007.46,M2097858953,0.0,0.0,0,0
380,CASH_OUT,495777.39,C197882861,0.0,0.0,C1369974299,2172970.19,2668747.58,0,0
380,CASH_IN,20472.74,C1606344050,3991785.9,4012258.64,C1226653382,130932.41,110459.67,0,0
380,CASH_OUT,275982.45,C156877695,32402.0,0.0,C620451671,0.0,275982.45,0,0
380,TRANSFER,1264334.55,C1193945265,0.0,0.0,C1513618136,3162566.84,4426901.38,0,0
380,PAYMENT,5063.99,C1347841885,0.0,0.0,M1629863320,0.0,0.0,0,0
380,PAYMENT,2502.16,C628073042,0.0,0.0,M2077494577,0.0,0.0,0,0
380,CASH_IN,61890.5,C1033006566,10686.0,72576.5,C1686666134,30589370.91,30527480.41,0,0
380,PAYMENT,5204.05,C634901903,0.0,0.0,M1282295795,0.0,0.0,0,0
380,CASH_IN,247046.54,C585085828,598.0,247644.54,C1790625613,8783343.09,8536296.55,0,0
380,CASH_OUT,107768.23,C10378299,95551.5,0.0,C1913766187,1486973.68,1594741.91,0,0
380,TRANSFER,3172841.89,C433895264,0.0,0.0,C111288363,5159401.37,8332243.25,0,0
380,PAYMENT,2473.31,C823121460,674046.0,671572.69,M1313916383,0.0,0.0,0,0
380,CASH_IN,331823.66,C1403918480,4820539.19,5152362.85,C1613837606,1209177.9,877354.24,0,0
380,PAYMENT,10889.74,C1522841225,41005.0,30115.26,M754459053,0.0,0.0,0,0
380,CASH_IN,71714.82,C87757012,7228379.31,7300094.13,C2019950759,122100.44,50385.62,0,0
380,CASH_IN,70205.37,C692841486,1366683.64,1436889.02,C1769703697,337834.43,267629.06,0,0
380,CASH_OUT,225226.06,C1457830189,0.0,0.0,C1588901313,504265.45,729491.51,0,0
380,CASH_IN,85184.4,C1148492147,31280.0,116464.4,C442308613,81386.31,0.0,0,0
380,CASH_OUT,207926.49,C1917855263,0.0,0.0,C471791577,5814088.73,6022015.22,0,0
380,PAYMENT,5177.28,C523541546,0.0,0.0,M236388587,0.0,0.0,0,0
380,CASH_IN,158775.83,C766615484,18293707.04,18452482.87,C1383666566,3476593.39,3317817.56,0,0
380,CASH_IN,25362.02,C725548442,22403.0,47765.02,C428843755,27403.0,2040.98,0,0
380,TRANSFER,174953.73,C1527726062,28293.58,0.0,C526880515,845313.01,1020266.73,0,0
380,PAYMENT,9808.07,C1340789959,8693.95,0.0,M2034760425,0.0,0.0,0,0
380,CASH_IN,52065.76,C1747790968,15833971.05,15886036.81,C1571487561,321555.49,269489.73,0,0
380,CASH_OUT,179198.97,C856992937,0.0,0.0,C328916762,1604537.68,1783736.65,0,0
380,CASH_IN,182248.09,C862594440,608705.62,790953.71,C1081361515,521349.32,339101.23,0,0
380,CASH_IN,177969.41,C1264743874,9782760.74,9960730.15,C1013254983,1344420.32,1166450.9,0,0
380,PAYMENT,6047.03,C394789817,73070.0,67022.97,M1882122394,0.0,0.0,0,0
381,PAYMENT,24440.05,C1810005826,46610.08,22170.03,M883469135,0.0,0.0,0,0
381,CASH_OUT,102449.27,C324117755,16120.0,0.0,C667502238,28727.96,131177.23,0,0
381,CASH_OUT,69799.23,C1783055324,160.0,0.0,C601202900,0.0,69799.23,0,0
381,CASH_OUT,31200.7,C1184539012,0.0,0.0,C76627760,1197199.1,1228399.8,0,0
381,PAYMENT,5661.24,C418352741,3805.93,0.0,M460934198,0.0,0.0,0,0
381,PAYMENT,3715.3,C1744408255,0.0,0.0,M1764411077,0.0,0.0,0,0
381,CASH_IN,38843.47,C554798920,69551.0,108394.47,C281745415,0.0,0.0,0,0
381,PAYMENT,20038.01,C409547383,54434.0,34395.99,M2006039283,0.0,0.0,0,0
381,CASH_OUT,53902.44,C2117676433,40929.0,0.0,C112500770,594132.68,648035.11,0,0
381,TRANSFER,224189.02,C662068423,0.0,0.0,C1158269775,678952.17,903141.19,0,0
381,PAYMENT,11533.43,C1344795856,0.0,0.0,M713544579,0.0,0.0,0,0
381,CASH_IN,159549.58,C1334061152,1418464.61,1578014.19,C866923825,11182249.41,11022699.83,0,0
381,PAYMENT,14354.94,C663401124,5681.0,0.0,M1605566831,0.0,0.0,0,0
381,PAYMENT,2505.72,C201199747,82698.31,80192.59,M1987720642,0.0,0.0,0,0
381,CASH_OUT,347763.36,C1190351057,190139.97,0.0,C13064532,1226929.23,1574692.59,0,0
381,CASH_OUT,367179.53,C43942284,0.0,0.0,C1873518424,895184.59,1262364.13,0,0
381,CASH_OUT,256248.05,C1182386818,0.0,0.0,C312146715,39806072.14,40062320.2,0,0
381,TRANSFER,879934.43,C2054674202,0.0,0.0,C878690731,1309706.3,2189640.74,0,0
381,CASH_IN,130157.0,C1263758870,850726.61,980883.62,C185534850,618080.82,487923.82,0,0
382,CASH_IN,327247.66,C110654413,1456704.67,1783952.33,C285638408,1585468.45,1258220.79,0,0
382,PAYMENT,19871.83,C2085460429,6686.0,0.0,M54624334,0.0,0.0,0,0
382,PAYMENT,18223.64,C1485890825,543.0,0.0,M875008615,0.0,0.0,0,0
382,PAYMENT,4637.45,C1108691732,275167.0,270529.55,M1431796034,0.0,0.0,0,0
382,CASH_OUT,219201.06,C1564257336,0.0,0.0,C1745829815,867948.46,1087149.52,0,0
382,TRANSFER,228293.08,C108152638,232779.0,4485.92,C713566658,522012.4,750305.48,0,0
382,PAYMENT,6940.63,C1261268246,769.0,0.0,M2038865387,0.0,0.0,0,0
382,PAYMENT,4688.65,C2029097611,965098.0,960409.35,M1808959461,0.0,0.0,0,0
382,PAYMENT,14449.69,C1708496449,0.0,0.0,M462507131,0.0,0.0,0,0
382,TRANSFER,331409.57,C1295240889,47896.32,0.0,C85122438,1364638.66,1696048.23,0,0
382,PAYMENT,3529.54,C1940189354,14557.0,11027.46,M917706044,0.0,0.0,0,0
382,TRANSFER,144905.65,C2112837822,0.0,0.0,C1481935310,572920.83,717826.48,0,0
382,CASH_IN,195617.34,C2068933344,26405072.94,26600690.29,C919959042,197412.91,1795.57,0,0
382,CASH_OUT,73336.77,C1498228569,0.0,0.0,C456915594,1366215.92,1439552.69,0,0
382,CASH_IN,183536.89,C686018095,15314880.32,15498417.21,C1920742977,1277810.27,1094273.39,0,0
382,PAYMENT,66745.1,C1988568891,267127.21,200382.1,M1299686225,0.0,0.0,0,0
382,CASH_OUT,177150.19,C1084246255,0.0,0.0,C582277450,268395.87,445546.07,0,0
382,CASH_IN,244257.15,C2022398964,2297.0,246554.15,C1618662243,240145.3,0.0,0,0
383,CASH_OUT,213945.78,C1066497517,104484.0,0.0,C316394622,3476467.46,3690413.24,0,0
383,PAYMENT,6908.39,C295995396,408782.61,401874.23,M477964158,0.0,0.0,0,0
383,CASH_IN,202732.32,C675563087,5724386.1,5927118.42,C1659270825,1368911.83,1166179.51,0,0
383,CASH_IN,421170.26,C590121316,2235091.7,2656261.95,C1708573854,719808.9,298638.65,0,0
383,PAYMENT,2766.22,C1321041598,18996.0,16229.78,M1720403702,0.0,0.0,0,0
383,PAYMENT,7092.78,C1582454026,680.0,0.0,M611306995,0.0,0.0,0,0
383,TRANSFER,414476.08,C149874674,0.0,0.0,C508886037,1682906.7,2097382.78,0,0
383,DEBIT,2988.03,C984739597,5065.0,2076.97,C850779445,618663.79,621651.83,0,0
383,PAYMENT,4018.22,C674902908,19841.0,15822.78,M1423776764,0.0,0.0,0,0
383,PAYMENT,18865.47,C1255356801,293.08,0.0,M2142320209,0.0,0.0,0,0
383,PAYMENT,840.57,C1572392876,13670.0,12829.43,M1670507265,0.0,0.0,0,0
384,TRANSFER,563577.66,C88397224,0.0,0.0,C91608705,1062563.94,1626141.6,0,0
384,PAYMENT,1558.97,C403499315,19351.0,17792.03,M485495585,0.0,0.0,0,0
384,PAYMENT,6315.82,C208543507,73587.0,67271.18,M1932783780,0.0,0.0,0,0
385,CASH_IN,68407.87,C1903720402,2860266.09,2928673.96,C885118947,1356696.69,1288288.82,0,0
385,CASH_OUT,101452.42,C1304590006,163705.0,62252.58,C827580543,100848.44,202300.86,0,0
385,PAYMENT,2226.71,C563668101,29758.0,27531.29,M1905102072,0.0,0.0,0,0
386,CASH_OUT,218197.89,C236228347,0.0,0.0,C667889841,551311.49,769509.38,0,0
393,PAYMENT,144.85,C1998638760,5994.39,5849.55,M496900929,0.0,0.0,0,0
393,CASH_OUT,236182.74,C2135379453,0.0,0.0,C10424741,489133.89,725316.63,0,0
393,DEBIT,10777.24,C301836788,37004.92,26227.68,C1794783918,358568.04,369345.28,0,0
393,PAYMENT,12957.26,C1661113683,90223.19,77265.92,M867983029,0.0,0.0,0,0
393,PAYMENT,30214.81,C344253480,25598.13,0.0,M53671246,0.0,0.0,0,0
393,PAYMENT,31790.2,C436283559,71265.0,39474.8,M1141514550,0.0,0.0,0,0
393,PAYMENT,11447.07,C1142386063,0.0,0.0,M1881117424,0.0,0.0,0,0
393,PAYMENT,5400.55,C952032423,360119.5,354718.95,M1385062955,0.0,0.0,0,0
393,PAYMENT,2027.82,C1962087066,2013.0,0.0,M1344558863,0.0,0.0,0,0
393,CASH_IN,49495.64,C1911536928,20080.0,69575.64,C1562724732,1390218.59,1340722.95,0,0
393,CASH_OUT,109983.19,C1758880889,72597.0,0.0,C2025666546,3710629.39,3820612.58,0,0
393,CASH_IN,17624.14,C1023049124,2859121.15,2876745.29,C314088117,760028.59,742404.45,0,0
393,PAYMENT,8285.53,C311916632,0.0,0.0,M945823531,0.0,0.0,0,0
393,PAYMENT,39790.88,C1577492912,196341.12,156550.25,M190597110,0.0,0.0,0,0
393,CASH_IN,64797.72,C1279191586,25858.0,90655.72,C1467341912,363176.4,298378.68,0,0
393,TRANSFER,2882389.2,C691695223,15901.0,0.0,C810872093,47472.36,2929861.56,0,0
393,CASH_OUT,133912.28,C332864638,407329.0,273416.72,C848846707,242687.51,376599.8,0,0
393,CASH_IN,117301.32,C723575654,14360277.07,14477578.39,C45991423,3188224.69,3070923.37,0,0
393,CASH_IN,288083.29,C2142623373,15331119.26,15619202.55,C717248374,2468372.25,2180288.96,0,0
393,PAYMENT,30777.25,C1564859481,246557.0,215779.75,M1367001778,0.0,0.0,0,0
393,PAYMENT,32677.79,C1898401973,11277.0,0.0,M80100074,0.0,0.0,0,0
393,TRANSFER,950271.66,C915871288,0.0,0.0,C1292857978,2029701.12,2979972.78,0,0
393,CASH_OUT,281744.82,C891216333,305834.0,24089.18,C184862752,62981.42,344726.24,0,0
393,PAYMENT,38099.46,C441385812,700817.0,662717.54,M284881628,0.0,0.0,0,0
393,CASH_OUT,114326.32,C2041821866,23275.0,0.0,C2075822976,4237038.46,4351364.77,0,0
393,PAYMENT,44175.6,C1283390977,0.0,0.0,M975011576,0.0,0.0,0,0
394,PAYMENT,7105.5,C2124104431,699195.0,692089.5,M961581577,0.0,0.0,0,0
394,CASH_IN,379278.07,C1162816155,10531.0,389809.07,C1213623377,2716856.09,2337578.02,0,0
394,CASH_IN,335989.35,C1765770491,1257.0,337246.35,C2059150095,0.0,0.0,0,0
394,CASH_OUT,36463.65,C1458201201,0.0,0.0,C936657731,853087.33,889550.97,0,0
394,CASH_OUT,225872.94,C1970354235,975592.0,749719.06,C1005617064,3158972.18,3384845.12,0,0
394,CASH_OUT,69998.21,C1551988078,11964.0,0.0,C624640922,96554.33,166552.54,0,0
394,PAYMENT,19445.29,C813114480,29720.0,10274.71,M1705878096,0.0,0.0,0,0
394,CASH_OUT,132893.45,C490898743,10724.92,0.0,C704043372,209593.54,342486.99,0,0
394,CASH_OUT,370296.46,C865522590,0.0,0.0,C406290303,428569.88,798866.34,0,0
394,CASH_IN,148055.21,C50634602,650789.02,798844.23,C261366131,2073538.7,1925483.49,0,0
394,PAYMENT,24895.95,C487382931,0.0,0.0,M1430185530,0.0,0.0,0,0
394,CASH_OUT,218880.53,C616434829,60767.0,0.0,C1569222217,0.0,218880.53,0,0
394,CASH_IN,354900.59,C131109433,15120942.56,15475843.15,C1116760998,2856823.54,2501922.95,0,0
394,TRANSFER,83665.2,C1198698943,379.0,0.0,C1819730345,63952.81,147618.01,0,0
394,CASH_IN,141560.9,C809538236,6707156.94,6848717.84,C1767223876,2664630.55,2523069.65,0,0
394,CASH_OUT,44133.16,C2045691927,5602.0,0.0,C1155117606,1260794.0,1304927.16,0,0
394,CASH_OUT,256379.63,C2146218862,0.0,0.0,C1348359982,1366543.01,1622922.64,0,0
394,PAYMENT,13562.13,C2075085823,187.0,0.0,M1122155271,0.0,0.0,0,0
394,CASH_OUT,159905.3,C132170966,50584.0,0.0,C996015488,0.0,159905.3,0,0
394,PAYMENT,3559.03,C1250995115,0.0,0.0,M1996878936,0.0,0.0,0,0
394,CASH_IN,176062.77,C1997758909,11585.0,187647.77,C979216368,208325.12,32262.35,0,0
394,CASH_OUT,115682.41,C181127650,5964.0,0.0,C718948911,1170679.31,1286361.71,0,0
394,CASH_OUT,115169.85,C1228003145,3245.0,0.0,C1449944493,663799.5,778969.35,0,0
394,TRANSFER,4989241.93,C1381110540,9222.0,0.0,C360815477,338631.77,5327873.7,0,0
394,CASH_IN,518529.0,C2116652564,252.0,518781.0,C941308333,120895.63,0.0,0,0
394,CASH_IN,202742.85,C2119755897,6317491.57,6520234.42,C248524191,1055741.32,852998.47,0,0
394,CASH_OUT,79651.74,C370437551,101308.0,21656.26,C1555736875,17340.89,96992.63,0,0
394,CASH_IN,36940.93,C927568922,8484328.83,8521269.75,C254048489,576847.18,539906.26,0,0
394,CASH_OUT,285478.0,C1278472583,0.0,0.0,C217289172,1369948.58,1655426.58,0,0
394,CASH_OUT,149616.9,C1472662164,0.0,0.0,C1090948954,574867.9,518113.08,0,0
394,CASH_OUT,324384.45,C1403068647,0.0,0.0,C1332487802,4646068.73,4970453.18,0,0
394,CASH_OUT,155293.69,C551780813,202.0,0.0,C129017908,896577.98,1051871.67,0,0
394,PAYMENT,29256.22,C172395637,0.0,0.0,M1032984007,0.0,0.0,0,0
394,CASH_IN,214286.42,C437397266,6301225.69,6515512.11,C996714579,1034352.31,820065.9,0,0
394,CASH_IN,153920.74,C1994972442,6565027.32,6718948.07,C1249760990,380864.58,226943.84,0,0
394,TRANSFER,656841.58,C1517506221,0.0,0.0,C1045414794,6589904.98,7246746.56,0,0
394,PAYMENT,11120.37,C441424801,50996.36,39876.0,M1409912982,0.0,0.0,0,0
394,CASH_IN,145186.58,C1506070921,7608377.55,7753564.13,C1908929948,518643.53,373456.95,0,0
394,CASH_IN,10128.3,C78277268,3498.0,13626.3,C1378119089,0.0,0.0,0,0
394,CASH_OUT,261217.63,C1474729788,0.0,0.0,C1819829124,4640232.83,4901450.46,0,0
394,CASH_OUT,133550.95,C501792121,0.0,0.0,C970696546,432769.3,566320.25,0,0
394,CASH_OUT,97247.24,C172965043,3079.0,0.0,C1521354174,1306394.07,1403641.31,0,0
395,CASH_OUT,191194.64,C2071623249,10150.0,0.0,C1883668336,1323630.52,1514825.15,0,0
395,CASH_IN,108492.91,C1577181572,7608810.6,7717303.51,C344867827,1132291.25,1023798.34,0,0
395,PAYMENT,34149.79,C2044749868,0.0,0.0,M832384391,0.0,0.0,0,0
395,PAYMENT,4212.39,C1108283160,15344.83,11132.45,M1561118631,0.0,0.0,0,0
395,PAYMENT,22229.64,C29694725,67774.0,45544.36,M722450672,0.0,0.0,0,0
395,PAYMENT,23422.98,C1894527999,0.0,0.0,M1473036692,0.0,0.0,0,0
395,PAYMENT,12948.76,C633698830,0.0,0.0,M374616785,0.0,0.0,0,0
395,PAYMENT,6296.84,C2039683298,0.0,0.0,M623497437,0.0,0.0,0,0
395,PAYMENT,19264.34,C253277706,0.0,0.0,M441308536,0.0,0.0,0,0
395,CASH_OUT,180647.98,C1649531215,0.0,0.0,C1881903956,459802.39,640450.38,0,0
395,PAYMENT,853.3,C199775653,0.0,0.0,M183990282,0.0,0.0,0,0
395,CASH_OUT,25009.32,C731963914,0.0,0.0,C1923559860,738393.48,763402.8,0,0
395,CASH_IN,197972.97,C511894536,8543424.67,8741397.64,C1010256278,790131.47,592158.5,0,0
395,TRANSFER,110389.37,C1485583955,0.0,0.0,C514467434,543526.48,653915.85,0,0
395,PAYMENT,23522.75,C2114135344,261331.99,237809.24,M1612329357,0.0,0.0,0,0
395,CASH_OUT,332977.53,C1564404887,5919.0,0.0,C541630708,412054.37,745031.9,0,0
395,PAYMENT,3691.83,C2088686743,0.0,0.0,M113512085,0.0,0.0,0,0
395,PAYMENT,9996.8,C762612327,0.0,0.0,M1975056429,0.0,0.0,0,0
395,PAYMENT,38288.17,C1071673808,23137.0,0.0,M582815221,0.0,0.0,0,0
395,PAYMENT,9300.52,C1940286465,0.0,0.0,M309420191,0.0,0.0,0,0
395,CASH_OUT,52437.03,C1616291347,11326.0,0.0,C1605046879,706020.82,758457.85,0,0
395,CASH_IN,19133.03,C235336204,2057826.87,2076959.89,C16685882,11080816.09,11061683.07,0,0
395,PAYMENT,41457.26,C60216972,0.0,0.0,M1811197794,0.0,0.0,0,0
395,PAYMENT,173.19,C546538799,0.0,0.0,M1753538332,0.0,0.0,0,0
395,PAYMENT,11887.65,C239062766,200.0,0.0,M1874418527,0.0,0.0,0,0
395,PAYMENT,15424.09,C1899961678,7657.0,0.0,M1791545219,0.0,0.0,0,0
395,CASH_IN,57426.35,C75690579,3935553.17,3992979.53,C1395882239,444447.52,387021.17,0,0
395,CASH_OUT,216722.44,C1924395085,23946.0,0.0,C960247437,1757696.56,1974419.0,0,0
395,PAYMENT,22193.79,C1107398404,0.0,0.0,M2011901702,0.0,0.0,0,0
395,PAYMENT,2724.57,C188001181,0.0,0.0,M886739313,0.0,0.0,0,0
395,CASH_OUT,82996.98,C374685178,959.0,0.0,C12594674,1151927.51,1234924.49,0,0
396,CASH_IN,485781.55,C274360462,3003139.77,3488921.33,C2119777942,866557.24,380775.69,0,0
396,CASH_OUT,292299.49,C754981292,106876.0,0.0,C376245814,872109.84,1164409.33,0,0
396,CASH_OUT,373049.53,C2050654957,10844.38,0.0,C740329240,1791554.64,2164604.16,0,0
396,PAYMENT,1269.83,C1493990456,0.0,0.0,M777235088,0.0,0.0,0,0
396,CASH_IN,190044.34,C15007068,613449.18,803493.52,C1224700240,377542.39,187498.04,0,0
396,CASH_OUT,385209.65,C1503862566,0.0,0.0,C800030455,1951339.93,2336549.58,0,0
396,PAYMENT,3516.53,C1479868996,5919.19,2402.66,M832361702,0.0,0.0,0,0
396,CASH_IN,172607.93,C1972565715,10076.0,182683.93,C1818569036,11092.45,0.0,0,0
396,PAYMENT,18364.58,C1609444517,182683.93,164319.35,M1126363770,0.0,0.0,0,0
396,PAYMENT,20756.13,C152409999,92127.0,71370.87,M1727006667,0.0,0.0,0,0
396,PAYMENT,57394.21,C1726063238,352858.42,295464.21,M1937665781,0.0,0.0,0,0
396,CASH_OUT,24278.97,C489456429,11513.0,0.0,C371558806,12226929.66,12251208.63,0,0
396,PAYMENT,1980.83,C272203512,199641.0,197660.17,M1929045286,0.0,0.0,0,0
396,TRANSFER,1022598.6,C1978722692,390.0,0.0,C1161140515,0.0,1022598.6,0,0
396,CASH_OUT,58558.28,C97889057,5844.0,0.0,C1291240050,0.0,58558.28,0,0
396,PAYMENT,32476.6,C1559200576,14881.0,0.0,M95576889,0.0,0.0,0,0
396,CASH_OUT,89906.46,C384767870,0.0,0.0,C1541890919,113406.69,203313.15,0,0
396,PAYMENT,8698.12,C1656931690,0.0,0.0,M151932816,0.0,0.0,0,0
396,CASH_IN,64361.16,C1771498562,40113.0,104474.16,C1894864547,20803.93,0.0,0,0
396,PAYMENT,31808.56,C1253955610,21842.0,0.0,M1172312788,0.0,0.0,0,0
396,CASH_IN,16377.68,C733698210,11261.0,27638.68,C1252790793,0.0,0.0,0,0
396,CASH_OUT,168817.27,C1545633099,0.0,0.0,C774039659,462871.63,631688.9,0,0
396,CASH_IN,128601.15,C36698043,28931.0,157532.15,C51916595,0.0,0.0,0,0
396,CASH_OUT,55250.81,C1761440656,11594.45,0.0,C1100702737,403635.0,0.0,0,0
396,CASH_IN,9076.17,C1149417606,16793.0,25869.17,C797114384,0.0,0.0,0,0
396,TRANSFER,1982754.83,C234194668,53087.0,0.0,C834922242,502411.92,2485166.75,0,0
396,CASH_OUT,174867.95,C175577396,0.0,0.0,C534848951,346024.93,520892.89,0,0
396,PAYMENT,21868.27,C1002463939,156.0,0.0,M757587927,0.0,0.0,0,0
396,PAYMENT,31194.08,C1506887408,38191.0,6996.92,M2030820291,0.0,0.0,0,0
396,CASH_OUT,74180.28,C1591038345,0.0,0.0,C283805658,256613.16,330793.44,0,0
396,CASH_OUT,246710.62,C1943747679,0.0,0.0,C1098342985,372151.46,618862.08,0,0
396,CASH_OUT,64969.09,C529938809,12728.0,0.0,C1567713063,817921.46,882890.55,0,0
396,CASH_OUT,57099.61,C760404101,0.0,0.0,C612914424,451763.9,508863.51,0,0
396,CASH_OUT,55508.11,C1728514747,0.0,0.0,C1427817426,116547.34,172055.44,0,0
396,PAYMENT,27917.35,C1251915764,0.0,0.0,M1397139773,0.0,0.0,0,0
396,CASH_IN,181585.04,C1107549092,2820687.02,3002272.06,C2129062438,2365027.6,2183442.56,0,0
396,PAYMENT,3628.13,C219806323,349707.0,346078.87,M1370943758,0.0,0.0,0,0
396,CASH_OUT,266793.01,C1591687104,0.0,0.0,C116837236,12149089.61,12415882.62,0,0
396,CASH_OUT,60776.75,C586670217,163199.0,102422.25,C1254812984,0.0,60776.75,0,0
396,PAYMENT,50637.64,C2047822645,0.0,0.0,M987759035,0.0,0.0,0,0
396,PAYMENT,66644.87,C90477903,130831.96,64187.08,M240911246,0.0,0.0,0,0
396,CASH_OUT,225549.87,C1882730751,67384.85,0.0,C1514312963,838922.91,1064472.78,0,0
396,TRANSFER,581790.08,C1337193746,95672.51,0.0,C141592246,0.0,581790.08,0,0
396,CASH_OUT,317757.75,C132253709,34386.0,0.0,C1328419067,0.0,317757.75,0,0
396,CASH_IN,110937.53,C1548405796,8971419.5,9082357.02,C219846203,2380066.37,2269128.84,0,0
396,CASH_IN,177606.61,C1367070843,21593.0,199199.61,C907533620,0.0,0.0,0,0
396,PAYMENT,17494.58,C1414187157,398470.34,380975.77,M250911761,0.0,0.0,0,0
397,CASH_IN,184786.82,C534665926,21166.0,205952.82,C767392806,156430.28,0.0,0,0
397,PAYMENT,22582.61,C1683332334,20109.0,0.0,M1911416957,0.0,0.0,0,0
397,TRANSFER,913359.55,C192636738,0.0,0.0,C1103926458,4421948.32,5335307.87,0,0
397,CASH_IN,48424.46,C788309297,3142772.96,3191197.42,C562868730,7114121.49,7065697.03,0,0
397,CASH_OUT,297941.05,C1282951133,13134.0,0.0,C227338248,162937.69,460878.74,0,0
397,CASH_OUT,209040.67,C2088062889,0.0,0.0,C1068528468,1074549.41,1283590.08,0,0
397,PAYMENT,34381.43,C1295691225,274.99,0.0,M1083056472,0.0,0.0,0,0
397,CASH_OUT,542272.32,C1872950082,0.0,0.0,C1839056341,2511033.1,3053305.42,0,0
397,PAYMENT,20296.25,C1763504637,30779.0,10482.75,M945866641,0.0,0.0,0,0
397,PAYMENT,18600.69,C2080797592,0.0,0.0,M1454041709,0.0,0.0,0,0
397,CASH_IN,475818.95,C511911252,2602558.62,3078377.57,C922778578,1479074.83,1003255.88,0,0
397,CASH_OUT,181653.83,C562683782,0.0,0.0,C2116525809,2049284.22,2230938.05,0,0
397,PAYMENT,5400.36,C1208013300,767087.23,761686.87,M2033619839,0.0,0.0,0,0
397,TRANSFER,814562.58,C853815401,0.0,0.0,C114168130,2692075.51,3506638.08,0,0
397,CASH_IN,121455.73,C2056810293,60444.0,181899.73,C1706540933,0.0,0.0,0,0
397,CASH_OUT,74587.99,C389534935,0.0,0.0,C2082965640,402804.57,477392.56,0,0
397,PAYMENT,31125.18,C1104169118,0.0,0.0,M677910427,0.0,0.0,0,0
397,CASH_IN,46637.85,C425507865,5672603.73,5719241.59,C1680441238,2962217.09,2915579.23,0,0
397,CASH_IN,183744.1,C1412761837,29972.0,213716.1,C1752965363,0.0,0.0,0,0
397,TRANSFER,887251.08,C1257814978,0.0,0.0,C924719452,5847477.96,6734729.05,0,0
397,CASH_OUT,346753.32,C1071266029,11067.0,0.0,C997924081,2479621.24,2826374.55,0,0
397,CASH_IN,325299.57,C304312917,5493018.49,5818318.06,C816122436,1162500.35,837200.78,0,0
397,CASH_OUT,126742.61,C599081424,880.0,0.0,C1042214281,1124318.65,1251061.27,0,0
397,CASH_IN,323031.88,C1434059160,100263.0,423294.88,C772602969,322335.45,0.0,0,0
397,PAYMENT,10446.74,C1341230577,39604.0,29157.26,M1250046806,0.0,0.0,0,0
397,CASH_OUT,4751.56,C1439997943,202998.0,198246.44,C1458916315,0.0,4751.56,0,0
397,TRANSFER,768433.28,C279527045,82818.0,0.0,C2001366689,25785.52,794218.8,0,0
397,PAYMENT,25729.46,C1018737536,15490.0,0.0,M1440000217,0.0,0.0,0,0
397,CASH_OUT,191536.84,C48320380,0.0,0.0,C450896118,253192.0,444728.84,0,0
397,CASH_IN,63509.3,C24853927,10719.0,74228.3,C1446871828,0.0,0.0,0,0
397,CASH_OUT,121158.5,C96356087,0.0,0.0,C593849469,913781.62,1034940.12,0,0
397,PAYMENT,12089.3,C1312739415,256862.0,244772.7,M1537441046,0.0,0.0,0,0
397,PAYMENT,4348.38,C44868731,101509.0,97160.62,M793053061,0.0,0.0,0,0
397,PAYMENT,49898.72,C813650960,63448.0,13549.28,M1786300235,0.0,0.0,0,0
397,PAYMENT,19889.99,C1288730518,0.0,0.0,M520168808,0.0,0.0,0,0
397,PAYMENT,19672.75,C831460531,0.0,0.0,M1377023204,0.0,0.0,0,0
397,PAYMENT,6872.3,C837318191,408453.95,401581.65,M781615578,0.0,0.0,0,0
397,CASH_OUT,170539.7,C209468566,0.0,0.0,C220756248,185150.47,355690.17,0,0
397,PAYMENT,6067.04,C180645425,0.0,0.0,M1371889307,0.0,0.0,0,0
397,CASH_IN,271385.62,C407242513,1021.0,272406.62,C1467603857,2540269.39,2268883.77,0,0
398,CASH_OUT,319162.67,C1407625263,183164.0,0.0,C1305777436,0.0,319162.67,0,0
398,TRANSFER,251187.07,C1614410442,0.0,0.0,C1445162250,352174.14,603361.21,0,0
398,PAYMENT,19457.48,C487834366,31172.0,11714.52,M665849523,0.0,0.0,0,0
398,PAYMENT,821.28,C545443918,383128.39,382307.11,M1214376138,0.0,0.0,0,0
398,CASH_IN,173801.18,C1526844838,3072326.26,3246127.44,C1692633258,211266.81,37465.63,0,0
398,CASH_OUT,353177.26,C2047023616,0.0,0.0,C772622145,1472700.19,1825877.45,0,0
398,CASH_IN,125346.62,C1615486142,60809.0,186155.62,C271403233,246287.11,120940.48,0,0
398,PAYMENT,6285.14,C1941853990,0.0,0.0,M51999133,0.0,0.0,0,0
398,CASH_IN,419288.42,C2141335435,4736510.1,5155798.52,C973929404,1137398.92,718110.5,0,0
398,CASH_OUT,12201.92,C258106740,0.0,0.0,C1705327902,61653.53,73855.44,0,0
398,CASH_IN,68274.35,C1145540367,3541874.84,3610149.19,C2063450809,302572.46,234298.11,0,0
398,TRANSFER,716831.85,C1283933203,0.0,0.0,C267872884,3599989.85,4316821.7,0,0
398,PAYMENT,21594.17,C30905500,19724.0,0.0,M1512009909,0.0,0.0,0,0
398,CASH_IN,10256.62,C1328415671,3918315.32,3928571.93,C2111659994,11343.71,1087.1,0,0
398,CASH_IN,102487.85,C1686034149,5147.0,107634.85,C1690578022,2045168.71,1942680.86,0,0
398,CASH_IN,81508.92,C927241240,1390928.74,1472437.66,C1115846352,349919.17,268410.25,0,0
398,PAYMENT,5356.91,C723522637,0.0,0.0,M1742166956,0.0,0.0,0,0
398,PAYMENT,16296.5,C730015145,0.0,0.0,M1256239084,0.0,0.0,0,0
398,PAYMENT,8111.1,C557569043,0.0,0.0,M1223431557,0.0,0.0,0,0
398,CASH_OUT,181941.08,C2106664537,87106.0,0.0,C190676092,46459.0,228400.09,0,0
398,CASH_OUT,155900.95,C1298259453,1024.0,0.0,C1237137064,925790.25,1081691.2,0,0
398,TRANSFER,578726.1,C599766419,0.0,0.0,C1614568053,1513638.84,2092364.94,0,0
398,CASH_OUT,371988.97,C713748823,321.0,0.0,C1991426633,0.0,544329.92,0,0
398,CASH_IN,4051.85,C1535179440,4510042.95,4514094.8,C991241364,339298.81,335246.96,0,0
398,PAYMENT,406.03,C1831249882,0.0,0.0,M1791307162,0.0,0.0,0,0
398,CASH_OUT,132049.29,C626256373,11068.0,0.0,C149119928,0.0,132049.29,0,0
398,PAYMENT,12890.5,C359529323,40488.0,27597.5,M2027001605,0.0,0.0,0,0
398,CASH_OUT,197859.09,C390437455,0.0,0.0,C70806388,8306422.55,8504281.64,0,0
398,CASH_IN,570708.84,C599022266,11087.0,581795.84,C1373182078,186530.5,0.0,0,0
398,PAYMENT,30725.2,C256901409,0.0,0.0,M1694990349,0.0,0.0,0,0
398,CASH_OUT,88540.12,C878057945,0.0,0.0,C1984109,2373194.64,2461734.76,0,0
398,CASH_OUT,115820.8,C901731969,0.0,0.0,C117719844,527242.73,643063.53,0,0
398,PAYMENT,1872.68,C1366255534,16872.0,14999.32,M1055915756,0.0,0.0,0,0
398,CASH_IN,69923.31,C1046749672,75168.0,145091.31,C2040473954,2006976.69,1937053.38,0,0
398,TRANSFER,118609.87,C1588105296,0.0,0.0,C1333816361,249126.72,367736.59,0,0
398,CASH_OUT,304661.12,C923663658,0.0,0.0,C437818233,1692713.45,1997374.57,0,0
398,CASH_OUT,190572.75,C1805179882,0.0,0.0,C1104565307,3779711.99,3970284.74,0,0
398,PAYMENT,7383.48,C1294015841,0.0,0.0,M164198916,0.0,0.0,0,0
398,CASH_IN,1654.68,C1315704288,1006820.56,1008475.24,C1871918797,84718.76,83064.08,0,0
398,PAYMENT,2412.1,C1495982646,5814.0,3401.9,M419304783,0.0,0.0,0,0
398,CASH_OUT,86462.34,C2146726892,78545.0,0.0,C2127477084,0.0,86462.34,0,0
398,TRANSFER,770118.73,C773340136,43117.0,0.0,C1317445613,587537.44,1357656.17,0,0
398,TRANSFER,438281.52,C872716154,63900.0,0.0,C1254332943,0.0,207955.78,0,0
398,CASH_IN,12254.03,C1533680651,743.0,12997.03,C959784064,79084.07,66830.04,0,0
398,CASH_OUT,3580542.06,C181971032,3580542.06,0.0,C296076520,0.0,3580542.06,1,0
399,TRANSFER,1281415.04,C644339197,0.0,0.0,C258946497,9396759.96,10678175.0,0,0
399,TRANSFER,497727.3,C586206397,277258.3,0.0,C942187591,9308295.4,9806022.7,0,0
399,CASH_IN,255309.25,C115328767,232459.0,487768.25,C237798849,568891.53,313582.27,0,0
399,CASH_OUT,77441.58,C272951674,29130.0,0.0,C820603845,2556592.73,2634034.3,0,0
399,PAYMENT,11928.14,C1749470519,132258.72,120330.58,M1774428275,0.0,0.0,0,0
399,CASH_IN,48369.99,C359015224,930225.93,978595.92,C1649054487,246836.18,198466.19,0,0
399,CASH_IN,225981.43,C1522713288,10166.0,236147.43,C709568861,21217.22,0.0,0,0
399,CASH_OUT,76580.57,C1949483920,0.0,0.0,C468552419,730445.7,807026.27,0,0
399,TRANSFER,1210221.58,C2095804051,0.0,0.0,C133853886,1980979.27,3191200.85,0,0
399,CASH_OUT,336784.86,C473466739,20697.0,0.0,C1221423050,247834.05,584618.9,0,0
399,CASH_OUT,93625.58,C101823344,9026.0,0.0,C1866215343,0.0,93625.58,0,0
399,CASH_OUT,355137.12,C1544312179,21471.0,0.0,C769079587,0.0,355137.12,0,0
399,CASH_IN,17098.89,C2095175371,3507940.86,3525039.76,C2091989835,568417.95,551319.05,0,0
399,TRANSFER,1816600.71,C371857995,4559.7,0.0,C1889541572,2460366.27,4276966.97,0,0
399,TRANSFER,1349081.5,C1095731931,42140.0,0.0,C113083849,0.0,1349081.5,0,0
399,CASH_OUT,18714.49,C745227763,79531.0,60816.51,C1329590616,0.0,18714.49,0,0
399,CASH_IN,207651.83,C1373331808,35241.0,242892.83,C1229678561,0.0,0.0,0,0
399,CASH_OUT,23279.68,C1982989068,0.0,0.0,C1010010059,267279.8,290559.48,0,0
399,CASH_OUT,387395.9,C69359426,0.0,0.0,C1933251950,2858252.88,3245648.78,0,0
399,CASH_OUT,197801.67,C1124938164,0.0,0.0,C804950817,833759.02,1031560.68,0,0
399,CASH_OUT,45939.93,C840113943,0.0,0.0,C550497233,2500990.8,2546930.73,0,0
399,PAYMENT,16282.87,C78380767,76.0,0.0,M726292648,0.0,0.0,0,0
399,PAYMENT,35876.34,C199655817,49780.0,13903.66,M968151383,0.0,0.0,0,0
399,CASH_OUT,118170.53,C2092644509,0.0,0.0,C828635511,129079.07,247249.6,0,0
399,CASH_OUT,174154.47,C183428117,353.0,0.0,C1928917845,10300173.92,10474328.39,0,0
399,CASH_OUT,68910.08,C711583464,544.0,0.0,C1657946342,0.0,68910.08,0,0
399,CASH_OUT,478011.22,C547265794,0.0,0.0,C1829019815,563613.62,1041624.85,0,0
399,CASH_OUT,243550.28,C1464625377,0.0,0.0,C1747166875,1210419.13,1453969.41,0,0
399,CASH_OUT,261987.41,C1851551259,0.0,0.0,C1886032676,367126.46,629113.87,0,0
399,CASH_OUT,151578.39,C1899438533,0.0,0.0,C282341650,170569.84,322148.23,0,0
399,TRANSFER,883770.05,C929773524,0.0,0.0,C675712719,1194597.9,2078367.95,0,0
399,CASH_OUT,183264.46,C853425185,49723.0,0.0,C1685853870,151917.79,335182.25,0,0
399,CASH_OUT,146467.85,C1685102893,772.0,0.0,C2114035913,38743.94,185211.79,0,0
399,CASH_OUT,207183.71,C1635667300,906265.0,699081.29,C1841322762,300085.55,507269.26,0,0
399,CASH_OUT,287535.05,C1175624343,11077.0,0.0,C1394881126,239703.92,527238.97,0,0
399,PAYMENT,12821.25,C685161769,536396.36,523575.12,M1292155574,0.0,0.0,0,0
399,CASH_OUT,38587.18,C1087638867,50471.0,11883.82,C883178327,0.0,38587.18,0,0
399,CASH_OUT,201511.62,C906711347,0.0,0.0,C1674963854,3152744.1,3354255.71,0,0
399,CASH_OUT,65809.52,C1301361820,20338.0,0.0,C752871445,0.0,65809.52,0,0
399,PAYMENT,1485.46,C1860384068,0.0,0.0,M114883747,0.0,0.0,0,0
399,PAYMENT,9499.18,C771671127,156961.0,147461.82,M702572105,0.0,0.0,0,0
399,PAYMENT,30072.35,C1457294428,0.0,0.0,M749488820,0.0,0.0,0,0
399,CASH_IN,118213.6,C948944575,411535.0,529748.6,C511113539,64872.69,0.0,0,0
399,PAYMENT,6908.61,C775240351,41722.81,34814.2,M86571130,0.0,0.0,0,0
399,CASH_IN,23991.24,C981494270,16335779.73,16359770.97,C465359067,160149.48,136158.23,0,0
399,CASH_IN,56135.14,C361328169,29068278.87,29124414.01,C1922194943,155767.54,99632.4,0,0
400,CASH_OUT,388726.53,C464414221,0.0,0.0,C1210037850,399872.72,788599.25,0,0
400,CASH_IN,157479.46,C1320407838,235538.85,393018.32,C29738808,3347267.66,3189788.2,0,0
400,TRANSFER,413771.75,C1071900433,0.0,0.0,C829068273,934347.43,1348119.18,0,0
400,TRANSFER,92599.36,C719594130,0.0,0.0,C2020869202,6233915.99,6326515.35,0,0
400,CASH_OUT,436396.36,C1452503292,0.0,0.0,C205555813,603108.51,1039504.87,0,0
400,CASH_OUT,21210.38,C374930560,21252.0,41.62,C1906601270,107783.37,128993.75,0,0
400,CASH_IN,312814.2,C1900275759,30798.0,343612.2,C680605437,2379507.16,2066692.95,0,0
400,CASH_OUT,259481.76,C1326022579,276939.16,17457.41,C1775682524,8337678.16,8597159.92,0,0
400,CASH_OUT,267465.49,C2016135077,101960.0,0.0,C1820609751,237440.39,504905.87,0,0
400,CASH_OUT,171320.99,C1483996054,41556.0,0.0,C746640224,1658724.07,1830045.06,0,0
400,PAYMENT,26003.36,C1415248273,72916.0,46912.64,M1078474672,0.0,0.0,0,0
400,CASH_IN,46503.67,C458282299,1495527.4,1542031.07,C1335320958,1088534.26,1042030.59,0,0
400,CASH_IN,347406.71,C663737800,27178039.18,27525445.89,C555349161,370441.86,23035.15,0,0
400,PAYMENT,8891.55,C399018281,61453.44,52561.89,M185297314,0.0,0.0,0,0
400,CASH_IN,108586.59,C405237457,6392798.62,6501385.21,C1311777600,985090.36,876503.77,0,0
400,CASH_OUT,157825.25,C303233059,105205.0,0.0,C1315247512,46956.43,204781.68,0,0
400,CASH_IN,58014.73,C1629777317,4215576.66,4273591.39,C1513697139,107249.14,49234.41,0,0
400,PAYMENT,18849.74,C1963503020,0.0,0.0,M200497484,0.0,0.0,0,0
400,CASH_OUT,183616.02,C690294505,0.0,0.0,C735437993,2385309.2,2568925.22,0,0
400,CASH_IN,197119.83,C996354597,300475.44,497595.27,C887473630,2611373.15,2414253.31,0,0
400,CASH_OUT,138414.79,C1152375205,0.0,0.0,C1153898222,545066.11,683480.9,0,0
400,CASH_IN,53763.3,C2111055887,6553478.38,6607241.69,C1262453147,767770.62,714007.31,0,0
400,PAYMENT,62843.09,C1276237232,0.0,0.0,M429664090,0.0,0.0,0,0
400,CASH_OUT,92400.49,C1413267716,424.15,0.0,C1244602049,3714135.83,3806536.33,0,0
400,CASH_OUT,125042.75,C1171032098,16068.0,0.0,C1930344461,790932.46,915975.21,0,0
400,CASH_IN,222694.24,C971773424,40901.0,263595.24,C1146313935,0.0,0.0,0,0
400,PAYMENT,26802.11,C1256919898,0.0,0.0,M1656159164,0.0,0.0,0,0
400,CASH_IN,20746.76,C1516615156,755072.37,775819.13,C467612732,227648.8,206902.04,0,0
400,PAYMENT,5711.15,C1461964602,0.0,0.0,M612474751,0.0,0.0,0,0
400,CASH_OUT,257496.11,C1996749492,0.0,0.0,C1301907612,6682302.25,6939798.36,0,0
400,CASH_OUT,618290.62,C1420283425,85626.0,0.0,C1542883989,480782.78,1099073.39,0,0
400,CASH_OUT,83458.07,C343653320,0.0,0.0,C1493680118,6287268.77,6370726.84,0,0
400,CASH_OUT,197482.65,C1864122814,10513.0,0.0,C1028023874,74989.18,272471.83,0,0
400,CASH_OUT,37808.09,C1775970778,19458.0,0.0,C1344443936,0.0,37808.09,0,0
400,PAYMENT,5798.34,C1238407939,113685.31,107886.96,M1015509378,0.0,0.0,0,0
400,PAYMENT,27656.41,C1162278065,0.0,0.0,M2102319480,0.0,0.0,0,0
400,CASH_OUT,165554.05,C472570929,0.0,0.0,C1902908778,1689615.02,1855169.07,0,0
400,PAYMENT,28309.05,C1047675336,30863.0,2553.95,M2057846668,0.0,0.0,0,0
400,CASH_OUT,54237.75,C364379706,0.0,0.0,C1897646527,6748825.07,6803062.83,0,0
400,CASH_IN,187111.36,C843303462,31128.0,218239.36,C1519011619,177118.92,0.0,0,0
400,CASH_IN,232940.08,C2106703690,151427.0,384367.08,C934883297,0.0,0.0,0,0
400,CASH_OUT,78495.83,C936060606,70749.0,0.0,C1328195394,44282.78,122778.61,0,0
400,CASH_OUT,285080.12,C67074478,0.0,0.0,C1000527360,1090312.96,1375393.08,0,0
400,CASH_OUT,238688.96,C2129333738,888.0,0.0,C2116895188,67971.68,306660.64,0,0
400,TRANSFER,72994.63,C512150451,61653.0,0.0,C1697594010,1089354.67,1162349.29,0,0
400,PAYMENT,56862.73,C1581005350,102825.0,45962.27,M1129757521,0.0,0.0,0,0
400,PAYMENT,8231.56,C467503595,64920.13,56688.57,M720515680,0.0,0.0,0,0
400,CASH_IN,165547.63,C552046877,2764365.35,2929912.97,C441443504,546837.95,381290.33,0,0
400,TRANSFER,4126.82,C523396536,0.0,0.0,C2066866584,43129.77,47256.59,0,0
400,PAYMENT,5618.75,C1194668954,0.0,0.0,M1522572700,0.0,0.0,0,0
400,CASH_IN,298081.75,C1003396871,21708.0,319789.75,C1572066229,0.0,0.0,0,0
400,CASH_IN,185247.57,C1512937199,22712722.68,22897970.25,C1372818636,616690.25,431442.68,0,0
400,PAYMENT,7664.71,C702418921,0.0,0.0,M238170274,0.0,0.0,0,0
400,PAYMENT,18918.18,C1755968617,505512.91,486594.73,M1262869306,0.0,0.0,0,0
400,PAYMENT,18105.38,C91557747,83262.0,65156.62,M258283265,0.0,0.0,0,0
400,CASH_OUT,137256.14,C678211538,0.0,0.0,C325674696,426863.67,564119.81,0,0
400,PAYMENT,8093.66,C287373143,0.0,0.0,M155595820,0.0,0.0,0,0
400,CASH_IN,173558.22,C1815256159,4961982.91,5135541.13,C806823281,563900.66,390342.44,0,0
400,CASH_OUT,98497.31,C2039927908,0.0,0.0,C1942237488,197849.09,296346.39,0,0
400,CASH_OUT,181867.8,C77686903,0.0,0.0,C1399775067,310725.87,492593.66,0,0
400,CASH_OUT,205494.35,C1290222104,0.0,0.0,C1423874716,975764.11,1181258.46,0,0
400,CASH_OUT,63468.39,C369529823,157383.0,93914.61,C1787450561,0.0,63468.39,0,0
400,CASH_IN,150998.89,C1313478646,1645021.73,1796020.63,C69368546,319683.65,168684.76,0,0
400,PAYMENT,31178.89,C1481781536,0.0,0.0,M1951688689,0.0,0.0,0,0
400,CASH_OUT,417537.21,C1923003866,22362.0,0.0,C2089680413,0.0,417537.21,0,0
400,CASH_IN,9430.59,C272943584,11559.0,20989.59,C79018921,0.0,0.0,0,0
401,CASH_OUT,59321.01,C243403825,0.0,0.0,C1787235849,1536216.25,1595537.27,0,0
401,CASH_IN,417591.24,C1281359814,29204107.38,29621698.62,C1485822882,3067038.64,2649447.4,0,0
401,CASH_IN,88179.16,C870920589,10905.0,99084.16,C1051108734,0.0,0.0,0,0
401,TRANSFER,73462.59,C676096566,20644.0,0.0,C1269091968,138871.77,212334.36,0,0
401,CASH_OUT,21586.07,C1181395218,0.0,0.0,C1496747716,166525.13,188111.2,0,0
401,CASH_IN,198846.21,C2054662837,1368091.84,1566938.05,C169277811,956981.44,758135.23,0,0
401,PAYMENT,29096.93,C674040538,6773.0,0.0,M1240380521,0.0,0.0,0,0
401,CASH_OUT,109452.07,C958920406,0.0,0.0,C1350364289,815839.66,925291.74,0,0
401,CASH_OUT,123110.78,C831110115,794805.0,671694.22,C1521208047,202952.51,326063.29,0,0
401,CASH_OUT,207215.42,C1214221394,0.0,0.0,C434091818,5354762.28,5561977.7,0,0
401,TRANSFER,220508.18,C782709485,0.0,0.0,C431604635,2028124.43,2248632.61,0,0
401,CASH_OUT,77169.74,C1769424446,15205.0,0.0,C915644216,0.0,77169.74,0,0
401,CASH_OUT,86999.34,C914786504,30550.0,0.0,C776036716,0.0,86999.34,0,0
401,CASH_OUT,160287.89,C1869240217,0.0,0.0,C252719878,5590155.56,5750443.45,0,0
401,CASH_OUT,88470.97,C298138174,0.0,0.0,C1320082711,9542787.75,10445174.46,0,0
401,CASH_OUT,46348.62,C27193213,50166.0,3817.38,C1045156498,95162.83,141511.45,0,0
401,CASH_IN,45389.9,C368589500,8053616.95,8099006.85,C653707918,218435.13,173045.23,0,0
401,CASH_OUT,147890.47,C2105529279,22.0,0.0,C363563756,0.0,147890.47,0,0
401,PAYMENT,9557.73,C660500444,0.0,0.0,M78429307,0.0,0.0,0,0
401,CASH_OUT,72448.61,C1576143097,0.0,0.0,C1722260016,2530743.35,2603191.96,0,0
401,CASH_OUT,45048.06,C422448505,0.0,0.0,C419557393,214828.81,259876.87,0,0
401,PAYMENT,5679.52,C1782938594,0.0,0.0,M1596937286,0.0,0.0,0,0
401,PAYMENT,52729.61,C1556889813,10659.0,0.0,M1002037259,0.0,0.0,0,0
401,PAYMENT,39225.54,C1545236024,849616.14,810390.59,M1192829006,0.0,0.0,0,0
401,CASH_OUT,5838803.23,C388640141,5838803.23,0.0,C964377943,471758.21,6310561.44,1,0
401,CASH_OUT,397531.48,C699723140,5642.0,0.0,C736191497,414432.73,811964.21,0,0
401,TRANSFER,1479537.2,C1794816659,31142.0,0.0,C1760917788,3885503.37,5400240.83,0,0
401,TRANSFER,493725.7,C720759945,0.0,0.0,C740126008,4896798.63,5390524.34,0,0
401,CASH_OUT,153948.26,C2143125799,29831.0,0.0,C1939247246,808529.87,962478.13,0,0
401,CASH_OUT,375292.07,C2115956608,30237.0,0.0,C278413065,2954545.98,3329838.05,0,0
401,PAYMENT,3937.49,C1576181595,5027.05,1089.56,M1513828033,0.0,0.0,0,0
401,PAYMENT,13569.64,C1367552666,466580.42,453010.77,M2021800824,0.0,0.0,0,0
401,CASH_IN,596547.19,C995109726,464.0,597011.19,C827265236,188079.8,0.0,0,0
401,TRANSFER,69749.76,C1239696941,0.0,0.0,C1002225108,1308124.92,1377874.68,0,0
401,PAYMENT,14505.16,C1233189707,0.0,0.0,M146606781,0.0,0.0,0,0
401,CASH_OUT,504800.09,C1835206817,32658.0,0.0,C1459227190,387565.52,892365.6,0,0
401,CASH_OUT,138419.56,C1885248442,50037.0,0.0,C2014017295,0.0,138419.56,0,0
401,CASH_OUT,296772.19,C1910000046,0.0,0.0,C493340781,1806497.81,2257419.81,0,0
401,PAYMENT,4698.4,C2098185548,0.0,0.0,M1342296077,0.0,0.0,0,0
401,TRANSFER,1672570.76,C1853440908,1672570.76,0.0,C571802760,0.0,0.0,1,0
401,CASH_IN,1321.22,C724454771,145778.0,147099.22,C1479234923,11038386.24,11037065.02,0,0
401,TRANSFER,99165.74,C1664816907,0.0,0.0,C157099361,174088.41,273254.15,0,0
401,CASH_OUT,557707.85,C1952801032,51094.0,0.0,C896235947,1442384.18,2000092.03,0,0
401,CASH_OUT,184802.35,C650588994,163711.23,0.0,C1813188490,442988.79,627791.14,0,0
401,CASH_IN,155004.76,C1631031884,0.0,155004.76,C1026231181,2359242.25,2204237.49,0,0
401,CASH_OUT,317535.45,C682061500,10942.0,0.0,C104803397,2205890.56,2523426.01,0,0
401,CASH_OUT,100279.79,C1875152796,0.0,0.0,C40358928,326003.4,426283.19,0,0
401,PAYMENT,16962.99,C1032619386,0.0,0.0,M206797022,0.0,0.0,0,0
401,PAYMENT,6272.32,C1214945001,0.0,0.0,M218993311,0.0,0.0,0,0
401,CASH_IN,187296.31,C498517342,25603.0,212899.31,C1183609611,0.0,0.0,0,0
401,CASH_OUT,221597.38,C626821139,550.0,0.0,C1793840709,86217.46,307814.85,0,0
401,TRANSFER,921761.71,C1340091452,0.0,0.0,C1511471165,1264705.18,2186466.89,0,0
401,PAYMENT,671.04,C1636159550,183972.96,183301.91,M914023793,0.0,0.0,0,0
402,CASH_IN,125391.62,C1253577580,1210.0,126601.62,C2032457153,145577.11,20185.49,0,0
402,TRANSFER,1216390.22,C582264845,0.0,0.0,C932023309,1427860.94,2644251.16,0,0
402,PAYMENT,17239.93,C906137736,0.0,0.0,M2067248671,0.0,0.0,0,0
402,PAYMENT,40459.66,C1862018389,0.0,0.0,M369780116,0.0,0.0,0,0
402,CASH_IN,254798.31,C187898216,20051.0,274849.31,C1717043266,27203.35,0.0,0,0
402,CASH_OUT,142804.79,C1503367408,0.0,0.0,C1681760234,288428.68,431233.47,0,0
402,CASH_OUT,318958.98,C926414814,0.0,0.0,C205734787,5613957.39,5932916.37,0,0
402,CASH_OUT,244718.51,C501905235,28916.0,0.0,C1594176865,977855.89,1222574.4,0,0
402,CASH_OUT,259564.81,C2053244593,0.0,0.0,C972069609,7803992.16,8063556.98,0,0
402,CASH_OUT,95235.12,C2025351580,0.0,0.0,C73663254,8809371.43,8904606.55,0,0
402,PAYMENT,13478.12,C466667210,31941.18,18463.06,M966509142,0.0,0.0,0,0
402,CASH_IN,220461.43,C56435236,2843985.31,3064446.74,C2046631095,236411.89,15950.46,0,0
402,PAYMENT,4376.99,C120313125,0.0,0.0,M1196001777,0.0,0.0,0,0
402,PAYMENT,8479.73,C173882137,41878.0,33398.27,M1187477425,0.0,0.0,0,0
402,PAYMENT,869.9,C2033481842,0.0,0.0,M130572926,0.0,0.0,0,0
402,CASH_OUT,105818.54,C70218316,0.0,0.0,C294959844,491434.47,597253.01,0,0
402,CASH_OUT,27117.03,C227966365,0.0,0.0,C977380322,170777.8,197894.83,0,0
402,CASH_IN,62424.62,C380419672,1054.0,63478.62,C984025766,20466.94,0.0,0,0
402,PAYMENT,37689.94,C1421876122,0.0,0.0,M620656980,0.0,0.0,0,0
402,CASH_OUT,108664.66,C1009038750,0.0,0.0,C1748253530,510903.77,619568.43,0,0
402,CASH_IN,296465.3,C1631794147,150015.0,446480.3,C496895348,117607.17,0.0,0,0
402,CASH_OUT,42146.98,C1299373278,41865.44,0.0,C135244427,576030.23,618177.21,0,0
402,PAYMENT,15359.96,C303853611,0.0,0.0,M1720211844,0.0,0.0,0,0
402,PAYMENT,9730.5,C797544979,89271.65,79541.14,M1688051903,0.0,0.0,0,0
402,CASH_OUT,152303.62,C976249015,6756.0,0.0,C1056833186,2797.52,155101.15,0,0
402,CASH_OUT,134872.21,C2069390140,558974.0,424101.79,C25597034,505338.07,640210.28,0,0
402,PAYMENT,21610.24,C436450998,509908.0,488297.76,M2012956346,0.0,0.0,0,0
402,CASH_OUT,239705.98,C1817280519,26729.0,0.0,C117115211,0.0,239705.98,0,0
402,CASH_OUT,137237.35,C220952015,16335.0,0.0,C1111567509,0.0,137237.35,0,0
402,CASH_IN,234685.7,C1271160531,2961.0,237646.7,C1654384055,0.0,0.0,0,0
402,CASH_IN,19085.97,C1541390529,12716.0,31801.97,C1981400068,402934.77,383848.8,0,0
402,CASH_IN,465040.73,C975810728,8404.0,473444.73,C1111226871,207496.23,0.0,0,0
402,CASH_OUT,129786.41,C625807087,32367.0,0.0,C657372725,1731490.45,1861276.86,0,0
402,PAYMENT,585.07,C359057763,0.0,0.0,M1411912010,0.0,0.0,0,0
402,CASH_OUT,31582.8,C1956239109,5085.0,0.0,C1931804757,0.0,31582.8,0,0
402,PAYMENT,5103.6,C560255127,335928.04,330824.45,M607519041,0.0,0.0,0,0
402,CASH_OUT,168025.84,C146921941,10455.0,0.0,C1268943866,255283.31,561129.92,0,0
402,CASH_OUT,165793.31,C149174168,0.0,0.0,C996946677,562064.4,727857.72,0,0
402,PAYMENT,12905.12,C1303346072,176961.83,164056.72,M62643475,0.0,0.0,0,0
402,PAYMENT,496.11,C1799526119,0.0,0.0,M814103858,0.0,0.0,0,0
402,CASH_OUT,118405.26,C585505288,50559.0,0.0,C1058084908,772654.86,891060.13,0,0
402,CASH_IN,22543.69,C2007429987,51.0,22594.69,C921543649,101137.8,78594.12,0,0
402,CASH_OUT,207674.77,C1932686709,63324.71,0.0,C2075717847,515646.37,723321.14,0,0
402,CASH_IN,1154.59,C1131176048,4244290.29,4245444.87,C175448880,95373.21,94218.62,0,0
402,CASH_OUT,226408.75,C504646675,0.0,0.0,C449328808,800269.94,1026678.69,0,0
402,PAYMENT,8740.86,C149071439,10770.0,2029.14,M1380659144,0.0,0.0,0,0
402,CASH_IN,105350.71,C1855936905,9307928.01,9413278.72,C1934980594,236672.26,131321.55,0,0
402,PAYMENT,11788.77,C256671647,300060.0,288271.23,M1808518781,0.0,0.0,0,0
402,PAYMENT,18143.39,C290107135,0.0,0.0,M1867470369,0.0,0.0,0,0
402,CASH_OUT,139440.63,C1132815139,145908.0,6467.37,C525746713,2170479.49,2309920.13,0,0
402,CASH_OUT,200038.01,C71102000,52952.0,0.0,C1549316812,0.0,200038.01,0,0
402,CASH_OUT,51467.88,C1721932273,15688.0,0.0,C713525833,64086.28,115554.16,0,0
402,PAYMENT,10376.83,C1953229546,0.0,0.0,M329978564,0.0,0.0,0,0
402,CASH_OUT,166389.16,C1619513914,109304.0,0.0,C1589732698,430978.93,907240.67,0,0
402,CASH_OUT,378945.77,C1957024859,0.0,0.0,C1602329833,495691.51,874637.28,0,0
402,CASH_IN,109111.82,C516683676,930999.76,1040111.58,C616754892,149470.03,40358.2,0,0
402,PAYMENT,17343.7,C1236797852,1649.0,0.0,M194745236,0.0,0.0,0,0
402,TRANSFER,317721.83,C804742027,0.0,0.0,C1344801661,470166.17,787888.0,0,0
402,CASH_IN,273016.36,C417894644,60130.0,333146.36,C256182096,3666471.68,3393455.32,0,0
402,CASH_IN,199922.84,C1036972989,216009.17,415932.01,C1546678049,42476876.15,42276953.31,0,0
402,CASH_OUT,71852.53,C2081000884,0.0,0.0,C1504116062,378012.94,449865.47,0,0
402,CASH_OUT,45915.58,C68208148,0.0,0.0,C268453412,457894.94,503810.51,0,0
402,CASH_OUT,318132.63,C1254277853,0.0,0.0,C401778454,5121810.42,5439943.05,0,0
402,PAYMENT,15214.57,C1008843756,669699.37,654484.79,M1040030936,0.0,0.0,0,0
402,CASH_OUT,84282.39,C593463527,0.0,0.0,C1829344331,161731.06,246013.44,0,0
403,CASH_OUT,292846.43,C1979943815,0.0,0.0,C222691579,1371716.75,1664563.18,0,0
403,CASH_IN,31752.94,C957976901,30845991.19,30877744.13,C1221050858,290281.52,258528.58,0,0
403,CASH_OUT,197154.16,C1803885175,440184.0,243029.84,C173966659,372094.89,569249.04,0,0
403,CASH_IN,191348.31,C1143683932,5099802.93,5291151.24,C1948878020,2583168.41,2391820.1,0,0
403,CASH_OUT,153446.35,C481168819,67.0,0.0,C1030689820,0.0,153446.35,0,0
403,CASH_IN,112944.07,C671870634,293627.27,406571.34,C1933776005,1214321.31,1101377.23,0,0
403,CASH_IN,76073.33,C1889559017,985672.39,1061745.72,C1290441625,2922690.08,2846616.75,0,0
403,CASH_OUT,39933.83,C1123708752,126.0,0.0,C1285871480,59465.21,99399.04,0,0
403,CASH_OUT,5944.67,C1223293782,23843.0,17898.33,C773128799,15078.44,21023.11,0,0
403,CASH_IN,123276.14,C330511353,4618663.76,4741939.9,C1217112200,635204.04,511927.9,0,0
403,PAYMENT,17846.44,C1989211860,10836.8,0.0,M105007864,0.0,0.0,0,0
403,TRANSFER,261535.22,C1276527720,5175.0,0.0,C2123068608,785441.54,1046976.76,0,0
403,CASH_OUT,110920.64,C905280924,0.0,0.0,C859527481,172718.97,283639.61,0,0
403,CASH_IN,135846.03,C1152616843,192035.53,327881.56,C1853359374,1140800.38,1004954.34,0,0
403,CASH_OUT,143288.59,C1978676378,34548.0,0.0,C1552622703,47723.91,191012.5,0,0
403,CASH_OUT,142705.87,C2017038973,147786.0,5080.13,C805904168,379490.89,522196.76,0,0
403,CASH_IN,58186.6,C438925250,238047.25,296233.85,C2035326797,201943.85,143757.25,0,0
403,CASH_IN,64887.54,C102448964,30098.0,94985.54,C1850873687,0.0,0.0,0,0
403,TRANSFER,88738.02,C168791810,0.0,0.0,C537600027,215058.43,303796.45,0,0
403,PAYMENT,26762.13,C25271562,14633.0,0.0,M1362870515,0.0,0.0,0,0
403,CASH_OUT,67637.65,C1455174073,39626.0,0.0,C110335470,0.0,67637.65,0,0
403,PAYMENT,5563.23,C473744619,158789.64,153226.42,M877922946,0.0,0.0,0,0
403,CASH_OUT,361343.36,C1413343851,116514.0,0.0,C817812864,0.0,361343.36,0,0
403,CASH_IN,34497.55,C196073924,2493982.39,2528479.94,C490114096,1195070.42,1160572.88,0,0
403,PAYMENT,12111.51,C1954651352,0.0,0.0,M1826680408,0.0,0.0,0,0
403,PAYMENT,7618.93,C811227705,0.0,0.0,M1675351469,0.0,0.0,0,0
403,PAYMENT,21749.56,C1062932248,0.0,0.0,M1938340290,0.0,0.0,0,0
403,PAYMENT,4552.68,C456739802,60022.0,55469.32,M206927525,0.0,0.0,0,0
403,TRANSFER,633877.31,C1269150382,105210.0,0.0,C1410896526,4258379.49,4892256.79,0,0
403,CASH_OUT,54021.98,C1231328227,13724.0,0.0,C1563204763,0.0,54021.98,0,0
403,CASH_IN,233369.64,C817156994,1967097.51,2200467.14,C1661913709,404176.49,170806.85,0,0
403,CASH_OUT,115446.23,C588192805,21380.0,0.0,C150918756,2182522.06,2297968.29,0,0
403,CASH_IN,49515.43,C1368462197,2933967.75,2983483.18,C1305216136,180322.04,130806.61,0,0
403,PAYMENT,3575.26,C446908505,89575.03,85999.78,M478266903,0.0,0.0,0,0
403,TRANSFER,613439.28,C1708822694,20885.0,0.0,C100813171,0.0,613439.28,0,0
403,CASH_OUT,47338.08,C8773398,22258.0,0.0,C1924620405,71949.12,119287.2,0,0
403,CASH_OUT,191509.97,C679118832,0.0,0.0,C1376021051,202576.34,394086.31,0,0
403,CASH_OUT,133326.16,C1216673013,0.0,0.0,C1410033137,811152.67,944478.83,0,0
403,PAYMENT,5461.2,C1760806948,1921.0,0.0,M679726953,0.0,0.0,0,0
403,CASH_IN,176472.81,C964614140,3556003.36,3732476.17,C860010596,1382248.78,1205775.98,0,0
403,PAYMENT,52530.23,C68163097,0.0,0.0,M1360923312,0.0,0.0,0,0
403,CASH_OUT,17249.9,C182381729,0.0,0.0,C1890891083,1530132.95,1547382.85,0,0
403,CASH_IN,150013.74,C639886963,2660.0,152673.74,C650513792,2503107.9,2353094.16,0,0
403,PAYMENT,3295.55,C1184592936,97249.72,93954.17,M475160377,0.0,0.0,0,0
403,CASH_OUT,10415.8,C1076799984,22122.75,11706.96,C1292968339,27830.19,38245.98,0,0
403,CASH_OUT,196982.91,C767244663,244051.0,47068.09,C615219385,28821.6,225804.51,0,0
403,PAYMENT,3835.81,C1487376973,15898.0,12062.19,M1136173995,0.0,0.0,0,0
403,CASH_OUT,29977.7,C2049261093,0.0,0.0,C1562306528,628687.29,658664.99,0,0
403,CASH_OUT,149658.95,C1211490185,0.0,0.0,C1720235749,1067061.31,1216720.26,0,0
403,CASH_IN,103310.45,C1282619839,4400775.96,4504086.4,C1606591912,1113204.22,1009893.78,0,0
403,PAYMENT,12386.96,C1948768674,13267.21,880.25,M281456108,0.0,0.0,0,0
403,CASH_OUT,93880.55,C931898784,32237.0,0.0,C629049195,0.0,93880.55,0,0
403,PAYMENT,19513.46,C1881502460,0.0,0.0,M1594762674,0.0,0.0,0,0
403,PAYMENT,8171.34,C1531706405,0.0,0.0,M1208993923,0.0,0.0,0,0
403,CASH_OUT,225869.67,C960654085,0.0,0.0,C1317754113,742362.4,968232.07,0,0
403,CASH_OUT,96356.42,C806126181,31279.0,0.0,C1955097661,7395.84,103752.26,0,0
403,CASH_OUT,73373.67,C1372126157,0.0,0.0,C1942148502,125817.01,199190.68,0,0
403,PAYMENT,15744.01,C1150862323,0.0,0.0,M1434769266,0.0,0.0,0,0
403,PAYMENT,5350.67,C1748969292,158342.08,152991.41,M814320870,0.0,0.0,0,0
403,PAYMENT,16839.8,C238424724,0.0,0.0,M1827494668,0.0,0.0,0,0
403,CASH_OUT,506934.3,C317819615,0.0,0.0,C1998547061,1363971.21,1870905.51,0,0
404,CASH_OUT,51452.72,C233727516,0.0,0.0,C2068994157,1418299.5,1469752.21,0,0
404,CASH_OUT,152364.34,C1172350210,32211.37,0.0,C1699280269,3911579.65,4063943.99,0,0
404,PAYMENT,3453.58,C2099056802,196318.34,192864.76,M1552401847,0.0,0.0,0,0
404,CASH_OUT,119345.32,C603235237,146062.0,26716.68,C1500465030,0.0,119345.32,0,0
404,CASH_OUT,108631.43,C480489165,85000.0,0.0,C94539848,55199.7,163831.13,0,0
404,TRANSFER,702190.3,C1437720114,0.0,0.0,C126608629,2804310.24,3506500.54,0,0
404,CASH_OUT,81402.2,C1884238168,14406.0,0.0,C2080404230,0.0,81402.2,0,0
404,CASH_IN,181886.15,C2033972890,5953861.51,6135747.66,C2046304328,2238649.12,2056762.97,0,0
404,CASH_OUT,227633.11,C1027308100,0.0,0.0,C1283084748,462374.41,690007.52,0,0
404,TRANSFER,114353.46,C307079695,0.0,0.0,C1778730815,2556890.25,2671243.71,0,0
404,PAYMENT,3708.62,C623735651,0.0,0.0,M1827388607,0.0,0.0,0,0
404,CASH_OUT,312910.92,C801657927,0.0,0.0,C1116615083,523289.84,836200.75,0,0
404,CASH_OUT,188715.05,C1396251236,0.0,0.0,C1266603381,283043.54,471758.59,0,0
404,PAYMENT,16388.35,C1273819202,0.0,0.0,M1310653892,0.0,0.0,0,0
404,CASH_OUT,65713.4,C1014820203,0.0,0.0,C1746894444,97160.46,162873.86,0,0
404,CASH_IN,52143.23,C530785809,2365795.6,2417938.83,C34333884,590721.94,538578.71,0,0
404,PAYMENT,12855.37,C556227404,0.0,0.0,M141741061,0.0,0.0,0,0
404,CASH_OUT,41323.16,C747676939,0.0,0.0,C1250772995,385467.03,426790.19,0,0
404,CASH_IN,74646.6,C507387259,6431255.01,6505901.6,C307175293,350373.28,275726.68,0,0
404,PAYMENT,1337.47,C97312160,8260.0,6922.53,M1020125619,0.0,0.0,0,0
404,CASH_OUT,221044.52,C833682167,0.0,0.0,C1534120086,243393.41,464437.93,0,0
404,CASH_IN,321987.71,C114307573,2882660.52,3204648.23,C977144247,49838898.92,49516911.21,0,0
404,CASH_OUT,110189.14,C668486924,244680.91,134491.77,C265644343,194121.67,304310.81,0,0
404,CASH_IN,290758.29,C1028445160,1357940.08,1648698.37,C1387976514,598765.64,308007.35,0,0
404,CASH_OUT,162587.93,C2048492190,0.0,0.0,C512263157,635567.3,798155.23,0,0
404,PAYMENT,2033.5,C654192852,12792.0,10758.5,M2059182439,0.0,0.0,0,0
404,PAYMENT,15988.7,C1302372946,17816.0,1827.3,M1741482324,0.0,0.0,0,0
404,PAYMENT,12857.03,C7616741,75756.65,62899.62,M953159405,0.0,0.0,0,0
404,TRANSFER,342560.24,C26159532,81698.9,0.0,C806418780,397470.25,740030.49,0,0
404,PAYMENT,19524.29,C258678023,20516.0,991.71,M779878137,0.0,0.0,0,0
404,PAYMENT,5262.67,C1557899463,39021.0,33758.33,M1376294630,0.0,0.0,0,0
404,CASH_OUT,160119.55,C439293164,0.0,0.0,C1820430080,717352.05,877471.6,0,0
404,CASH_IN,255774.62,C1895061,2986099.05,3241873.67,C998130407,757878.81,502104.19,0,0
404,CASH_IN,115251.99,C784622287,7337866.55,7453118.54,C274707102,242009.86,126757.87,0,0
404,PAYMENT,5140.68,C645780263,132611.53,127470.86,M611369086,0.0,0.0,0,0
404,TRANSFER,734411.82,C677438636,0.0,0.0,C1096393514,2352967.69,3087379.51,0,0
404,CASH_OUT,49785.91,C124166617,10413.0,0.0,C829247274,1266812.33,1316598.24,0,0
404,PAYMENT,7449.98,C103834247,0.0,0.0,M805799295,0.0,0.0,0,0
404,CASH_OUT,94468.31,C1109164501,0.0,0.0,C2028568518,1035318.53,1129786.84,0,0
404,CASH_IN,67732.91,C2029252352,748.0,68480.91,C769974583,0.0,0.0,0,0
404,CASH_IN,240849.43,C1327167995,260387.96,501237.39,C1909004907,2826836.62,2585987.19,0,0
404,TRANSFER,778023.46,C1978692531,29197.0,0.0,C486388931,6970123.03,7748146.5,0,0
404,CASH_IN,75669.47,C175006324,351583.61,427253.08,C1633261123,281153.74,205484.27,0,0
404,CASH_OUT,113498.45,C130270702,4750.0,0.0,C925052322,0.0,113498.45,0,0
404,CASH_OUT,37478.78,C1480810661,0.0,0.0,C514633180,2201453.04,2238931.82,0,0
404,PAYMENT,15960.31,C1523849829,0.0,0.0,M1800853431,0.0,0.0,0,0
404,CASH_IN,406496.32,C1253353690,4268708.42,4675204.73,C2123084810,1279967.76,873471.44,0,0
404,CASH_OUT,175590.93,C826932404,0.0,0.0,C871392862,2091899.1,2267490.03,0,0
404,CASH_OUT,106971.59,C1507188848,20055.0,0.0,C185252991,1207364.59,1314336.18,0,0
404,PAYMENT,2565.15,C1781620828,30166.0,27600.85,M1296517409,0.0,0.0,0,0
404,CASH_OUT,106270.98,C1589832100,4218.0,0.0,C1900315912,1357206.65,1463477.63,0,0
404,PAYMENT,52089.18,C357746262,595276.67,543187.48,M48394163,0.0,0.0,0,0
404,CASH_OUT,151412.54,C2111496627,82614.0,0.0,C1311214291,11906539.51,12057952.05,0,0
404,CASH_IN,58955.09,C1994383695,17250.0,76205.09,C295389766,237927.93,178972.84,0,0
404,CASH_OUT,211147.39,C401687665,82698.0,0.0,C76323611,139498.05,36408.14,0,0
404,CASH_OUT,49794.1,C873215475,55479.0,5684.9,C1028725037,551861.65,601655.76,0,0
404,CASH_OUT,94548.5,C1697529100,10376.0,0.0,C1798083017,2636804.27,2731352.77,0,0
404,CASH_OUT,1259.61,C1632700790,0.0,0.0,C86951251,1772022.3,1773281.91,0,0
404,CASH_OUT,108158.36,C1362685150,420430.0,312271.64,C644577697,814041.09,922199.46,0,0
404,CASH_OUT,196499.93,C969913823,0.0,0.0,C1651827686,996817.15,1193317.08,0,0
404,PAYMENT,7885.31,C2104827033,195.0,0.0,M2033312876,0.0,0.0,0,0
404,CASH_OUT,142987.39,C1854960243,0.0,0.0,C2031541349,4819040.38,4962027.77,0,0
404,CASH_OUT,86751.58,C680544215,0.0,0.0,C385602296,449838.4,536589.98,0,0
405,CASH_OUT,82739.63,C477561932,0.0,0.0,C161485520,513499.15,596238.78,0,0
405,CASH_OUT,256963.0,C1175602162,14324.0,0.0,C269632644,2090134.71,2347097.71,0,0
405,CASH_OUT,176370.12,C1173204251,12457.0,0.0,C993905449,360559.06,536929.18,0,0
405,CASH_OUT,168636.42,C245889266,44132.0,0.0,C885963752,1090036.29,1258672.71,0,0
405,CASH_IN,32132.87,C1284661247,31709.0,63841.87,C719015978,1226967.99,1194835.11,0,0
405,CASH_OUT,123963.83,C1090175635,97430.0,0.0,C1289347116,160424.12,284387.95,0,0
405,CASH_IN,71580.58,C1640939705,3366472.77,3438053.36,C1242824891,485892.66,414312.08,0,0
405,TRANSFER,973805.75,C10712954,973805.75,0.0,C354003512,0.0,0.0,1,0
405,CASH_IN,406893.99,C1024330560,3127701.73,3534595.72,C1361269753,890914.46,484020.47,0,0
405,PAYMENT,60051.04,C2126317891,41337.4,0.0,M452984285,0.0,0.0,0,0
405,PAYMENT,2843.44,C535568541,585.0,0.0,M447351613,0.0,0.0,0,0
405,PAYMENT,29441.76,C1178664754,0.0,0.0,M1986678233,0.0,0.0,0,0
405,PAYMENT,1062.92,C1000518189,0.0,0.0,M1167525027,0.0,0.0,0,0
405,CASH_OUT,55726.56,C1669326721,36625.0,0.0,C1745750507,5828286.14,5884012.7,0,0
405,CASH_IN,302124.99,C250076325,29391.0,331515.99,C358396753,0.0,0.0,0,0
405,CASH_OUT,168556.18,C1110205321,0.0,0.0,C125012454,525290.11,693846.29,0,0
405,PAYMENT,28489.13,C163464887,0.0,0.0,M25706065,0.0,0.0,0,0
405,CASH_OUT,189795.3,C722441844,0.0,0.0,C659928482,15198499.56,15388294.86,0,0
405,PAYMENT,4461.86,C583850202,0.0,0.0,M839154083,0.0,0.0,0,0
405,CASH_OUT,91931.49,C1683525501,50585.0,0.0,C1000244012,1014501.65,1106433.14,0,0
405,CASH_OUT,172788.62,C1767303137,0.0,0.0,C4117397,2428127.04,2600915.66,0,0
405,PAYMENT,11912.51,C1813794986,0.0,0.0,M1415323927,0.0,0.0,0,0
405,CASH_OUT,10434.09,C1448741921,11271.0,836.91,C1898745481,7984028.47,7994462.56,0,0
405,PAYMENT,11085.29,C1883874245,3959.0,0.0,M1093480227,0.0,0.0,0,0
405,CASH_IN,2405.13,C1444323030,334476.0,336881.13,C1986707466,286456.52,284051.39,0,0
405,CASH_IN,54768.61,C863762104,7821670.73,7876439.35,C1336731446,990072.35,935303.74,0,0
405,PAYMENT,4992.52,C970627654,3458.95,0.0,M35888599,0.0,0.0,0,0
405,CASH_IN,53398.47,C817512790,4210335.34,4263733.81,C1668461409,3602025.84,3548627.38,0,0
405,CASH_IN,14859.83,C1152158674,18075674.38,18090534.21,C1069815187,2819942.28,2805082.45,0,0
405,PAYMENT,6663.2,C1252192543,103415.0,96751.8,M1022565875,0.0,0.0,0,0
405,TRANSFER,1004332.55,C1894837232,0.0,0.0,C161873580,1937432.08,2941764.64,0,0
405,CASH_OUT,522919.65,C700343563,0.0,0.0,C258732542,1214524.19,1737443.84,0,0
405,CASH_OUT,480802.01,C1798674340,135402.73,0.0,C1134520566,2220271.07,2701073.07,0,0
406,TRANSFER,304530.23,C1641396790,323536.33,19006.1,C331874032,936533.89,1241064.12,0,0
406,CASH_IN,348872.54,C1356811994,9047723.22,9396595.76,C1577594175,2223430.24,1874557.7,0,0
406,PAYMENT,15386.83,C1289962699,2519.0,0.0,M1047690878,0.0,0.0,0,0
406,PAYMENT,306.04,C1065507243,440.0,133.96,M1844397888,0.0,0.0,0,0
406,PAYMENT,4833.39,C2031668207,574315.0,569481.61,M1698661905,0.0,0.0,0,0
406,TRANSFER,292882.61,C312185047,137160.12,0.0,C86079194,2446493.89,2739376.5,0,0
406,CASH_OUT,61083.79,C446986302,42170.28,0.0,C1650833680,583673.7,644757.49,0,0
406,PAYMENT,42286.46,C1332777120,0.0,0.0,M1321195327,0.0,0.0,0,0
406,PAYMENT,3954.25,C1736833481,12120.0,8165.75,M341720369,0.0,0.0,0,0
406,CASH_IN,54409.92,C416689761,159517.0,213926.92,C1511546645,4035880.6,3981470.68,0,0
406,CASH_IN,63151.17,C860458251,3760230.28,3823381.45,C459281951,189485.86,126334.69,0,0
406,PAYMENT,16523.37,C272695118,0.0,0.0,M1053306318,0.0,0.0,0,0
406,PAYMENT,16970.46,C1428008019,264196.0,247225.54,M157480098,0.0,0.0,0,0
406,DEBIT,2618.67,C680126892,3179.0,560.33,C933315585,7509215.86,7511834.54,0,0
406,TRANSFER,301914.85,C1559380920,0.0,0.0,C916386995,425728.01,727642.86,0,0
406,PAYMENT,19989.42,C1734713908,14731.0,0.0,M1100994983,0.0,0.0,0,0
406,PAYMENT,22986.26,C672007497,153626.44,130640.18,M652217148,0.0,0.0,0,0
406,TRANSFER,700353.63,C2092281060,0.0,0.0,C1904658383,8702786.95,9403140.57,0,0
406,TRANSFER,1243530.94,C658850644,0.0,0.0,C896734734,2475538.81,3719069.76,0,0
406,CASH_OUT,73901.69,C224575708,0.0,0.0,C1841132383,125580.23,199481.92,0,0
406,CASH_OUT,27660.42,C1561630023,250852.0,223191.58,C898373413,181359.02,209019.45,0,0
406,CASH_IN,158871.51,C2041935107,706109.0,864980.51,C1155481341,2365237.05,2206365.54,0,0
406,CASH_OUT,36134.27,C1739102393,960.0,0.0,C982606425,0.0,36134.27,0,0
406,CASH_OUT,94470.88,C320608785,0.0,0.0,C1161997156,953590.66,1048061.54,0,0
406,CASH_OUT,170252.51,C1184216478,0.0,0.0,C529774817,3934277.7,4104530.21,0,0
407,PAYMENT,7800.52,C116541786,159669.0,151868.48,M590859316,0.0,0.0,0,0
407,CASH_OUT,352560.76,C2137157612,0.0,0.0,C304026180,2255508.18,2608068.94,0,0
407,PAYMENT,14437.03,C2109151410,23442.0,9004.97,M278556933,0.0,0.0,0,0
407,PAYMENT,10520.52,C1477225730,131.0,0.0,M632620561,0.0,0.0,0,0
407,PAYMENT,11452.37,C830799901,6629.0,0.0,M590898875,0.0,0.0,0,0
407,PAYMENT,23082.47,C547754948,304564.94,281482.47,M2091641085,0.0,0.0,0,0
407,PAYMENT,8346.61,C729289494,9557.0,1210.39,M1151803235,0.0,0.0,0,0
407,CASH_IN,180693.68,C999424412,6354900.26,6535593.94,C1105554068,3176042.18,2995348.5,0,0
407,CASH_IN,319212.96,C1614133462,5550293.16,5869506.12,C172822934,1482654.77,1163441.8,0,0
408,PAYMENT,5533.59,C1195617466,43156.0,37622.41,M205214355,0.0,0.0,0,0
408,CASH_IN,64183.9,C1540670355,21539.0,85722.9,C1408980230,0.0,0.0,0,0
408,CASH_IN,54402.47,C44213641,2370691.2,2425093.67,C1637141408,127574.17,73171.7,0,0
408,PAYMENT,11399.14,C1831410435,0.0,0.0,M607241301,0.0,0.0,0,0
408,TRANSFER,677606.58,C121660930,0.0,0.0,C627404757,961549.02,1639155.6,0,0
408,PAYMENT,7520.64,C248612484,56868.0,49347.36,M1084643752,0.0,0.0,0,0
408,PAYMENT,27323.86,C67284977,0.0,0.0,M1644093040,0.0,0.0,0,0
408,TRANSFER,302109.24,C191683152,29570.0,0.0,C1392242488,0.0,302109.24,0,0
408,CASH_OUT,53292.59,C1608462522,0.0,0.0,C686005222,161774.07,215066.66,0,0
408,CASH_IN,286525.43,C283448884,2691682.97,2978208.4,C192156753,4103626.89,3817101.46,0,0
408,PAYMENT,69650.89,C1553833404,0.0,0.0,M612644663,0.0,0.0,0,0
409,CASH_OUT,1018800.91,C1417290971,1018800.91,0.0,C1264094330,389321.6,1408122.51,1,0
412,TRANSFER,2425164.58,C297158532,2425164.58,0.0,C1416694658,0.0,0.0,1,0
416,CASH_IN,405353.53,C199929678,106163.85,511517.38,C197385700,1137672.33,732318.81,0,0
416,PAYMENT,34998.44,C376532565,2921.12,0.0,M1491997383,0.0,0.0,0,0
416,CASH_IN,190085.41,C16484035,461837.44,651922.85,C1256071732,15394983.83,15204898.41,0,0
416,CASH_IN,42766.49,C97554411,1032307.0,1075073.49,C1058182721,1231583.47,1188816.98,0,0
419,CASH_IN,136961.15,C868923989,9075488.25,9212449.4,C1967313679,9401449.02,9264487.87,0,0
419,CASH_OUT,89497.03,C57615480,189098.74,99601.71,C1910771349,365241.4,454738.43,0,0
419,CASH_IN,10805.04,C1013344580,2439901.87,2450706.91,C1988497901,64580.94,53775.91,0,0
420,CASH_OUT,99108.95,C1806271635,6033.0,0.0,C1792826222,0.0,99108.95,0,0
420,CASH_OUT,281688.62,C463230263,11582.0,0.0,C1992468113,913041.81,1194730.43,0,0
420,CASH_IN,307621.84,C1081205703,8056147.1,8363768.94,C691675194,649843.36,342221.52,0,0
420,PAYMENT,7397.89,C731682763,11478.0,4080.11,M417049469,0.0,0.0,0,0
420,CASH_IN,77948.6,C286085371,43842.0,121790.6,C1889511451,418285.26,340336.67,0,0
422,CASH_IN,509373.12,C721567598,7126155.05,7635528.17,C992367082,526785.44,17412.32,0,0
422,CASH_IN,29988.37,C560243879,9372145.77,9402134.14,C87769846,76802.74,46814.37,0,0
423,CASH_OUT,524198.12,C182030407,50723.0,0.0,C1489177272,1795554.19,2319752.31,0,0
426,CASH_IN,257894.13,C240213618,20823.0,278717.13,C803970881,51952.01,0.0,0,0
426,CASH_OUT,229886.98,C439307245,11211.0,0.0,C656430440,870716.21,1100603.19,0,0
426,CASH_IN,280333.8,C969539461,9006044.69,9286378.49,C688099514,309325.21,28991.41,0,0
426,CASH_OUT,18190.05,C743203474,155343.0,137152.95,C395130644,210426.53,228616.57,0,0
426,PAYMENT,5112.25,C1497873207,49564.0,44451.75,M325523889,0.0,0.0,0,0
426,PAYMENT,4350.79,C57510117,22190.0,17839.21,M1089060208,0.0,0.0,0,0
426,CASH_IN,329935.4,C1154371204,41919.0,371854.4,C972769962,86462.46,0.0,0,0
426,TRANSFER,300201.22,C1655651199,1055.0,0.0,C240374087,0.0,300201.22,0,0
426,TRANSFER,706162.09,C1772509773,0.0,0.0,C1164125069,3031824.4,3737986.49,0,0
428,CASH_OUT,23993.07,C717246952,215.0,0.0,C975269323,16938213.91,16962206.98,0,0
428,CASH_IN,152558.63,C1556679880,2529223.52,2681782.14,C316708877,242533.29,89974.66,0,0
428,CASH_OUT,40227.5,C206274797,61649.0,21421.5,C1649275692,0.0,40227.5,0,0
428,TRANSFER,64096.0,C2008152649,0.0,0.0,C1949998050,10361189.4,10425285.39,0,0
429,CASH_IN,94823.57,C511769648,2996165.95,3090989.52,C1726771059,210752.01,115928.44,0,0
429,CASH_IN,70692.67,C1078750337,4255771.61,4326464.29,C995374082,75128.43,4435.75,0,0
429,TRANSFER,555101.42,C1192675514,0.0,0.0,C421990098,8252467.86,8807569.28,0,0
429,TRANSFER,2023950.34,C885216014,0.0,0.0,C1831626412,2169662.91,4193613.25,0,0
429,CASH_OUT,203106.11,C379364105,0.0,0.0,C1740615431,806603.62,1009709.73,0,0
429,CASH_OUT,225286.94,C842213132,38343.44,0.0,C1623841142,590174.0,815460.94,0,0
429,PAYMENT,1780.76,C1996585422,162320.0,160539.24,M1381963166,0.0,0.0,0,0
439,PAYMENT,12939.19,C2014159478,0.0,0.0,M292224560,0.0,0.0,0,0
439,CASH_OUT,32581.44,C1991829307,0.0,0.0,C1217847277,565819.05,598400.49,0,0
439,CASH_IN,130675.55,C767766593,7080591.02,7211266.56,C316459916,788928.07,658252.53,0,0
439,DEBIT,2591.1,C231842043,25286.0,22694.9,C1632122745,358859.29,361450.39,0,0
440,TRANSFER,1912961.16,C1168684643,1912961.16,0.0,C1353360075,0.0,0.0,1,0
442,CASH_IN,243832.99,C1874976864,2783943.67,3027776.66,C549332457,290936.06,47103.07,0,0
448,CASH_IN,132370.7,C1251473595,10024998.21,10157368.9,C344055344,1180373.48,1048002.78,0,0
448,PAYMENT,8747.48,C1261075382,198.0,0.0,M1574022951,0.0,0.0,0,0
448,TRANSFER,2966210.08,C1368856379,0.0,0.0,C1571675162,11962135.07,14928345.16,0,0
449,PAYMENT,24965.69,C1748492488,6561.7,0.0,M905018393,0.0,0.0,0,0
451,PAYMENT,5743.62,C996339206,0.0,0.0,M383379803,0.0,0.0,0,0
451,CASH_OUT,102238.53,C132591350,225.0,0.0,C71045053,464639.43,566877.96,0,0
451,CASH_IN,165950.62,C145567141,2929159.66,3095110.28,C923063662,7631503.99,7465553.37,0,0
451,CASH_IN,12513.73,C1589661629,20396.0,32909.73,C626935988,0.0,0.0,0,0
451,TRANSFER,483656.48,C1237847010,0.0,0.0,C1143764375,1392456.37,1876112.86,0,0
451,CASH_OUT,208323.91,C1761933581,45521.0,0.0,C1168804262,477472.56,685796.47,0,0
452,CASH_IN,135301.48,C572025939,11220368.94,11355670.42,C2147314303,245677.52,110376.04,0,0
455,PAYMENT,4875.05,C639774919,0.0,0.0,M471463679,0.0,0.0,0,0
456,TRANSFER,38180.99,C556813703,38180.99,0.0,C1076802652,0.0,0.0,1,0
458,TRANSFER,167806.93,C1165837899,167806.93,0.0,C2049883242,0.0,0.0,1,0
458,PAYMENT,1164.09,C275481869,420085.0,418920.91,M824338795,0.0,0.0,0,0
460,PAYMENT,327.85,C2045250705,46530.0,46202.15,M19820541,0.0,0.0,0,0
466,CASH_OUT,58830.82,C658957594,112992.0,54161.18,C611798365,0.0,58830.82,0,0
466,PAYMENT,2475.33,C1847014533,0.0,0.0,M1759171173,0.0,0.0,0,0
466,CASH_OUT,166394.23,C505644082,0.0,0.0,C1892612012,270915.44,437309.67,0,0
466,CASH_OUT,541648.33,C2013310391,0.0,0.0,C747705214,5029749.36,5571397.69,0,0
466,PAYMENT,4331.38,C1296122717,20144.0,15812.62,M1586835351,0.0,0.0,0,0
467,TRANSFER,269722.42,C280460099,269722.42,0.0,C1478799121,0.0,0.0,1,0
469,CASH_IN,93256.5,C1729116640,4080.0,97336.5,C123937948,3054775.66,2961519.16,0,0
469,CASH_OUT,79169.15,C2099458356,31012.0,0.0,C2000796597,959309.85,1038479.0,0,0
469,CASH_OUT,76517.83,C821290172,72518.0,0.0,C1644443356,292693.47,369211.3,0,0
471,PAYMENT,21763.01,C404035647,0.0,0.0,M522411711,0.0,0.0,0,0
471,CASH_IN,398316.97,C294919356,50218.0,448534.97,C996077391,97294.89,0.0,0,0
471,PAYMENT,3013.32,C1169345494,0.0,0.0,M132298162,0.0,0.0,0,0
471,PAYMENT,14827.61,C1356257953,1055.0,0.0,M1478414141,0.0,0.0,0,0
474,PAYMENT,4509.17,C218874386,0.0,0.0,M23196020,0.0,0.0,0,0
474,TRANSFER,3525615.54,C1771610302,0.0,0.0,C1373883123,18072531.57,21598147.1,0,0
474,PAYMENT,9287.8,C948632550,3167.84,0.0,M137747632,0.0,0.0,0,0
476,CASH_OUT,237664.48,C1060112752,321208.0,83543.52,C1968900616,1979330.44,2216994.92,0,0
476,CASH_OUT,12929.66,C393649522,0.0,0.0,C2141087192,942684.3,955613.95,0,0
476,TRANSFER,317012.8,C1385874042,0.0,0.0,C1202647131,484666.6,801679.41,0,0
476,PAYMENT,12322.54,C768714121,15026.0,2703.46,M295423555,0.0,0.0,0,0
478,PAYMENT,8241.66,C1764859272,0.0,0.0,M639426886,0.0,0.0,0,0
479,PAYMENT,6498.81,C804190570,812364.0,805865.19,M518690331,0.0,0.0,0,0
479,PAYMENT,1275.86,C1690691524,0.0,0.0,M271803546,0.0,0.0,0,0
487,PAYMENT,4981.91,C1658271844,0.0,0.0,M2108800424,0.0,0.0,0,0
488,CASH_OUT,326052.83,C1348697498,326052.83,0.0,C499332323,0.0,326052.83,1,0
489,TRANSFER,934314.89,C984959096,934314.89,0.0,C134109335,0.0,0.0,1,0
490,CASH_OUT,33072.48,C1762013162,7772.83,0.0,C1822438754,63715.17,96787.65,0,0
490,CASH_OUT,3641525.7,C520336445,3641525.7,0.0,C1651162496,599102.39,4240628.09,1,0
490,PAYMENT,13583.35,C1832362020,0.0,0.0,M2006742673,0.0,0.0,0,0
490,CASH_OUT,219125.91,C1883300768,26140.0,0.0,C1743231769,2882621.64,3101747.55,0,0
492,CASH_OUT,42543.58,C1528513996,0.0,0.0,C1986707070,216843.03,259386.6,0,0
492,CASH_OUT,334084.05,C1496617706,14211.0,0.0,C810088627,754448.83,1088532.88,0,0
492,CASH_IN,269925.53,C1501900443,6701893.25,6971818.78,C1166409829,850054.2,580128.67,0,0
492,CASH_IN,16395.75,C1596696727,1501.0,17896.75,C1977606818,271750.73,255354.98,0,0
492,PAYMENT,28846.64,C2017185269,0.0,0.0,M2031235540,0.0,0.0,0,0
493,TRANSFER,144452.14,C1141104763,144452.14,0.0,C1209725124,0.0,0.0,1,0
493,CASH_IN,280813.88,C709071902,651731.72,932545.6,C317881467,592542.08,311728.19,0,0
493,CASH_IN,212312.24,C18218134,2741964.31,2954276.55,C699543632,450159.54,237847.3,0,0
493,PAYMENT,32539.94,C1274924231,77356.0,44816.06,M1842984150,0.0,0.0,0,0
493,TRANSFER,1229110.63,C203024859,0.0,0.0,C1875305731,1409526.39,2638637.03,0,0
495,CASH_IN,35215.72,C613864705,944141.68,979357.4,C367487522,245976.77,210761.06,0,0
495,CASH_OUT,291839.98,C159639234,117624.0,0.0,C760622971,8737373.49,9029213.46,0,0
495,PAYMENT,17763.64,C1885928825,391.0,0.0,M2012466004,0.0,0.0,0,0
496,CASH_OUT,381016.3,C787951300,5002.0,0.0,C1617188812,132628.56,513644.86,0,0
497,TRANSFER,10000000.0,C557530807,13695429.98,3695429.98,C1466553904,0.0,0.0,1,0
500,CASH_OUT,59563.83,C824591879,0.0,0.0,C1822486262,65041.73,124605.56,0,0
500,CASH_IN,130438.56,C1391330744,11645.0,142083.56,C1563107779,35594.39,0.0,0,0
500,PAYMENT,4705.34,C1267028859,127895.0,123189.66,M529829805,0.0,0.0,0,0
500,CASH_IN,87367.47,C1822755875,582396.0,669763.47,C1867820929,1102957.18,1015589.71,0,0
500,CASH_IN,96708.58,C183716845,459288.04,555996.61,C1028874412,560442.63,463734.05,0,0
500,CASH_OUT,5886.05,C1318073420,0.0,0.0,C881149228,37521.75,43407.8,0,0
500,CASH_IN,188212.04,C1365364046,1045699.97,1233912.01,C152866151,740296.1,552084.06,0,0
500,CASH_OUT,86047.37,C399618365,1075.0,0.0,C1846180700,0.0,86047.37,0,0
500,TRANSFER,21832.43,C2086908548,21832.43,0.0,C418623592,0.0,0.0,1,0
500,CASH_OUT,149305.64,C1364898315,21004.0,0.0,C1230533729,1653114.36,1802420.01,0,0
500,TRANSFER,204352.68,C2069734989,0.0,0.0,C166080383,1145457.18,1349809.86,0,0
503,CASH_OUT,130646.25,C781881146,922.28,0.0,C152693732,689645.78,820292.04,0,0
503,CASH_OUT,209966.21,C2006198422,0.0,0.0,C1804806746,320971.32,530937.53,0,0
503,PAYMENT,6242.02,C1628581377,787769.07,781527.05,M788578970,0.0,0.0,0,0
505,PAYMENT,31460.92,C557853708,11408.65,0.0,M1640448520,0.0,0.0,0,0
505,PAYMENT,9528.33,C1245683747,562.0,0.0,M67651185,0.0,0.0,0,0
509,CASH_OUT,2656973.04,C759396393,2656973.04,0.0,C899155690,654028.45,3311001.49,1,0
514,CASH_IN,63189.59,C487852208,6895309.63,6958499.22,C1062131997,570531.4,507341.8,0,0
514,TRANSFER,583776.73,C1645078935,0.0,0.0,C1744913553,1236878.05,1820654.78,0,0
514,PAYMENT,20591.94,C1002244607,21998.0,1406.06,M982785803,0.0,0.0,0,0
514,CASH_IN,87069.47,C1583774218,14048.0,101117.47,C709769279,61634.29,0.0,0,0
514,CASH_IN,73613.95,C116869399,7995659.42,8069273.38,C177497647,308387.93,234773.98,0,0
514,PAYMENT,20591.79,C792013914,105150.63,84558.84,M1165925555,0.0,0.0,0,0
514,TRANSFER,2341234.63,C645666397,8600.0,0.0,C46862702,3112287.48,5453522.11,0,0
514,PAYMENT,4381.6,C403189339,0.0,0.0,M11445259,0.0,0.0,0,0
514,PAYMENT,4205.52,C1063832053,0.0,0.0,M1274071496,0.0,0.0,0,0
514,PAYMENT,7003.43,C1602255571,0.0,0.0,M648049206,0.0,0.0,0,0
514,CASH_OUT,42577.8,C1161664866,84284.0,41706.2,C1504384147,409377.37,451955.17,0,0
514,TRANSFER,2232363.36,C186188813,107649.0,0.0,C1988184757,0.0,2232363.36,0,0
514,CASH_OUT,402297.62,C1252070793,58550.0,0.0,C1686757581,184912.66,587210.28,0,0
517,PAYMENT,16085.9,C591630320,0.0,0.0,M1796899657,0.0,0.0,0,0
517,CASH_OUT,16440.89,C35731905,644163.0,627722.11,C832749526,0.0,16440.89,0,0
517,CASH_OUT,157244.28,C1484745328,63329.0,0.0,C1461357143,3548344.36,3705588.64,0,0
518,CASH_OUT,277558.55,C224723316,0.0,0.0,C337197710,830976.57,1108535.12,0,0
518,CASH_IN,269029.71,C913544913,3817067.69,4086097.4,C1263742608,728248.04,459218.33,0,0
518,PAYMENT,17800.11,C170906248,194545.61,176745.5,M1729388237,0.0,0.0,0,0
518,CASH_OUT,247727.95,C1610204644,291279.0,43551.05,C96861539,203071.39,450799.35,0,0
518,PAYMENT,13510.13,C1302313067,1688.0,0.0,M575344933,0.0,0.0,0,0
519,TRANSFER,1049424.26,C448865084,1049424.26,0.0,C154141586,0.0,0.0,1,0
520,CASH_IN,229425.61,C1826980586,5823173.23,6052598.84,C123119855,1016400.75,786975.14,0,0
520,TRANSFER,623928.93,C1224928950,0.0,0.0,C1761787923,1490607.83,2114536.76,0,0
520,CASH_OUT,33783.15,C1365213211,20624.0,0.0,C1712728377,0.0,33783.15,0,0
520,PAYMENT,22982.25,C1948275914,19467.0,0.0,M1895801352,0.0,0.0,0,0
520,PAYMENT,13381.48,C271726792,19618.0,6236.52,M2110941525,0.0,0.0,0,0
520,CASH_OUT,202691.2,C237126443,164.0,0.0,C992245219,0.0,202691.2,0,0
520,CASH_IN,97334.55,C1323667481,4959833.8,5057168.35,C389166343,318208.06,220873.51,0,0
520,TRANSFER,130143.18,C631241286,0.0,0.0,C1452189869,425946.37,556089.55,0,0
520,CASH_IN,62748.93,C23357534,6583358.32,6646107.25,C1072320381,168709.97,105961.04,0,0
522,TRANSFER,431293.16,C2128476917,0.0,0.0,C959604165,781468.86,1212762.02,0,0
522,CASH_IN,36950.35,C892546550,154313.0,191263.35,C2047213185,236901.21,199950.86,0,0
522,CASH_IN,127956.01,C1719269937,5291.0,133247.01,C858541588,87817.13,0.0,0,0
522,CASH_OUT,96926.41,C823255117,103182.0,6255.59,C762082798,0.0,96926.41,0,0
522,CASH_OUT,151482.6,C821545615,114163.0,0.0,C1812904960,1133828.78,1285311.38,0,0
522,CASH_OUT,146985.54,C1395627852,0.0,0.0,C459686184,385520.58,532506.12,0,0
522,PAYMENT,16472.06,C818711047,93364.95,76892.89,M1656406221,0.0,0.0,0,0
522,CASH_OUT,123806.84,C1192787403,0.0,0.0,C1209566498,1765749.84,1889556.67,0,0
522,CASH_OUT,132771.14,C1846299455,614.0,0.0,C906675328,197505.69,330276.83,0,0
522,CASH_OUT,134861.45,C453950138,71627.68,0.0,C976771082,1120019.14,1254880.59,0,0
522,TRANSFER,1164343.96,C1782486753,21663.0,0.0,C294147823,0.0,1164343.96,0,0
522,PAYMENT,3719.45,C899043656,74933.3,71213.85,M1277941834,0.0,0.0,0,0
522,CASH_OUT,320739.49,C1782294576,156.0,0.0,C1140702550,453771.08,774510.57,0,0
522,CASH_OUT,91470.34,C534469183,0.0,0.0,C789241733,2188124.09,2279594.43,0,0
522,PAYMENT,7015.21,C1647805289,0.0,0.0,M437276538,0.0,0.0,0,0
522,CASH_OUT,20814.12,C1729518362,229553.0,208738.88,C646347432,612283.42,633097.54,0,0
522,CASH_IN,265746.08,C240545541,20726.0,286472.08,C927339306,0.0,0.0,0,0
522,PAYMENT,18572.55,C2134557541,0.0,0.0,M1891727468,0.0,0.0,0,0
522,PAYMENT,5192.86,C678348840,133.0,0.0,M841818610,0.0,0.0,0,0
522,PAYMENT,3413.01,C785504281,0.0,0.0,M888512857,0.0,0.0,0,0
522,CASH_IN,351287.23,C1207386515,14300244.22,14651531.44,C263437406,947861.77,596574.54,0,0
522,CASH_IN,107456.95,C1724595497,20663.0,128119.95,C1527524508,3032813.74,2925356.79,0,0
522,CASH_OUT,118189.61,C1202708130,52278.0,0.0,C1399411479,101273.53,219463.14,0,0
522,CASH_IN,51069.63,C633774780,41865.0,92934.63,C904422419,650019.07,598949.44,0,0
522,CASH_OUT,44964.46,C1369426486,204575.22,159610.75,C446964864,917100.3,962064.76,0,0
522,CASH_IN,195973.42,C99972727,1205371.14,1401344.55,C1157784400,225024.97,29051.56,0,0
522,PAYMENT,14312.21,C33335860,0.0,0.0,M367552027,0.0,0.0,0,0
522,CASH_OUT,75016.78,C119196193,76662.0,1645.22,C1550016055,184999.3,260016.08,0,0
522,CASH_OUT,67000.12,C14880515,667.0,0.0,C1725298748,0.0,67000.12,0,0
522,PAYMENT,33017.93,C150413329,0.0,0.0,M416760513,0.0,0.0,0,0
522,PAYMENT,15725.22,C495289964,51344.0,35618.78,M700894694,0.0,0.0,0,0
522,TRANSFER,1951824.85,C735611272,55539.0,0.0,C1238746697,0.0,1951824.85,0,0
524,CASH_OUT,84291.26,C1511645705,0.0,0.0,C1218590381,95862.2,180153.46,0,0
524,CASH_OUT,87947.64,C720313220,8895.35,0.0,C1571019143,2055496.8,2143444.45,0,0
524,TRANSFER,263845.33,C957375346,0.0,0.0,C297460007,291146.01,554991.34,0,0
524,CASH_OUT,287060.31,C305510048,308218.52,21158.21,C1128254282,645443.52,932503.82,0,0
525,CASH_IN,74197.07,C737760174,1136251.04,1210448.1,C1993196805,142480.55,68283.48,0,0
525,CASH_IN,351272.04,C2008708645,1719917.68,2071189.72,C1219235880,9881718.12,9530446.08,0,0
525,PAYMENT,64596.3,C1796853149,153864.0,89267.7,M1616202968,0.0,0.0,0,0
525,CASH_IN,107678.96,C1871426841,664.0,108342.96,C516837136,2780144.12,2672465.16,0,0
525,PAYMENT,17866.39,C1679680607,91715.0,73848.61,M405971327,0.0,0.0,0,0
525,CASH_OUT,78525.06,C1305458486,11012.0,0.0,C1813258407,1432178.65,1510703.7,0,0
525,TRANSFER,164689.42,C1578844471,177.0,0.0,C865166193,161720.97,326410.39,0,0
525,PAYMENT,39405.48,C1931150153,163.0,0.0,M1698989483,0.0,0.0,0,0
525,CASH_OUT,3606.38,C670418169,0.0,0.0,C1408100843,34678.15,38284.53,0,0
525,CASH_IN,139210.51,C1866068581,8968459.68,9107670.18,C1869386879,5203062.74,5063852.23,0,0
525,CASH_OUT,17918.76,C854513453,0.0,0.0,C639527729,1345384.13,1363302.89,0,0
525,CASH_OUT,5116.99,C81751881,147635.87,142518.88,C51799374,829675.38,834792.37,0,0
525,PAYMENT,9521.7,C1969379770,20177.0,10655.3,M1264975666,0.0,0.0,0,0
525,CASH_OUT,10351.23,C201995835,0.0,0.0,C1491727006,42566.82,52918.05,0,0
526,PAYMENT,40313.52,C2126936693,214514.33,174200.8,M628295146,0.0,0.0,0,0
526,PAYMENT,783.78,C1732592745,11732.0,10948.22,M504221675,0.0,0.0,0,0
526,PAYMENT,4389.94,C1264581994,194.0,0.0,M1472071718,0.0,0.0,0,0
526,CASH_OUT,139468.62,C566057422,0.0,0.0,C702702337,10926533.26,11066001.88,0,0
526,CASH_OUT,362101.1,C1940295393,6560.88,0.0,C1446549123,1303247.48,1665348.58,0,0
527,CASH_IN,213020.88,C104740864,3002235.07,3215255.95,C1330829130,3740767.95,3527747.07,0,0
527,PAYMENT,8726.92,C2011885556,2772.0,0.0,M757708675,0.0,0.0,0,0
528,TRANSFER,2173367.35,C927887851,2173367.35,0.0,C1921605128,0.0,0.0,1,0
529,CASH_OUT,1399724.98,C907660116,1399724.98,0.0,C1464428552,440633.99,1840358.97,1,0
530,CASH_OUT,387773.97,C85776880,387773.97,0.0,C36414271,34606.86,422380.83,1,0
531,PAYMENT,728.13,C1889786802,2108.0,1379.87,M409532652,0.0,0.0,0,0
532,PAYMENT,14328.37,C413243225,168671.0,154342.63,M713296133,0.0,0.0,0,0
533,CASH_OUT,3439121.37,C1650955113,3439121.37,0.0,C2091086284,67310.12,3506431.49,1,0
534,CASH_IN,45864.55,C99430040,10453.75,56318.3,C2021328792,252516.14,206651.59,0,0
534,PAYMENT,14971.69,C1830946938,0.0,0.0,M1390922905,0.0,0.0,0,0
534,CASH_OUT,492896.75,C1604057641,492896.75,0.0,C773898763,10420895.1,10913791.86,1,0
534,PAYMENT,17810.22,C2070242195,59295.69,41485.47,M363328977,0.0,0.0,0,0
538,CASH_IN,158563.26,C1720999028,501.0,159064.26,C1115438119,4927801.47,4769238.21,0,0
538,TRANSFER,721062.17,C1157178836,32387.0,0.0,C561494470,0.0,721062.17,0,0
538,CASH_IN,238770.07,C71713396,21050.0,259820.07,C1275342525,0.0,0.0,0,0
538,CASH_IN,201625.71,C778327091,30573.0,232198.71,C1546866382,0.0,0.0,0,0
538,CASH_OUT,129547.16,C146729408,5587.0,0.0,C321348813,155335.79,284882.95,0,0
538,CASH_OUT,82447.19,C201700449,5977.0,0.0,C1122124935,52173.2,134620.39,0,0
538,CASH_OUT,128141.93,C825318917,0.0,0.0,C1912874325,3458245.69,3586387.62,0,0
538,PAYMENT,8854.34,C1190314536,66146.72,57292.38,M1344738688,0.0,0.0,0,0
540,TRANSFER,1339976.28,C651108020,43779.0,0.0,C347206367,17972.22,1357948.5,0,0
540,PAYMENT,10442.48,C1341151444,11456.0,1013.52,M400180834,0.0,0.0,0,0
540,TRANSFER,1481456.28,C1391633251,8938.0,0.0,C705769809,338674.2,1820130.48,0,0
540,PAYMENT,9647.46,C1040140336,50674.3,41026.84,M1954501162,0.0,0.0,0,0
540,PAYMENT,15251.41,C1934875515,35887.0,20635.59,M1486191862,0.0,0.0,0,0
540,CASH_OUT,26688.96,C919684150,35892.0,9203.04,C1775960070,564446.22,591135.18,0,0
540,CASH_OUT,83882.07,C2082459273,37416.35,0.0,C686483758,402303.83,486185.9,0,0
540,CASH_OUT,113298.5,C1331705767,311528.0,198229.5,C1184378579,33669.37,146967.87,0,0
542,CASH_IN,154139.1,C1231210432,5556788.79,5710927.89,C1511413887,199520.77,45381.66,0,0
542,CASH_OUT,122329.05,C1332808438,104950.0,0.0,C807013966,647220.09,769549.14,0,0
542,PAYMENT,1005.79,C752541564,0.0,0.0,M1006389571,0.0,0.0,0,0
542,PAYMENT,4337.08,C1753858983,0.0,0.0,M1794158178,0.0,0.0,0,0
542,CASH_OUT,50019.45,C833845086,124521.34,74501.89,C355276630,3289794.26,3339813.71,0,0
542,PAYMENT,13532.85,C843648043,99848.0,86315.15,M934564057,0.0,0.0,0,0
542,CASH_IN,31287.64,C1782613984,6078685.49,6109973.13,C1546829885,307486.22,276198.58,0,0
542,TRANSFER,981089.85,C1298492164,0.0,0.0,C1446923503,1519753.84,2500843.69,0,0
544,PAYMENT,204.43,C912044545,16033.0,15828.57,M708394290,0.0,0.0,0,0
544,TRANSFER,2288434.28,C109062489,10440.0,0.0,C559409114,29333.4,2317767.68,0,0
544,CASH_OUT,400742.13,C469802169,114045.05,0.0,C1792375,882458.31,1283200.44,0,0
544,PAYMENT,49812.18,C1578982099,0.0,0.0,M103263422,0.0,0.0,0,0
544,CASH_OUT,4683.97,C952382298,5037.0,353.03,C1973568761,1250065.58,1254749.55,0,0
544,TRANSFER,408510.23,C129270869,0.0,0.0,C1102883211,3593055.02,4001565.25,0,0
544,PAYMENT,12268.96,C665160392,383144.96,370876.01,M1311350056,0.0,0.0,0,0
544,CASH_OUT,206781.93,C370120159,802314.0,595532.07,C1424364569,8378840.04,8585621.97,0,0
544,CASH_IN,135174.62,C213273890,17579.87,152754.49,C1913640672,5685407.3,5550232.67,0,0
544,CASH_OUT,348660.66,C1571871878,21796.0,0.0,C907146663,0.0,348660.66,0,0
544,CASH_OUT,124648.1,C2004907391,65485.0,0.0,C302933593,118066.62,242714.72,0,0
545,PAYMENT,52627.38,C1860839722,145.0,0.0,M1725693191,0.0,0.0,0,0
545,PAYMENT,13489.22,C565022861,0.0,0.0,M1016497713,0.0,0.0,0,0
545,PAYMENT,7033.85,C31944683,131580.0,124546.15,M869523173,0.0,0.0,0,0
545,TRANSFER,539105.65,C292180779,0.0,0.0,C523154252,10128035.2,10667140.85,0,0
545,CASH_IN,191913.44,C608057788,103712.0,295625.44,C327414204,255162.48,63249.04,0,0
546,CASH_OUT,55673.55,C803781344,15069.0,0.0,C712941829,0.0,55673.55,0,0
546,PAYMENT,12782.33,C1433365944,19119.0,6336.67,M2122821625,0.0,0.0,0,0
546,CASH_OUT,307149.07,C1236928257,38466.0,0.0,C1913136298,333598.37,640747.44,0,0
546,CASH_IN,374425.74,C1705901254,16027.0,390452.74,C1787268301,414201.24,39775.5,0,0
546,CASH_OUT,56074.82,C484793338,1683.0,0.0,C1175186193,0.0,56074.82,0,0
546,CASH_IN,384993.19,C1516895880,47538.0,432531.19,C883496428,4440463.79,4055470.59,0,0
546,CASH_OUT,202182.8,C1195914584,330822.92,128640.13,C1793483961,215240.56,417423.36,0,0
546,PAYMENT,31941.88,C1541492837,10801.0,0.0,M1740609885,0.0,0.0,0,0
546,PAYMENT,20201.03,C1766144528,50943.0,30741.97,M53913615,0.0,0.0,0,0
547,PAYMENT,13403.42,C1060792728,0.0,0.0,M2094361940,0.0,0.0,0,0
547,CASH_OUT,15265.36,C856222617,86611.0,71345.64,C205137440,258392.9,273658.26,0,0
548,PAYMENT,499.61,C1905506955,21328.0,20828.39,M1496781561,0.0,0.0,0,0
548,TRANSFER,192199.7,C175260572,248447.0,56247.3,C995884809,0.0,192199.7,0,0
548,CASH_IN,211036.33,C1978084489,295041.29,506077.61,C104612812,1619248.33,1408212.0,0,0
548,PAYMENT,4202.34,C225414725,0.0,0.0,M1470816625,0.0,0.0,0,0
548,CASH_OUT,98804.14,C1632774404,11101.0,0.0,C1508088625,21807.4,120611.54,0,0
548,PAYMENT,2630.7,C1242077163,8013.0,5382.3,M132948135,0.0,0.0,0,0
548,CASH_IN,191670.58,C2037670435,10750.0,202420.58,C164012933,23484.21,0.0,0,0
550,CASH_OUT,181278.41,C608224429,24298.0,0.0,C1743609389,1460.95,182739.36,0,0
550,PAYMENT,11980.64,C1268077348,71541.0,59560.36,M533699194,0.0,0.0,0,0
550,PAYMENT,8899.38,C615663186,0.0,0.0,M1238572811,0.0,0.0,0,0
550,CASH_IN,104228.94,C1995667838,3042512.36,3146741.31,C692149985,328650.07,224421.13,0,0
550,CASH_IN,133455.98,C2048917614,267184.75,400640.73,C2099284782,457603.88,324147.9,0,0
550,CASH_OUT,49836.01,C1332941517,4609.3,0.0,C504836322,176872.48,226708.49,0,0
550,CASH_OUT,203487.4,C417963984,11020.0,0.0,C185554381,0.0,203487.4,0,0
550,CASH_OUT,87886.71,C2129153035,0.0,0.0,C1218375329,185382.86,273269.57,0,0
552,PAYMENT,2051.26,C1133049368,2700.87,649.61,M244890066,0.0,0.0,0,0
552,TRANSFER,157698.38,C2074358320,0.0,0.0,C1005359893,369447.26,527145.64,0,0
552,CASH_IN,204523.95,C388308247,4849168.77,5053692.72,C1902278213,3722703.26,3518179.31,0,0
555,PAYMENT,4884.67,C301092178,22028.81,17144.14,M1758705170,0.0,0.0,0,0
557,TRANSFER,3332748.16,C136906216,3332748.16,0.0,C560125098,0.0,0.0,1,0
563,PAYMENT,8576.15,C1880098750,0.0,0.0,M260208875,0.0,0.0,0,0
563,CASH_OUT,194831.67,C352505621,57421.0,0.0,C1533675210,27300.32,222131.99,0,0
563,CASH_IN,193582.25,C1216300897,1208287.47,1401869.72,C324553650,1908800.61,1715218.36,0,0
563,CASH_OUT,129781.04,C2107508537,0.0,0.0,C556973954,139940.66,269721.7,0,0
564,PAYMENT,306.63,C1507963386,327991.0,327684.37,M686504518,0.0,0.0,0,0
564,CASH_OUT,533132.3,C1838470938,120581.47,0.0,C1183208146,2115131.69,2648263.98,0,0
564,CASH_OUT,111346.36,C216313712,0.0,0.0,C714540294,7540715.97,7652062.33,0,0
564,CASH_OUT,368241.12,C777384310,493.0,0.0,C1672810970,3788374.02,4156615.15,0,0
565,PAYMENT,16139.66,C1127492847,123193.0,107053.34,M1007986544,0.0,0.0,0,0
565,TRANSFER,124241.0,C1138874088,505387.35,381146.36,C862557760,395104.39,519345.38,0,0
565,CASH_OUT,130640.67,C201815053,23217.0,0.0,C1354488324,210249.57,340890.24,0,0
565,PAYMENT,3796.84,C763961278,55117.0,51320.16,M1891398255,0.0,0.0,0,0
565,PAYMENT,1517.8,C409954832,288.0,0.0,M730175284,0.0,0.0,0,0
565,PAYMENT,5611.54,C491775395,375525.66,369914.12,M1770151883,0.0,0.0,0,0
565,PAYMENT,2891.25,C1790990254,0.0,0.0,M1480625054,0.0,0.0,0,0
565,PAYMENT,36039.67,C1821265733,0.0,0.0,M1676602591,0.0,0.0,0,0
565,PAYMENT,10490.92,C824431951,231785.13,221294.21,M551534884,0.0,0.0,0,0
566,CASH_OUT,257384.64,C168548421,40719.0,0.0,C1285694081,393164.89,650549.53,0,0
566,TRANSFER,1777980.45,C31691370,28386.0,0.0,C820983969,0.0,1777980.45,0,0
566,CASH_OUT,399017.5,C1827567895,31972.0,0.0,C1994748780,3113105.36,3512122.86,0,0
567,TRANSFER,261957.92,C1232169831,285440.0,23482.08,C469777306,1084707.92,1346665.84,0,0
567,CASH_OUT,243045.34,C302707781,260.0,0.0,C1650895280,165577.27,408622.61,0,0
567,TRANSFER,2713.56,C656372492,42136.0,39422.44,C1646964918,0.0,2713.56,0,0
567,PAYMENT,19464.91,C275109275,11195.0,0.0,M995074793,0.0,0.0,0,0
567,CASH_OUT,445786.8,C1040213130,0.0,0.0,C145391403,2586941.65,3032728.46,0,0
567,PAYMENT,6799.01,C830187495,0.0,0.0,M1909928352,0.0,0.0,0,0
567,PAYMENT,19036.17,C1905377390,170508.73,151472.56,M1660084651,0.0,0.0,0,0
569,TRANSFER,22117.99,C862057815,22117.99,0.0,C1962362775,0.0,0.0,1,0
569,PAYMENT,9746.3,C910364681,0.0,0.0,M1314168531,0.0,0.0,0,0
569,CASH_IN,10857.05,C1842824323,12196.0,23053.05,C457508994,0.0,0.0,0,0
570,TRANSFER,222302.5,C1300102370,232759.3,10456.8,C1036162725,649516.27,871818.77,0,0
570,CASH_IN,174176.37,C266325278,931.0,175107.37,C1733099865,0.0,0.0,0,0
571,CASH_OUT,187028.0,C833742129,129052.04,0.0,C116831411,5817053.94,6004081.94,0,0
571,PAYMENT,1931.82,C1564810880,114485.1,112553.27,M1961771471,0.0,0.0,0,0
571,CASH_OUT,288398.68,C1003139748,0.0,0.0,C1525588831,1934134.28,2222532.96,0,0
571,CASH_IN,17667.32,C1947768643,5359046.74,5376714.06,C1433603467,185424.48,167757.16,0,0
571,TRANSFER,53507.07,C518505506,0.0,0.0,C1687736117,676082.83,729589.91,0,0
571,CASH_OUT,133928.81,C5658678,0.0,0.0,C1344600856,315584.57,449513.38,0,0
571,CASH_OUT,26224.39,C296046609,0.0,0.0,C787194526,285996.19,312220.58,0,0
571,CASH_OUT,190289.65,C267105400,0.0,0.0,C1222619494,4762100.24,4952389.89,0,0
571,PAYMENT,1832.07,C1071146487,0.0,0.0,M2093647803,0.0,0.0,0,0
573,PAYMENT,5120.49,C1945513059,3263.23,0.0,M314298695,0.0,0.0,0,0
573,CASH_OUT,130525.41,C1491726916,0.0,0.0,C1734655571,283142.54,413667.95,0,0
573,PAYMENT,6580.61,C712718988,12088.0,5507.39,M1971849855,0.0,0.0,0,0
573,TRANSFER,710792.17,C1409276379,0.0,0.0,C1949089497,1119591.59,1830383.76,0,0
573,CASH_OUT,69378.72,C592696003,251817.0,182438.28,C1673201506,0.0,69378.72,0,0
573,CASH_OUT,389887.76,C1230235256,0.0,0.0,C31205939,1183530.34,1573418.1,0,0
573,CASH_OUT,55492.29,C1317096111,78582.3,23090.01,C1911345912,475128.27,530620.56,0,0
574,PAYMENT,4800.27,C1384037371,101302.0,96501.73,M2047703207,0.0,0.0,0,0
574,PAYMENT,7812.82,C367120298,28754.56,20941.74,M1243839888,0.0,0.0,0,0
574,CASH_IN,104079.9,C935866866,2943606.61,3047686.51,C935150940,787741.98,683662.08,0,0
574,CASH_OUT,68619.09,C878722458,0.0,0.0,C235716415,277844.83,346463.92,0,0
577,TRANSFER,22768.49,C639678049,192.0,0.0,C574621733,351694.62,374463.11,0,0
578,TRANSFER,1401196.04,C838034698,0.0,0.0,C1685726862,18091387.96,19492584.0,0,0
582,TRANSFER,567244.76,C1173922212,0.0,0.0,C1790751456,2231049.77,2798294.53,0,0
582,PAYMENT,2249.26,C1010450309,15018.0,12768.74,M1539989529,0.0,0.0,0,0
584,CASH_OUT,144861.6,C1941021977,0.0,0.0,C2042514719,2620622.42,2765484.02,0,0
585,CASH_OUT,121522.06,C1944001887,36794.0,0.0,C502176403,0.0,121522.06,0,0
587,CASH_OUT,329628.76,C1418678360,5110.0,0.0,C702489252,0.0,329628.76,0,0
588,CASH_OUT,186989.36,C810960135,0.0,0.0,C1800897151,919305.11,1106294.47,0,0
588,DEBIT,348.11,C2140512175,10123.0,9774.89,C106455031,9161.0,9509.1,0,0
588,TRANSFER,1064425.7,C875659264,1064425.7,0.0,C656468700,0.0,0.0,1,0
588,CASH_OUT,58565.1,C1033776587,64508.0,5942.9,C2113141662,541523.12,600088.22,0,0
588,PAYMENT,9828.0,C52533856,124899.0,115071.0,M1335693242,0.0,0.0,0,0
588,PAYMENT,32864.2,C1805450254,0.0,0.0,M908836403,0.0,0.0,0,0
588,CASH_IN,103402.59,C162927831,31315.0,134717.59,C1082368162,0.0,0.0,0,0
588,CASH_IN,60464.83,C1875785743,0.0,60464.83,C1062467832,126536.8,66071.97,0,0
588,CASH_OUT,259251.83,C415583510,21277.0,0.0,C358491149,722113.56,981365.4,0,0
588,CASH_IN,73477.26,C1632863099,1678891.03,1752368.29,C1221942394,130051.65,56574.39,0,0
588,CASH_IN,181130.32,C1150854055,66313.0,247443.32,C1799543184,0.0,0.0,0,0
588,CASH_OUT,201170.81,C1698622598,5421.0,0.0,C1513307864,0.0,201170.81,0,0
588,PAYMENT,28461.41,C517200479,0.0,0.0,M1840693892,0.0,0.0,0,0
588,PAYMENT,37789.83,C156362590,0.0,0.0,M1505277307,0.0,0.0,0,0
588,CASH_OUT,153213.37,C309043145,10583.0,0.0,C133002610,0.0,153213.37,0,0
589,PAYMENT,12079.22,C1685172292,0.0,0.0,M2009711342,0.0,0.0,0,0
589,CASH_OUT,266069.98,C76562881,14760.0,0.0,C236604605,121917.0,387986.98,0,0
589,CASH_OUT,312409.23,C1192670093,78658.0,0.0,C228397837,751304.82,1063714.05,0,0
589,CASH_IN,67461.88,C814041006,2467816.6,2535278.48,C701707957,789458.62,721996.74,0,0
589,CASH_IN,166195.83,C1782057484,5104016.0,5270211.83,C1584708550,2081069.04,1914873.22,0,0
589,CASH_IN,440.76,C1259792208,10921177.18,10921617.94,C1405535217,602675.76,602235.0,0,0
589,CASH_OUT,117323.4,C1841298130,40163.0,0.0,C2104857523,0.0,117323.4,0,0
589,CASH_IN,196144.77,C281338271,4028958.55,4225103.33,C1943214781,197126.76,981.99,0,0
589,TRANSFER,179385.33,C855325275,20188.0,0.0,C2102590443,3252561.42,3431946.75,0,0
589,PAYMENT,14847.17,C839535224,0.0,0.0,M2137315591,0.0,0.0,0,0
590,CASH_IN,142603.86,C1040006424,4766510.32,4909114.19,C1549457508,174110.82,31506.96,0,0
590,PAYMENT,1906.37,C101953793,3114.0,1207.63,M548681773,0.0,0.0,0,0
590,CASH_OUT,137043.64,C2129184529,0.0,0.0,C153339305,1381736.76,1518780.4,0,0
590,PAYMENT,9205.33,C152255188,15257.0,6051.67,M1635227226,0.0,0.0,0,0
590,PAYMENT,14915.75,C2056109130,0.0,0.0,M1108364907,0.0,0.0,0,0
590,CASH_OUT,418769.63,C252946865,6133.0,0.0,C1756899512,1258654.82,1677424.45,0,0
590,PAYMENT,13547.43,C1128685085,0.0,0.0,M2081453147,0.0,0.0,0,0
590,PAYMENT,22544.84,C920205801,5053.0,0.0,M1505014842,0.0,0.0,0,0
592,CASH_IN,24937.04,C1816111419,2886333.03,2911270.07,C344612537,366649.27,341712.23,0,0
592,CASH_OUT,200236.37,C992136397,41181.0,0.0,C1529167375,850798.21,1051034.58,0,0
592,CASH_OUT,5998.44,C1322561281,40164.0,34165.56,C1874717976,110905.59,116904.03,0,0
592,CASH_IN,241961.55,C71913152,13964.0,255925.55,C500518983,553209.06,311247.52,0,0
592,CASH_OUT,101153.92,C548130002,21390.0,0.0,C771711630,157414.79,258568.71,0,0
592,CASH_IN,241781.04,C1745900551,6548453.83,6790234.87,C1639016216,1166083.04,924302.01,0,0
592,CASH_OUT,210546.14,C612930528,39069.0,0.0,C576244680,0.0,210546.14,0,0
593,TRANSFER,272776.59,C1010536295,272776.59,0.0,C468476477,0.0,0.0,1,0
594,PAYMENT,1994.71,C1568962977,0.0,0.0,M1293135536,0.0,0.0,0,0
594,CASH_OUT,52237.54,C1393822444,40052.0,0.0,C4453179,318690.57,370928.12,0,0
594,CASH_OUT,5640.0,C1394669165,0.0,0.0,C370558306,133604.68,139244.68,0,0
594,PAYMENT,3838.33,C443471829,0.0,0.0,M731332936,0.0,0.0,0,0
594,CASH_OUT,49305.63,C2029861542,0.0,0.0,C1422395194,538500.94,587806.58,0,0
594,CASH_IN,30306.73,C33674140,115.0,30421.73,C1510582875,53859.17,23552.43,0,0
594,CASH_OUT,74896.62,C792864354,0.0,0.0,C1413095228,1425562.76,1500459.38,0,0
595,CASH_OUT,311461.34,C1480127615,204396.38,0.0,C1657406786,1316436.78,1627898.12,0,0
595,CASH_OUT,103292.75,C666085940,17184.0,0.0,C1403786852,1072891.13,1176183.88,0,0
595,CASH_IN,35746.37,C945291744,497229.0,532975.37,C661019134,186154.57,150408.19,0,0
595,CASH_IN,319729.19,C1970273427,0.0,319729.19,C2088497865,923081.24,603352.06,0,0
595,CASH_IN,152434.76,C1333470057,40710.0,193144.76,C1249550304,0.0,0.0,0,0
595,CASH_IN,95727.24,C672758202,29162.0,124889.24,C879296980,191074.75,95347.51,0,0
595,PAYMENT,4415.95,C801463376,0.0,0.0,M653726856,0.0,0.0,0,0
595,PAYMENT,11123.07,C537847564,0.0,0.0,M1526865009,0.0,0.0,0,0
595,PAYMENT,22410.22,C1981616860,13238.9,0.0,M530830914,0.0,0.0,0,0
595,PAYMENT,18808.12,C199364899,0.0,0.0,M803830097,0.0,0.0,0,0
595,CASH_IN,37209.5,C2122827330,10397.0,47606.5,C2002229287,626453.37,589243.87,0,0
595,CASH_OUT,154070.87,C1312026129,304520.0,150449.13,C972706637,456759.01,610829.88,0,0
595,CASH_OUT,76607.9,C940886489,0.0,0.0,C273731396,1469313.03,1545920.93,0,0
595,CASH_OUT,5187.36,C2079737510,38583.0,33395.64,C1281686159,38424.89,43612.25,0,0
596,CASH_OUT,47881.31,C1722899865,55267.0,7385.69,C565350626,0.0,47881.31,0,0
596,TRANSFER,1833328.81,C1707877018,0.0,0.0,C525466655,2218668.36,4051997.17,0,0
596,PAYMENT,4476.28,C892530019,1252.48,0.0,M956896769,0.0,0.0,0,0
596,TRANSFER,101608.63,C297040909,0.0,0.0,C451500788,141181.88,242790.5,0,0
596,CASH_OUT,97271.23,C377282319,0.0,0.0,C1088762437,136834.32,234105.55,0,0
596,PAYMENT,2200.21,C1918203944,15975.0,13774.79,M514086688,0.0,0.0,0,0
596,PAYMENT,4336.79,C2064562901,0.0,0.0,M2052425092,0.0,0.0,0,0
596,PAYMENT,11250.86,C2133398478,327.0,0.0,M181242907,0.0,0.0,0,0
596,PAYMENT,10452.48,C1958758059,0.0,0.0,M911888689,0.0,0.0,0,0
596,CASH_OUT,165025.59,C713859420,11397.0,0.0,C1728093141,2208336.38,2373361.96,0,0
596,PAYMENT,10810.51,C890394195,47773.0,36962.49,M668319426,0.0,0.0,0,0
597,PAYMENT,8281.13,C401933219,910121.0,901839.87,M1232563691,0.0,0.0,0,0
597,CASH_IN,61020.15,C957920310,163858.0,224878.15,C202931566,0.0,0.0,0,0
597,CASH_OUT,213492.81,C294207251,9915.0,0.0,C1163876766,3722250.34,3935743.16,0,0
597,PAYMENT,4885.76,C1366720849,107325.0,102439.24,M357722301,0.0,0.0,0,0
598,TRANSFER,134377.31,C1885211669,145901.0,11523.69,C1537923495,862569.98,996947.29,0,0
598,PAYMENT,4084.83,C1115275027,0.0,0.0,M1194271861,0.0,0.0,0,0
598,CASH_IN,135668.39,C2091662044,101670.0,237338.39,C276191494,496338.95,360670.55,0,0
599,PAYMENT,955.67,C875627012,11367.0,10411.33,M2103522090,0.0,0.0,0,0
599,PAYMENT,4223.38,C855665048,17767.0,13543.62,M1247995159,0.0,0.0,0,0
601,PAYMENT,1901.66,C497728306,675626.0,673724.34,M1111705705,0.0,0.0,0,0
601,CASH_IN,252728.92,C1938352890,1012049.34,1264778.26,C1163063163,266756.92,14028.0,0,0
601,CASH_IN,252232.32,C1332695537,6178648.15,6430880.47,C1732080599,1088976.48,836744.16,0,0
601,TRANSFER,6709832.82,C497170556,0.0,0.0,C267063122,25608192.02,32318024.85,0,0
608,CASH_OUT,80152.75,C104753347,117271.0,37118.25,C513436206,80928.87,161081.62,0,0
610,PAYMENT,9435.2,C753940568,0.0,0.0,M1817683329,0.0,0.0,0,0
610,CASH_IN,62171.41,C1847939636,21298.0,83469.41,C249504837,1424557.43,1362386.03,0,0
610,CASH_IN,117539.44,C678312222,15384.0,132923.44,C122813337,137997.06,20457.62,0,0
610,DEBIT,4457.47,C1277745978,251442.0,246984.53,C1743236988,523145.27,527602.74,0,0
612,PAYMENT,23346.61,C2086084863,784.0,0.0,M1374250735,0.0,0.0,0,0
612,CASH_IN,24578.15,C1626537715,10926.0,35504.15,C450580248,0.0,0.0,0,0
612,PAYMENT,33678.54,C1268347825,18425.0,0.0,M1476020422,0.0,0.0,0,0
614,CASH_OUT,93372.01,C1339248937,0.0,0.0,C240949368,512084.54,605456.55,0,0
617,CASH_OUT,86156.87,C1600369852,0.0,0.0,C529480919,178839.14,264996.0,0,0
617,CASH_IN,457896.98,C22408210,717.0,458613.98,C1339594931,154288.5,0.0,0,0
617,CASH_OUT,125340.25,C1033776655,1105.0,0.0,C1516064598,0.0,125340.25,0,0
619,CASH_OUT,222344.03,C526487424,0.0,0.0,C1586952083,1397679.18,1620023.21,0,0
619,CASH_IN,178709.45,C765621197,57020.0,235729.45,C563193276,1913954.42,1735244.97,0,0
619,CASH_OUT,108553.71,C650772068,0.0,0.0,C415934036,298183.25,406736.96,0,0
619,CASH_IN,203211.92,C991716398,2192503.84,2395715.77,C1045072760,234039.5,30827.57,0,0
621,TRANSFER,377409.24,C934890352,0.0,0.0,C1064526669,407378.8,784788.03,0,0
621,CASH_IN,74244.66,C436611745,10619.0,84863.66,C1717484158,1286470.8,1212226.14,0,0
630,CASH_IN,225526.4,C1198129273,8372690.46,8598216.86,C1043058621,289931.56,64405.15,0,0
631,TRANSFER,952234.12,C606108347,952234.12,0.0,C357620620,0.0,0.0,1,0
635,TRANSFER,1363674.48,C1873557326,1363674.48,0.0,C1002151702,0.0,0.0,1,0
637,PAYMENT,1038.87,C2129834560,2179.0,1140.13,M1891786126,0.0,0.0,0,0
637,CASH_OUT,226944.72,C1057847986,0.0,0.0,C1361922694,875535.66,1102480.38,0,0
637,PAYMENT,19127.67,C186636195,21394.0,2266.33,M1231168687,0.0,0.0,0,0
637,CASH_IN,188098.85,C1960670635,53032.0,241130.85,C187106136,5652.24,0.0,0,0
637,CASH_IN,405863.59,C362829743,107551.0,513414.59,C230256832,4254240.5,3848376.9,0,0
640,CASH_OUT,40867.66,C1092813707,40867.66,0.0,C769266186,0.0,40867.66,1,0
640,CASH_OUT,192006.31,C361402198,1486.0,0.0,C1210809510,1250392.16,1442398.47,0,0
640,CASH_OUT,135908.57,C972447695,8204.0,0.0,C1910047664,4080220.15,4216128.72,0,0
644,TRANSFER,383682.33,C1476761986,20391.0,0.0,C1414613513,132753.88,516436.21,0,0
645,CASH_OUT,214760.72,C219928629,214760.72,0.0,C1845454349,151605.62,366366.35,1,0
649,TRANSFER,963966.56,C333851574,963966.56,0.0,C1907611858,0.0,0.0,1,0
649,TRANSFER,30674.98,C1185407067,30674.98,0.0,C1105743477,0.0,0.0,1,0
649,CASH_OUT,30674.98,C31510434,30674.98,0.0,C1809202550,326371.7,357046.68,1,0
650,CASH_OUT,4480592.14,C631132881,4480592.14,0.0,C354729462,3244885.0,7725477.14,1,0
656,PAYMENT,2439.94,C2116106455,22366.0,19926.06,M1361312989,0.0,0.0,0,0
659,CASH_IN,44867.43,C1249882087,50874.0,95741.43,C197231670,1020030.96,975163.53,0,0
659,CASH_OUT,96495.31,C258366810,36598.98,0.0,C918589111,5047883.12,5144378.43,0,0
659,CASH_IN,126090.01,C1649141072,2659697.12,2785787.13,C289731024,988345.59,862255.58,0,0
659,CASH_IN,213541.89,C618430060,175654.03,389195.91,C1608983500,46343132.63,46129590.75,0,0
659,CASH_OUT,157496.44,C1195970876,0.0,0.0,C2134523439,517821.41,675317.85,0,0
659,CASH_OUT,143191.27,C780586407,683.0,0.0,C852763707,387412.58,530603.85,0,0
661,PAYMENT,5149.14,C975812334,77586.0,72436.86,M1132185735,0.0,0.0,0,0
661,CASH_OUT,174839.37,C1134894738,86342.0,0.0,C681194231,2507952.45,2682791.82,0,0
661,PAYMENT,28563.82,C1705648446,0.0,0.0,M1992248781,0.0,0.0,0,0
664,CASH_IN,417419.46,C1820430932,32940.0,450359.46,C654727925,1234095.13,816675.67,0,0
664,CASH_OUT,301500.91,C2108772452,0.0,0.0,C867428498,3576523.9,3878024.81,0,0
667,PAYMENT,21991.24,C1586128410,462703.09,440711.85,M155725900,0.0,0.0,0,0
667,PAYMENT,5192.07,C1117671914,5881.0,688.93,M856071867,0.0,0.0,0,0
669,CASH_IN,330160.32,C19016045,140237.39,470397.71,C308402790,3112324.9,2782164.58,0,0
669,CASH_IN,252602.9,C1061525879,9744681.3,9997284.2,C735715219,1888500.82,1635897.92,0,0
670,CASH_IN,171509.04,C1940220501,2438253.45,2609762.49,C551295003,2540562.04,2369053.0,0,0
670,TRANSFER,12760.94,C856927951,0.0,0.0,C1599740202,772495.5,785256.44,0,0
670,CASH_OUT,396869.17,C1954209913,68859.01,0.0,C506276732,30025758.56,30422627.74,0,0
673,CASH_IN,385663.42,C1426891261,11505182.31,11890845.73,C395177814,469911.81,84248.39,0,0
673,CASH_IN,75109.63,C33111881,1820025.57,1895135.2,C1508323146,1494282.65,1419173.02,0,0
680,TRANSFER,28399.72,C916162513,28399.72,0.0,C1708739,0.0,0.0,1,0
681,TRANSFER,355692.0,C1739658702,15995.0,0.0,C232318777,2902906.89,3258598.89,0,0
681,CASH_IN,413553.41,C56274837,33123.0,446676.41,C369312472,88581.69,0.0,0,0
681,CASH_OUT,418715.98,C2072006854,7010.0,0.0,C86802136,1187265.82,1605981.79,0,0
681,PAYMENT,8065.77,C1298123830,0.0,0.0,M370988333,0.0,0.0,0,0
681,CASH_OUT,10266.41,C1818875271,0.0,0.0,C883794020,94818.12,105084.53,0,0
681,CASH_IN,420077.45,C1940561744,101865.0,521942.45,C240778180,0.0,0.0,0,0
681,CASH_IN,8638.1,C1977625471,10423.0,19061.1,C1620523001,0.0,0.0,0,0
681,CASH_IN,34440.1,C275586686,3723892.73,3758332.83,C1598495499,195593.2,161153.09,0,0
681,CASH_IN,198962.19,C1848533420,105944.0,304906.19,C1225196150,850401.86,651439.67,0,0
681,CASH_IN,52699.52,C450380922,461434.38,514133.9,C140308980,408769.52,356070.0,0,0
681,CASH_OUT,198213.27,C167246106,678.0,0.0,C432634228,0.0,198213.27,0,0
681,CASH_OUT,118086.77,C367735552,31276.0,0.0,C993063407,10537986.16,10656072.93,0,0
681,CASH_OUT,239533.83,C1742297984,139.0,0.0,C1669263832,115201.29,354735.13,0,0
681,PAYMENT,1935.57,C1515003585,34337.0,32401.43,M814273694,0.0,0.0,0,0
681,CASH_OUT,20779.75,C1441586650,252104.4,231324.65,C1851293785,143959.95,164739.71,0,0
683,TRANSFER,150321.28,C1090609778,12570.0,0.0,C382910406,1347.22,151668.5,0,0
683,TRANSFER,311999.96,C549322666,102169.0,0.0,C1608231340,13897.42,325897.38,0,0
684,PAYMENT,2291.51,C1564237658,5457.61,3166.1,M1426044509,0.0,0.0,0,0
684,CASH_OUT,111104.47,C2026099939,101533.0,0.0,C1556913223,520465.13,631569.6,0,0
684,TRANSFER,757003.25,C1785515045,0.0,0.0,C459176790,1841055.61,2598058.86,0,0
684,CASH_IN,41862.37,C869896576,35520.0,77382.37,C1950157456,36377.19,0.0,0,0
684,CASH_IN,114130.69,C1965576659,1796156.18,1910286.87,C110594835,1981745.15,1867614.47,0,0
684,CASH_IN,84088.85,C938711991,1125034.2,1209123.05,C1001611622,7933047.81,7848958.97,0,0
685,CASH_OUT,537539.97,C229919589,537539.97,0.0,C1914366882,0.0,537539.97,1,0
686,PAYMENT,18273.99,C1030083756,16813.0,0.0,M684141089,0.0,0.0,0,0
686,CASH_OUT,519835.8,C75835037,313.0,0.0,C1596132446,0.0,519835.8,0,0
686,PAYMENT,15441.78,C1099865792,323085.98,307644.2,M230913649,0.0,0.0,0,0
686,CASH_OUT,285298.28,C88727639,283250.0,0.0,C553602983,7248806.1,7534104.38,0,0
686,CASH_OUT,107732.98,C110351076,107732.98,0.0,C1517484697,459838.99,567571.96,1,0
686,CASH_OUT,177498.65,C763988096,0.0,0.0,C896217553,40935309.48,41112808.13,0,0
686,CASH_OUT,174051.77,C1347396610,48623.0,0.0,C662338901,600347.9,774399.68,0,0
687,PAYMENT,8376.85,C668122070,30919.75,22542.9,M1420996896,0.0,0.0,0,0
687,PAYMENT,508.59,C406605519,30005.0,29496.41,M848535942,0.0,0.0,0,0
687,DEBIT,6640.77,C1511623627,0.0,0.0,C1150064996,137083.65,143724.42,0,0
687,CASH_OUT,143017.14,C85770753,39991.0,0.0,C110397208,193779.39,336796.54,0,0
687,TRANSFER,373322.13,C814598274,0.0,0.0,C56090370,1518402.93,1891725.06,0,0
687,CASH_OUT,117110.26,C1230240366,14362.0,0.0,C49928804,0.0,117110.26,0,0
687,CASH_OUT,321286.38,C534149334,33171.0,0.0,C1772131864,0.0,321286.38,0,0
687,CASH_OUT,49549.04,C1825663162,0.0,0.0,C1071212272,1841809.16,1891358.2,0,0
687,PAYMENT,14675.22,C1560426991,179585.0,164909.78,M2041221561,0.0,0.0,0,0
687,CASH_OUT,148274.41,C1670513187,28163.0,0.0,C879271309,2732347.73,2880622.14,0,0
687,CASH_IN,42100.17,C1300698072,13246.0,55346.17,C139420002,999084.19,956984.02,0,0
687,CASH_OUT,122718.3,C726198866,0.0,0.0,C1444681759,290507.6,413225.89,0,0
687,PAYMENT,996.41,C1183107603,0.0,0.0,M2045158277,0.0,0.0,0,0
688,CASH_IN,354836.01,C482168499,54215.0,409051.01,C273483611,5737377.71,5382541.7,0,0
688,CASH_OUT,61625.55,C1232583509,389401.0,327775.45,C363881345,0.0,61625.55,0,0
688,CASH_OUT,98193.03,C38226800,0.0,0.0,C1174239080,15026082.43,15124275.46,0,0
688,DEBIT,3198.31,C569293913,8560.0,5361.69,C1078236457,224838.94,228037.25,0,0
688,CASH_IN,56578.0,C614792949,885154.44,941732.44,C1211688343,73800.89,17222.89,0,0
688,PAYMENT,17448.15,C1670617152,45791.0,28342.85,M553146002,0.0,0.0,0,0
688,PAYMENT,4628.64,C786091808,136747.2,132118.56,M1412923532,0.0,0.0,0,0
688,CASH_OUT,267600.88,C80611139,127093.0,0.0,C2057163443,1352123.59,1619724.46,0,0
688,CASH_OUT,102358.26,C1280299282,0.0,0.0,C1065257312,155990.78,258349.04,0,0
688,CASH_OUT,326077.32,C1356351195,0.0,0.0,C1380999121,10362887.35,10688964.66,0,0
688,PAYMENT,5803.92,C177636568,0.0,0.0,M2147240518,0.0,0.0,0,0
688,CASH_OUT,178874.78,C1714935641,0.0,0.0,C1749670804,10187750.24,10366625.01,0,0
688,CASH_IN,62577.67,C2075852669,29734.0,92311.67,C1937149033,739805.9,677228.23,0,0
688,CASH_OUT,13224.36,C1569813599,19860.0,6635.64,C202816296,0.0,13224.36,0,0
688,CASH_IN,481843.9,C1041683842,7283.0,489126.9,C1454524587,0.0,0.0,0,0
688,CASH_IN,198699.02,C104278829,1766266.11,1964965.13,C2066805357,2086959.66,1888260.65,0,0
690,CASH_OUT,20336.88,C1860717217,305680.0,285343.12,C171308650,1347299.29,1367636.17,0,0
690,TRANSFER,483358.89,C2003849085,0.0,0.0,C886543037,1350021.63,1833380.52,0,0
690,TRANSFER,644869.71,C1835879115,0.0,0.0,C1306624616,2451498.77,3096368.48,0,0
690,CASH_OUT,98018.52,C619609610,154978.34,56959.82,C1741513889,410468.7,508487.22,0,0
690,CASH_IN,86118.24,C1090158050,641806.0,727924.24,C781187179,236464.8,150346.57,0,0
690,CASH_IN,75962.61,C537167471,911578.89,987541.5,C144582392,3166149.43,3090186.82,0,0
690,PAYMENT,34093.11,C1324818260,700246.04,666152.93,M590987268,0.0,0.0,0,0
690,CASH_OUT,6656.29,C1093470758,10076.0,3419.71,C1822342038,0.0,6656.29,0,0
690,CASH_OUT,577434.24,C1281063605,16525.0,0.0,C1655270055,0.0,577434.24,0,0
690,CASH_IN,305356.34,C1643721338,51812.0,357168.34,C1468619118,1147344.96,841988.62,0,0
691,PAYMENT,3494.86,C1171125643,19840.0,16345.14,M477495393,0.0,0.0,0,0
691,CASH_OUT,138273.27,C1317464873,101147.0,0.0,C859702344,919036.73,1057310.0,0,0
691,PAYMENT,4527.9,C932446101,104061.0,99533.1,M1625529149,0.0,0.0,0,0
691,PAYMENT,30252.01,C582170845,50870.0,20617.99,M2025420922,0.0,0.0,0,0
691,CASH_OUT,131958.18,C510106880,14439.0,0.0,C783290125,4747478.18,4879436.36,0,0
691,CASH_OUT,210631.83,C264182215,2043.0,0.0,C674128899,0.0,210631.83,0,0
691,PAYMENT,14748.64,C881587119,0.0,0.0,M1044548618,0.0,0.0,0,0
692,CASH_OUT,248345.95,C268072272,11803.0,0.0,C357873594,846307.77,1094653.72,0,0
692,PAYMENT,4382.85,C1796662602,2677.0,0.0,M1828624891,0.0,0.0,0,0
692,CASH_OUT,163819.39,C855210311,452204.0,288384.61,C1439219577,2289700.75,2453520.13,0,0
692,PAYMENT,10244.83,C744725704,10108.96,0.0,M717594223,0.0,0.0,0,0
692,PAYMENT,43844.81,C1796736960,85982.69,42137.88,M1454684161,0.0,0.0,0,0
692,PAYMENT,3313.33,C1838184867,29956.0,26642.67,M1288127282,0.0,0.0,0,0
692,CASH_OUT,100035.03,C1181268571,0.0,0.0,C1316591497,3813249.53,3913284.57,0,0
692,TRANSFER,202318.7,C476761240,10074.0,0.0,C1992422026,1303102.4,1505421.1,0,0
692,CASH_OUT,208184.73,C1665969201,0.0,0.0,C1454749283,423171.95,631356.68,0,0
692,PAYMENT,2271.49,C619524001,0.0,0.0,M2107831292,0.0,0.0,0,0
692,PAYMENT,24471.92,C2128215642,0.0,0.0,M127652777,0.0,0.0,0,0
692,PAYMENT,15477.54,C371117479,0.0,0.0,M1279982755,0.0,0.0,0,0
694,CASH_OUT,21358.8,C1407773477,21358.8,0.0,C1841686755,8903356.2,8924714.99,1,0
694,CASH_OUT,8980853.88,C822799769,8980853.88,0.0,C2068912679,50532.12,9031386.0,1,0
694,PAYMENT,17928.72,C286699104,32278.61,14349.89,M1048499087,0.0,0.0,0,0
694,CASH_OUT,11712.99,C1794283767,10566.0,0.0,C110610294,2461418.26,2473131.25,0,0
695,PAYMENT,15527.89,C1054555406,16933.0,1405.11,M1555094931,0.0,0.0,0,0
695,CASH_OUT,81974.78,C122260399,12208.0,0.0,C1396080458,3361676.29,3443651.07,0,0
695,PAYMENT,10163.75,C174208577,9923.0,0.0,M1285079098,0.0,0.0,0,0
695,PAYMENT,9896.24,C867365186,0.0,0.0,M177362252,0.0,0.0,0,0
705,CASH_IN,45344.9,C1883111977,25601.0,70945.9,C366506182,156644.62,111299.72,0,0
705,CASH_IN,6980.3,C1056415302,6807839.96,6814820.26,C1453411435,123034.5,116054.19,0,0
705,CASH_OUT,359594.92,C679063242,0.0,0.0,C1098198938,558781.85,918376.77,0,0
705,CASH_IN,354813.08,C1882042879,2474353.81,2829166.89,C590052004,1264456.0,909642.92,0,0
705,PAYMENT,8605.14,C928950199,164071.84,155466.7,M1621485043,0.0,0.0,0,0
709,CASH_IN,166670.74,C1528098196,10055.0,176725.74,C1728698946,0.0,0.0,0,0
709,PAYMENT,3921.47,C1673818531,20160.0,16238.53,M2118132399,0.0,0.0,0,0
709,CASH_IN,333125.32,C1939210254,0.0,333125.32,C1398232526,516636.53,183511.21,0,0
709,PAYMENT,28235.48,C1994916431,79338.0,51102.52,M183672744,0.0,0.0,0,0
710,CASH_OUT,337213.94,C1511729022,11152.0,0.0,C1149981653,3151683.98,3488897.92,0,0
710,PAYMENT,14331.97,C592852263,10613.0,0.0,M1039431342,0.0,0.0,0,0
710,CASH_IN,25257.34,C1853985857,31935.0,57192.34,C661227270,8737870.31,8712612.96,0,0
714,PAYMENT,8337.76,C498407290,120294.0,111956.24,M2042002918,0.0,0.0,0,0
714,CASH_OUT,221167.84,C75762686,221167.84,0.0,C711384774,180443.7,401611.54,1,0
715,TRANSFER,480094.68,C249882134,79965.0,0.0,C1000022185,3068230.0,3548324.68,0,0
717,PAYMENT,3549.33,C1462033945,94295.0,90745.67,M402552352,0.0,0.0,0,0
717,PAYMENT,8969.96,C722640115,200019.0,191049.04,M429563308,0.0,0.0,0,0
718,CASH_IN,62473.2,C1444587517,554.0,63027.2,C71401441,787299.61,724826.4,0,0
718,CASH_IN,264861.23,C456133761,11200.0,276061.23,C1445829186,0.0,0.0,0,0
720,TRANSFER,40075.02,C1996558397,40075.02,0.0,C2122089181,0.0,0.0,1,0
721,CASH_OUT,71216.62,C1028741158,71216.62,0.0,C1126685739,16093.34,87309.96,1,0
735,CASH_OUT,417103.68,C1450763584,417103.68,0.0,C1377830519,34232.06,451335.75,1,0
736,CASH_OUT,3912252.81,C2015532834,3912252.81,0.0,C1094245797,0.0,3912252.81,1,0
